office,state_po,base_token,year_from,year_to,origin,publisher,document,locator,format,obtained,transcription,license,license_status,notes
house,*,medsl,2016,2024,medsl,MIT Election Data and Science Lab (MEDSL),"U.S. House precinct-level returns {year} (state files, aggregated to county by this project)","Harvard Dataverse, dataverse.harvard.edu (MIT Election Data and Science Lab). Local copy: R/data/raw_election/house_{year}.raw; dataset DOIs: https://doi.org/10.7910/DVN/PSKDUJ, https://doi.org/10.7910/DVN/IVIXLK, https://doi.org/10.7910/DVN/VLGF2M, https://doi.org/10.7910/DVN/EOKNGW, https://doi.org/10.7910/DVN/USBYR4",tab/CSV precinct files,downloaded via the Dataverse guestbook/signed-URL flow (R/data/raw_election/download_medsl.sh),"none (parsed text); project fixes: pseudo-rows removed, party fixes, special elections excluded (see data_corrections_log.csv)","CC0 1.0, verified 2026-09-23 via the Dataverse API (license field on the dataset record)",cc0_verified,Cite as MIT Election Data and Science Lab
house,AL,al,2012,2014,openelections,"OpenElections (openelections.org), volunteer-compiled from Alabama state sources","Alabama county-level general-election results, U.S. House, {year} (openelections-data-al repository)",https://github.com/openelections/openelections-data-al,"CSV (county-level, OpenElections-cleaned)",downloaded from GitHub (raw files),none (parsed CSV); some years summed from precinct files,The openelections-data-al repository has no license file (checked 2026-09-23 via the GitHub API); OpenElections states 'The data is and will remain free to anyone' (openelections.net/about); underlying counts are public records,no_license_file,Known limits are in data_corrections_log.csv where found
house,AR,ar,2008,2014,openelections,"OpenElections (openelections.org), volunteer-compiled from Arkansas state sources","Arkansas county-level general-election results, U.S. House, {year} (openelections-data-ar repository)",https://github.com/openelections/openelections-data-ar,"CSV (county-level, OpenElections-cleaned)",downloaded from GitHub (raw files),none (parsed CSV); some years summed from precinct files,The openelections-data-ar repository has no license file (checked 2026-09-23 via the GitHub API); OpenElections states 'The data is and will remain free to anyone' (openelections.net/about); underlying counts are public records,no_license_file,Known limits are in data_corrections_log.csv where found
house,AZ,az,2000,2014,openelections,"OpenElections (openelections.org), volunteer-compiled from Arizona state sources","Arizona county-level general-election results, U.S. House, {year} (openelections-data-az repository)",https://github.com/openelections/openelections-data-az,"CSV (county-level, OpenElections-cleaned)",downloaded from GitHub (raw files),none (parsed CSV); some years summed from precinct files,The openelections-data-az repository has no license file (checked 2026-09-23 via the GitHub API); OpenElections states 'The data is and will remain free to anyone' (openelections.net/about); underlying counts are public records,no_license_file,Known limits are in data_corrections_log.csv where found
house,CA,ca,2002,2014,openelections,"OpenElections (openelections.org), volunteer-compiled from California state sources","California county-level general-election results, U.S. House, {year} (openelections-data-ca repository)",https://github.com/openelections/openelections-data-ca,"CSV (county-level, OpenElections-cleaned)",downloaded from GitHub (raw files),none (parsed CSV); some years summed from precinct files,"MIT License (LICENSE file in the openelections-data-ca repository, checked 2026-09-23 via the GitHub API); underlying counts are public records",mit_repo,Known limits are in data_corrections_log.csv where found
house,CO,co,2002,2014,openelections,"OpenElections (openelections.org), volunteer-compiled from Colorado state sources","Colorado county-level general-election results, U.S. House, {year} (openelections-data-co repository)",https://github.com/openelections/openelections-data-co,"CSV (county-level, OpenElections-cleaned)",downloaded from GitHub (raw files),none (parsed CSV); some years summed from precinct files,The openelections-data-co repository has no license file (checked 2026-09-23 via the GitHub API); OpenElections states 'The data is and will remain free to anyone' (openelections.net/about); underlying counts are public records,no_license_file,Known limits are in data_corrections_log.csv where found
house,CO,co,1990,2000,state_publication,Colorado Secretary of State,"Colorado county-level general-election results, U.S. House, {year}, Historical Election Data database","https://historicalelectiondata.coloradosos.gov/ (Elstats/Civera platform, same as Virginia/Vermont, tenant co); API: POST /api/graphql_pr query SearchContests, GET /api/download_contest/<id>_table.csv","CSV (county-level, official)",downloaded via the site's own public GraphQL/CSV API (no login/bot-block),"none (parsed CSV); two candidates' party labels corrected from the source's own duplicate-party error (1990 CD1 and CD6, see data_corrections_log.csv)","State government publication; license unknown Terms check 2026-09-23: coloradosos.gov terms: some publications are the SOS's intellectual property and 'may not be reproduced, in whole or in part, without the prior written permission'; 'Use of computerized robots or data mining ... is prohibited'; information also 'becomes a public record'. The historical-election-data site itself states no terms and our pull used its public API, so applicability is unclear; consider asking the SOS in writing.",state_restrictive,"Closes the Colorado House 1990-2000 source_not_found gap (OpenElections' CO repo starts at 2002, the same year CO gained a 7th district)"
house,CT,ct,2000,2012,openelections,"OpenElections (openelections.org), volunteer-compiled from Connecticut state sources","Connecticut county-level general-election results, U.S. House, {year} (openelections-data-ct repository)",https://github.com/openelections/openelections-data-ct,"CSV (county-level, OpenElections-cleaned)",downloaded from GitHub (raw files),none (parsed CSV); some years summed from precinct files,The openelections-data-ct repository has no license file (checked 2026-09-23 via the GitHub API); OpenElections states 'The data is and will remain free to anyone' (openelections.net/about); underlying counts are public records,no_license_file,Known limits are in data_corrections_log.csv where found
house,DE,de,2000,2014,openelections,"OpenElections (openelections.org), volunteer-compiled from Delaware state sources","Delaware county-level general-election results, U.S. House, {year} (openelections-data-de repository)",https://github.com/openelections/openelections-data-de,"CSV (county-level, OpenElections-cleaned)",downloaded from GitHub (raw files),none (parsed CSV); some years summed from precinct files,The openelections-data-de repository has no license file (checked 2026-09-23 via the GitHub API); OpenElections states 'The data is and will remain free to anyone' (openelections.net/about); underlying counts are public records,no_license_file,Known limits are in data_corrections_log.csv where found
house,GA,ga,2000,2014,openelections,"OpenElections (openelections.org), volunteer-compiled from Georgia state sources","Georgia county-level general-election results, U.S. House, {year} (openelections-data-ga repository)",https://github.com/openelections/openelections-data-ga,"CSV (county-level, OpenElections-cleaned)",downloaded from GitHub (raw files),none (parsed CSV); some years summed from precinct files,The openelections-data-ga repository has no license file (checked 2026-09-23 via the GitHub API); OpenElections states 'The data is and will remain free to anyone' (openelections.net/about); underlying counts are public records,no_license_file,Known limits are in data_corrections_log.csv where found
house,IA,ia,2000,2014,openelections,"OpenElections (openelections.org), volunteer-compiled from Iowa state sources","Iowa county-level general-election results, U.S. House, {year} (openelections-data-ia repository)",https://github.com/openelections/openelections-data-ia,"CSV (county-level, OpenElections-cleaned)",downloaded from GitHub (raw files),none (parsed CSV); some years summed from precinct files,The openelections-data-ia repository has no license file (checked 2026-09-23 via the GitHub API); OpenElections states 'The data is and will remain free to anyone' (openelections.net/about); underlying counts are public records,no_license_file,Known limits are in data_corrections_log.csv where found
house,ID,id,1994,2014,openelections,"OpenElections (openelections.org), volunteer-compiled from Idaho state sources","Idaho county-level general-election results, U.S. House, {year} (openelections-data-id repository)",https://github.com/openelections/openelections-data-id,"CSV (county-level, OpenElections-cleaned)",downloaded from GitHub (raw files),none (parsed CSV); some years summed from precinct files,The openelections-data-id repository has no license file (checked 2026-09-23 via the GitHub API); OpenElections states 'The data is and will remain free to anyone' (openelections.net/about); underlying counts are public records,no_license_file,Known limits are in data_corrections_log.csv where found
house,IL,il,2008,2014,openelections,"OpenElections (openelections.org), volunteer-compiled from Illinois state sources","Illinois county-level general-election results, U.S. House, {year} (openelections-data-il repository)",https://github.com/openelections/openelections-data-il,"CSV (county-level, OpenElections-cleaned)",downloaded from GitHub (raw files),none (parsed CSV); some years summed from precinct files,The openelections-data-il repository has no license file (checked 2026-09-23 via the GitHub API); OpenElections states 'The data is and will remain free to anyone' (openelections.net/about); underlying counts are public records,no_license_file,Known limits are in data_corrections_log.csv where found
house,IN,in,2004,2014,openelections,"OpenElections (openelections.org), volunteer-compiled from Indiana state sources","Indiana county-level general-election results, U.S. House, {year} (openelections-data-in repository)",https://github.com/openelections/openelections-data-in,"CSV (county-level, OpenElections-cleaned)",downloaded from GitHub (raw files),none (parsed CSV); some years summed from precinct files,"MIT License (LICENSE file in the openelections-data-in repository, checked 2026-09-23 via the GitHub API); underlying counts are public records",mit_repo,"Known limits are in data_corrections_log.csv where found; 2004-2008 rows have the same flaws as the 2002/2010 rows that were replaced (26 zero-vote counties, split counties partly missing)"
house,KS,ks,2012,2014,openelections,"OpenElections (openelections.org), volunteer-compiled from Kansas state sources","Kansas county-level general-election results, U.S. House, {year} (openelections-data-ks repository)",https://github.com/openelections/openelections-data-ks,"CSV (county-level, OpenElections-cleaned)",downloaded from GitHub (raw files),none (parsed CSV); some years summed from precinct files,The openelections-data-ks repository has no license file (checked 2026-09-23 via the GitHub API); OpenElections states 'The data is and will remain free to anyone' (openelections.net/about); underlying counts are public records,no_license_file,Known limits are in data_corrections_log.csv where found
house,MA,ma,2000,2014,openelections,"OpenElections (openelections.org), volunteer-compiled from Massachusetts state sources","Massachusetts county-level general-election results, U.S. House, {year} (openelections-data-ma repository)",https://github.com/openelections/openelections-data-ma,"CSV (county-level, OpenElections-cleaned)",downloaded from GitHub (raw files),none (parsed CSV); some years summed from precinct files,The openelections-data-ma repository has no license file (checked 2026-09-23 via the GitHub API); OpenElections states 'The data is and will remain free to anyone' (openelections.net/about); underlying counts are public records,no_license_file,Known limits are in data_corrections_log.csv where found
house,ME,me,2012,2012,openelections,"OpenElections (openelections.org), volunteer-compiled from Maine state sources","Maine county-level general-election results, U.S. House, {year} (openelections-data-me repository)",https://github.com/openelections/openelections-data-me,"CSV (county-level, OpenElections-cleaned)",downloaded from GitHub (raw files),none (parsed CSV); some years summed from precinct files,The openelections-data-me repository has no license file (checked 2026-09-23 via the GitHub API); OpenElections states 'The data is and will remain free to anyone' (openelections.net/about); underlying counts are public records,no_license_file,Known limits are in data_corrections_log.csv where found
house,MI,mi,2008,2014,openelections,"OpenElections (openelections.org), volunteer-compiled from Michigan state sources","Michigan county-level general-election results, U.S. House, {year} (openelections-data-mi repository)",https://github.com/openelections/openelections-data-mi,"CSV (county-level, OpenElections-cleaned)",downloaded from GitHub (raw files),none (parsed CSV); some years summed from precinct files,The openelections-data-mi repository has no license file (checked 2026-09-23 via the GitHub API); OpenElections states 'The data is and will remain free to anyone' (openelections.net/about); underlying counts are public records,no_license_file,Known limits are in data_corrections_log.csv where found
house,MN,mn,2012,2014,openelections,"OpenElections (openelections.org), volunteer-compiled from Minnesota state sources","Minnesota county-level general-election results, U.S. House, {year} (openelections-data-mn repository)",https://github.com/openelections/openelections-data-mn,"CSV (county-level, OpenElections-cleaned)",downloaded from GitHub (raw files),none (parsed CSV); some years summed from precinct files,The openelections-data-mn repository has no license file (checked 2026-09-23 via the GitHub API); OpenElections states 'The data is and will remain free to anyone' (openelections.net/about); underlying counts are public records,no_license_file,Known limits are in data_corrections_log.csv where found
house,MO,mo,2000,2014,openelections,"OpenElections (openelections.org), volunteer-compiled from Missouri state sources","Missouri county-level general-election results, U.S. House, {year} (openelections-data-mo repository)",https://github.com/openelections/openelections-data-mo,"CSV (county-level, OpenElections-cleaned)",downloaded from GitHub (raw files),none (parsed CSV); some years summed from precinct files,The openelections-data-mo repository has no license file (checked 2026-09-23 via the GitHub API); OpenElections states 'The data is and will remain free to anyone' (openelections.net/about); underlying counts are public records,no_license_file,Known limits are in data_corrections_log.csv where found
house,MS,ms,2006,2014,openelections,"OpenElections (openelections.org), volunteer-compiled from Mississippi state sources","Mississippi county-level general-election results, U.S. House, {year} (openelections-data-ms repository)",https://github.com/openelections/openelections-data-ms,"CSV (county-level, OpenElections-cleaned)",downloaded from GitHub (raw files),none (parsed CSV); some years summed from precinct files,The openelections-data-ms repository has no license file (checked 2026-09-23 via the GitHub API); OpenElections states 'The data is and will remain free to anyone' (openelections.net/about); underlying counts are public records,no_license_file,Known limits are in data_corrections_log.csv where found
house,MT,mt,2000,2014,openelections,"OpenElections (openelections.org), volunteer-compiled from Montana state sources","Montana county-level general-election results, U.S. House, {year} (openelections-data-mt repository)",https://github.com/openelections/openelections-data-mt,"CSV (county-level, OpenElections-cleaned)",downloaded from GitHub (raw files),none (parsed CSV); some years summed from precinct files,The openelections-data-mt repository has no license file (checked 2026-09-23 via the GitHub API); OpenElections states 'The data is and will remain free to anyone' (openelections.net/about); underlying counts are public records,no_license_file,Known limits are in data_corrections_log.csv where found
house,ND,nd,2000,2014,openelections,"OpenElections (openelections.org), volunteer-compiled from North Dakota state sources","North Dakota county-level general-election results, U.S. House, {year} (openelections-data-nd repository)",https://github.com/openelections/openelections-data-nd,"CSV (county-level, OpenElections-cleaned)",downloaded from GitHub (raw files),none (parsed CSV); some years summed from precinct files,The openelections-data-nd repository has no license file (checked 2026-09-23 via the GitHub API); OpenElections states 'The data is and will remain free to anyone' (openelections.net/about); underlying counts are public records,no_license_file,Known limits are in data_corrections_log.csv where found
house,ND,ndsos,1990,1998,sos_report,North Dakota Secretary of State (Election Results archive),"Official Abstract of Votes Cast at the General Election, November 6 1990 / November 3 1992 / November 8 1994 / November 5 1996 / November 3 1998 (scanned two-page county abstracts; Representative in Congress by county)","https://www.sos.nd.gov/elections/election-results -> election-results-pdfs/<date>-general.pdf (1990-11-06, 1992-11-03, 1994-11-08, 1996-11-05, 1998-11-03); local copies R/data/county_house_files/north_dakota/ND_<year>_general.pdf",PDF (scans with an embedded OCR text layer),downloaded by curl,"columns read from the OCR text layer by word position (01gh_northdakota_1990_1998_parse.py); all 53 county cells of every candidate add up to the printed statewide total (equal to the FEC total in 1990, 1992, 1996, 1998); 1994 page image checked by eye",No reuse terms stated; the sos.nd.gov disclaimer page is an accuracy/liability disclaimer only. Official public record. Terms check 2026-09-24.,not_stated,"1990 has only the Democratic-NPL and Republican candidates by county (6 statewide write-ins are not given by county); in 1994 three counties (Griggs, LaMoure, McHenry) have more House votes than the printed Total Ballots Cast, as printed"
house,NE,ne,2008,2014,openelections,"OpenElections (openelections.org), volunteer-compiled from Nebraska state sources","Nebraska county-level general-election results, U.S. House, {year} (openelections-data-ne repository)",https://github.com/openelections/openelections-data-ne,"CSV (county-level, OpenElections-cleaned)",downloaded from GitHub (raw files),none (parsed CSV); some years summed from precinct files,The openelections-data-ne repository has no license file (checked 2026-09-23 via the GitHub API); OpenElections states 'The data is and will remain free to anyone' (openelections.net/about); underlying counts are public records,no_license_file,Known limits are in data_corrections_log.csv where found
house,NH,nh,2012,2014,openelections,"OpenElections (openelections.org), volunteer-compiled from New Hampshire state sources","New Hampshire county-level general-election results, U.S. House, {year} (openelections-data-nh repository)",https://github.com/openelections/openelections-data-nh,"CSV (county-level, OpenElections-cleaned)",downloaded from GitHub (raw files),none (parsed CSV); some years summed from precinct files,The openelections-data-nh repository has no license file (checked 2026-09-23 via the GitHub API); OpenElections states 'The data is and will remain free to anyone' (openelections.net/about); underlying counts are public records,no_license_file,Known limits are in data_corrections_log.csv where found
house,NJ,nj,2012,2014,openelections,"OpenElections (openelections.org), volunteer-compiled from New Jersey state sources","New Jersey county-level general-election results, U.S. House, {year} (openelections-data-nj repository)",https://github.com/openelections/openelections-data-nj,"CSV (county-level, OpenElections-cleaned)",downloaded from GitHub (raw files),none (parsed CSV); some years summed from precinct files,The openelections-data-nj repository has no license file (checked 2026-09-23 via the GitHub API); OpenElections states 'The data is and will remain free to anyone' (openelections.net/about); underlying counts are public records,no_license_file,Known limits are in data_corrections_log.csv where found
house,NM,nm,2000,2014,openelections,"OpenElections (openelections.org), volunteer-compiled from New Mexico state sources","New Mexico county-level general-election results, U.S. House, {year} (openelections-data-nm repository)",https://github.com/openelections/openelections-data-nm,"CSV (county-level, OpenElections-cleaned)",downloaded from GitHub (raw files),none (parsed CSV); some years summed from precinct files,The openelections-data-nm repository has no license file (checked 2026-09-23 via the GitHub API); OpenElections states 'The data is and will remain free to anyone' (openelections.net/about); underlying counts are public records,no_license_file,Known limits are in data_corrections_log.csv where found
house,NM,nm,2004,2006,state_publication,New Mexico Secretary of State,"New Mexico county-level general-election results, U.S. House, {year}, Statewide Canvass of Returns (born-digital PDF)","local copies: R/data/county_house_files/NM_StatewideGen04.pdf, NM_StatewideGen06.pdf","PDF (born-digital text layer, wide county-column table)",user-supplied downloads of the state's own statewide canvass PDFs,regex-parsed (01eh_new_mexico_statewide_pdf_parse.py); every row's county-sum verified exactly against the source's own printed TOTAL FOR EACH CANDIDATE column,State government publication; license unknown Terms check 2026-09-23: sos.nm.gov disclaimer is an accuracy notice; footer 'Copyright New Mexico Secretary of State'; no reuse terms.,not_stated,"Closes NM House 2004 and 2006, both previously source_not_found despite America Votes district-level data existing; narrower year range than the OpenElections nm row (2000-2014) on purpose -- OpenElections has no NM county data for these 2 years, narrowest-span-wins resolves the collision the same way as Indiana's 2010 official-report override"
house,NM,nm_sos,1998,2002,state_publication,New Mexico Secretary of State,"New Mexico county-level general-election results, U.S. House, {year}, SOS Election Results Archive (per-county pages)","https://www.sos.nm.gov/sos-archive/election-results-archive/{year}-election-results/ ; underlying files served via a RealFile widget API (klvg4oyd4j.execute-api.us-west-2.amazonaws.com/prod/GetWidgetFiles, api.realfile.rtsclients.com/PublicFiles/...), not linked directly from the archive page's own HTML","HTML (one page per county, FrontPage-era)",downloaded via the RealFile widget's public JSON API (no login/bot-block),regex-parsed (01ef_new_mexico_sos_archive_parse.py); spot-checked against each row's own printed vote-percent column,State government publication; license unknown Terms check 2026-09-23: sos.nm.gov disclaimer is an accuracy notice; footer 'Copyright New Mexico Secretary of State'; no reuse terms.,not_stated,"Closes the NM House 1998 source_not_found gap and replaces 2002's OpenElections build (which was missing Cibola County entirely) -- verified: 32 overlapping counties match OpenElections exactly, Cibola is the only county added"
house,NM,nm_canvass,1990,1996,state_publication,New Mexico Secretary of State,"New Mexico county-level general-election results, U.S. House, {year}, Canvass of Returns of General Election (scanned, single wide-table page covering every office)","local copies: R/data/county_house_files/NM_CanvassGeneral1990.pdf, NM_CanvassGeneral1992.pdf, NM_CanvassGeneral1994.pdf, ""NM_1996 General Summary.pdf""","PDF (scanned, printed/typed not handwritten)",user-supplied downloads of the state's own canvass PDFs,"hand-transcribed; every district's county column verified against the source's own printed TOTAL FOR EACH CANDIDATE column. 1994 (31/33: Harding+Hidalgo) and 1996 (32/33: Harding) are missing those counties entirely from the source page itself, not a transcription gap; 1992 is full 33/33 but has one small documented residual (Bemis, District 3, 0.09% short) -- see data_corrections_log.csv; 1992's District 3 county labels were corrected 2026-09-23 after cross-checking NM-3's actual 1990s county membership",State government publication; license unknown Terms check 2026-09-23: sos.nm.gov disclaimer is an accuracy notice; footer 'Copyright New Mexico Secretary of State'; no reuse terms.,not_stated,"Closes NM House 1990/1992/1994/1996, all previously source_not_found -- New Mexico House is now complete, zero gaps, 1990-2024"
house,NV,nv,2000,2014,openelections,"OpenElections (openelections.org), volunteer-compiled from Nevada state sources","Nevada county-level general-election results, U.S. House, {year} (openelections-data-nv repository)",https://github.com/openelections/openelections-data-nv,"CSV (county-level, OpenElections-cleaned)",downloaded from GitHub (raw files),none (parsed CSV); some years summed from precinct files,"MIT License (LICENSE file in the openelections-data-nv repository, checked 2026-09-23 via the GitHub API); underlying counts are public records",mit_repo,Known limits are in data_corrections_log.csv where found
house,NY,ny,2000,2014,openelections,"OpenElections (openelections.org), volunteer-compiled from New York state sources","New York county-level general-election results, U.S. House, {year} (openelections-data-ny repository)",https://github.com/openelections/openelections-data-ny,"CSV (county-level, OpenElections-cleaned)",downloaded from GitHub (raw files),none (parsed CSV); some years summed from precinct files,The openelections-data-ny repository has no license file (checked 2026-09-23 via the GitHub API); OpenElections states 'The data is and will remain free to anyone' (openelections.net/about); underlying counts are public records,no_license_file,Known limits are in data_corrections_log.csv where found
house,OH,oh,2000,2014,openelections,"OpenElections (openelections.org), volunteer-compiled from Ohio state sources","Ohio county-level general-election results, U.S. House, {year} (openelections-data-oh repository)",https://github.com/openelections/openelections-data-oh,"CSV (county-level, OpenElections-cleaned)",downloaded from GitHub (raw files),none (parsed CSV); some years summed from precinct files,The openelections-data-oh repository has no license file (checked 2026-09-23 via the GitHub API); OpenElections states 'The data is and will remain free to anyone' (openelections.net/about); underlying counts are public records,no_license_file,Known limits are in data_corrections_log.csv where found
house,OK,ok,2004,2014,openelections,"OpenElections (openelections.org), volunteer-compiled from Oklahoma state sources","Oklahoma county-level general-election results, U.S. House, {year} (openelections-data-ok repository)",https://github.com/openelections/openelections-data-ok,"CSV (county-level, OpenElections-cleaned)",downloaded from GitHub (raw files),none (parsed CSV); some years summed from precinct files,The openelections-data-ok repository has no license file (checked 2026-09-23 via the GitHub API); OpenElections states 'The data is and will remain free to anyone' (openelections.net/about); underlying counts are public records,no_license_file,Known limits are in data_corrections_log.csv where found
house,OR,or,2000,2014,openelections,"OpenElections (openelections.org), volunteer-compiled from Oregon state sources","Oregon county-level general-election results, U.S. House, {year} (openelections-data-or repository)",https://github.com/openelections/openelections-data-or,"CSV (county-level, OpenElections-cleaned)",downloaded from GitHub (raw files),none (parsed CSV); some years summed from precinct files,"MIT License (LICENSE file in the openelections-data-or repository, checked 2026-09-23 via the GitHub API); underlying counts are public records",mit_repo,Known limits are in data_corrections_log.csv where found
house,PA,pa,2000,2014,openelections,"OpenElections (openelections.org), volunteer-compiled from Pennsylvania state sources","Pennsylvania county-level general-election results, U.S. House, {year} (openelections-data-pa repository)",https://github.com/openelections/openelections-data-pa,"CSV (county-level, OpenElections-cleaned)",downloaded from GitHub (raw files),none (parsed CSV); some years summed from precinct files,The openelections-data-pa repository has no license file (checked 2026-09-23 via the GitHub API); OpenElections states 'The data is and will remain free to anyone' (openelections.net/about); underlying counts are public records,no_license_file,Known limits are in data_corrections_log.csv where found
house,RI,ri,2008,2014,openelections,"OpenElections (openelections.org), volunteer-compiled from Rhode Island state sources","Rhode Island county-level general-election results, U.S. House, {year} (openelections-data-ri repository)",https://github.com/openelections/openelections-data-ri,"CSV (county-level, OpenElections-cleaned)",downloaded from GitHub (raw files),none (parsed CSV); some years summed from precinct files,The openelections-data-ri repository has no license file (checked 2026-09-23 via the GitHub API); OpenElections states 'The data is and will remain free to anyone' (openelections.net/about); underlying counts are public records,no_license_file,Known limits are in data_corrections_log.csv where found
house,SC,sc,2012,2014,openelections,"OpenElections (openelections.org), volunteer-compiled from South Carolina state sources","South Carolina county-level general-election results, U.S. House, {year} (openelections-data-sc repository)",https://github.com/openelections/openelections-data-sc,"CSV (county-level, OpenElections-cleaned)",downloaded from GitHub (raw files),none (parsed CSV); some years summed from precinct files,The openelections-data-sc repository has no license file (checked 2026-09-23 via the GitHub API); OpenElections states 'The data is and will remain free to anyone' (openelections.net/about); underlying counts are public records,no_license_file,Known limits are in data_corrections_log.csv where found
house,SD,sd,2014,2014,openelections,"OpenElections (openelections.org), volunteer-compiled from South Dakota state sources","South Dakota county-level general-election results, U.S. House, {year} (openelections-data-sd repository)",https://github.com/openelections/openelections-data-sd,"CSV (county-level, OpenElections-cleaned)",downloaded from GitHub (raw files),none (parsed CSV); some years summed from precinct files,The openelections-data-sd repository has no license file (checked 2026-09-23 via the GitHub API); OpenElections states 'The data is and will remain free to anyone' (openelections.net/about); underlying counts are public records,no_license_file,Known limits are in data_corrections_log.csv where found
house,TN,tn,2000,2014,openelections,"OpenElections (openelections.org), volunteer-compiled from Tennessee state sources","Tennessee county-level general-election results, U.S. House, {year} (openelections-data-tn repository)",https://github.com/openelections/openelections-data-tn,"CSV (county-level, OpenElections-cleaned)",downloaded from GitHub (raw files),none (parsed CSV); some years summed from precinct files,The openelections-data-tn repository has no license file (checked 2026-09-23 via the GitHub API); OpenElections states 'The data is and will remain free to anyone' (openelections.net/about); underlying counts are public records,no_license_file,Known limits are in data_corrections_log.csv where found
house,VT,vt,2012,2014,openelections,"OpenElections (openelections.org), volunteer-compiled from Vermont state sources","Vermont county-level general-election results, U.S. House, {year} (openelections-data-vt repository)",https://github.com/openelections/openelections-data-vt,"CSV (county-level, OpenElections-cleaned)",downloaded from GitHub (raw files),none (parsed CSV); some years summed from precinct files,The openelections-data-vt repository has no license file (checked 2026-09-23 via the GitHub API); OpenElections states 'The data is and will remain free to anyone' (openelections.net/about); underlying counts are public records,no_license_file,Known limits are in data_corrections_log.csv where found
house,WA,wa,2000,2014,openelections,"OpenElections (openelections.org), volunteer-compiled from Washington state sources","Washington county-level general-election results, U.S. House, {year} (openelections-data-wa repository)",https://github.com/openelections/openelections-data-wa,"CSV (county-level, OpenElections-cleaned)",downloaded from GitHub (raw files),none (parsed CSV); some years summed from precinct files,The openelections-data-wa repository has no license file (checked 2026-09-23 via the GitHub API); OpenElections states 'The data is and will remain free to anyone' (openelections.net/about); underlying counts are public records,no_license_file,Known limits are in data_corrections_log.csv where found
house,WA,wasos,2008,2010,sos_file,Washington Secretary of State (Elections: 2008 General Election data download),"{year} General Election data downloads: 2008 - 2008GenCumResultsallCounties.xls (county x congressional district x candidate) and 2008GenAllContestsFinal.xls (district totals, party labels); 2010 - county precinct files (one per county, five layouts)",https://www.sos.wa.gov/sites/default/files/2022-05/2008-general-data.zip and .../2010-general-data.zip (linked from https://www.sos.wa.gov/elections/data-research/election-data-and-maps/election-results-and-voters-pamphlets); local copies R/data/raw_house_county_open_states/washington_archive/,XLS workbooks in a ZIP,downloaded from the SOS site (curl),"parsed workbook/CSV/TXT rows summed to county x district x candidate; 2008 county sums equal the printed district totals; 2010 district totals equal the FEC official results in all 9 districts (01eu_house_county_washington_sos.R, 01ew_washington_2010_sos_precinct.R)","sos.wa.gov privacy policy page: 'This is a public domain web site. Most of the information on this site is not copyrighted. You may use, share or copy such information appearing on this site' and asks that credit be given to the Office of the Secretary of State. Terms check 2026-09-23.",state_permissive,Top-two general elections: two candidates per district (plus the CD7 independent in 2010); 2010 party labels from a fixed table (SOS files carry none); write-ins excluded; Pierce precinct cells suppressed for privacy are covered by using the printed Contest Total
house,WI,wi,2000,2014,openelections,"OpenElections (openelections.org), volunteer-compiled from Wisconsin state sources","Wisconsin county-level general-election results, U.S. House, {year} (openelections-data-wi repository)",https://github.com/openelections/openelections-data-wi,"CSV (county-level, OpenElections-cleaned)",downloaded from GitHub (raw files),none (parsed CSV); some years summed from precinct files,The openelections-data-wi repository has no license file (checked 2026-09-23 via the GitHub API); OpenElections states 'The data is and will remain free to anyone' (openelections.net/about); underlying counts are public records,no_license_file,Known limits are in data_corrections_log.csv where found
house,WV,wv,2000,2014,openelections,"OpenElections (openelections.org), volunteer-compiled from West Virginia state sources","West Virginia county-level general-election results, U.S. House, {year} (openelections-data-wv repository)",https://github.com/openelections/openelections-data-wv,"CSV (county-level, OpenElections-cleaned)",downloaded from GitHub (raw files),none (parsed CSV); some years summed from precinct files,The openelections-data-wv repository has no license file (checked 2026-09-23 via the GitHub API); OpenElections states 'The data is and will remain free to anyone' (openelections.net/about); underlying counts are public records,no_license_file,Known limits are in data_corrections_log.csv where found
house,WV,wv_bluebook,2012,2012,state_publication,West Virginia Senate Clerk's Office,"West Virginia Blue Book, Section 8 (Political), U.S. House of Representatives, General Election {year} returns",local copy: R/data/county_house_files/0767_WVS_BlueBook.pdf,PDF (born-digital text layer),user-supplied download of the West Virginia Blue Book volume covering the 2012 general election,hand-transcribed from pdftotext -layout output; verified against the book's own printed district TOTALS rows and against the (corrected) OpenElections build for overlap counties,State government publication; license unknown Terms check 2026-09-23: wvlegislature.gov terms are a warranty/accuracy disclaimer with a copyright footer; the Blue Book's own copyright page was not checked.,not_stated,Closes a 25/55-county OpenElections coverage gap for WV House 2012 (30 counties added); see data_corrections_log.csv
house,WV,wv_bluebook,1990,2010,state_publication,West Virginia Senate Clerk's Office,"West Virginia Blue Book (odd-year volume covering the prior even year), Section 8 (Political), U.S. House of Representatives, General Election {year} returns",local copy: R/data/county_house_files/WVS_Bluebook_{plus1}.pdf (e.g. the 1990 general is in the 1991-dated volume; 2010's is in the 2011-dated volume),"PDF (scanned, ClearScan OCR text layer)",user-supplied downloads of the WV Blue Book volumes covering each general election year,hand-transcribed from pdftotext -layout output; every district's county column verified against the book's own printed TOTAL row; one OCR-garbled digit (2010 Braxton) and one OCR-garbled county name (1996 CD3's last county) resolved via the total-row check,State government publication; license unknown Terms check 2026-09-23: wvlegislature.gov terms are a warranty/accuracy disclaimer with a copyright footer; the Blue Book's own copyright page was not checked.,not_stated,"Closes the WV House 1990/1992/1994/1996/1998 source_not_found gap (OpenElections' WV repo starts at 2000) and extends 2008 from 48->55 and 2010 from 31->55 counties (OpenElections' 2008/2010 precinct files are themselves incomplete for many counties, larger than the TOTALS-row bug fixed in 01az -- see data_corrections_log.csv). WV House is now complete, zero gaps, 1990-2024."
house,WY,wy,2000,2014,openelections,"OpenElections (openelections.org), volunteer-compiled from Wyoming state sources","Wyoming county-level general-election results, U.S. House, {year} (openelections-data-wy repository)",https://github.com/openelections/openelections-data-wy,"CSV (county-level, OpenElections-cleaned)",downloaded from GitHub (raw files),none (parsed CSV); some years summed from precinct files,The openelections-data-wy repository has no license file (checked 2026-09-23 via the GitHub API); OpenElections states 'The data is and will remain free to anyone' (openelections.net/about); underlying counts are public records,no_license_file,Known limits are in data_corrections_log.csv where found
house,AR,ar,1990,1990,sos_report,"Arkansas Secretary of State, Elections Division","1990 Arkansas general election results (county tables, U.S. Representative pp.50,52,54,56 of the PDF)",local file R/data/county_house_files/AR_1990_Election_results.pdf; original URL not recorded,"PDF, scanned image",user-supplied PDF,hand-read from page images; every district tie to printed totals (02r_house_ar_1990_2006.R),No license or terms stated on the pages/files used; official public record published by the state agency. Reuse terms not confirmed. Terms check 2026-09-23: sos.arkansas.gov footer 'All Rights Reserved'; the portal.arkansas.gov acceptable-use policy only bars framing/implying endorsement; no data-reuse terms.,not_stated,
house,AR,ar,1992,1998,sos_file,"Arkansas Secretary of State, Elections Division",{year} general election county results (state spreadsheets: statewide GRAND TOTALS/Summary sheet plus one sheet per county),"local files R/data/county_house_files/AR_92generalelectionresults.xls, AR_94general_election_results.xls, AR_96_results.xls, AR_Gen98Ver5.zip; original URL not recorded",XLS / ZIP of sheets,user-supplied files,parsed from the statewide sheets; county sheets used as cross-check (02r_house_ar_1992_1998.R),No license or terms stated on the pages/files used; official public record published by the state agency. Reuse terms not confirmed. Terms check 2026-09-23: sos.arkansas.gov footer 'All Rights Reserved'; the portal.arkansas.gov acceptable-use policy only bars framing/implying endorsement; no data-reuse terms.,not_stated,1998 district 1 (unopposed) has no county tallies
house,AR,ar,2000,2000,sos_file,"Arkansas Secretary of State, Elections Division",2000 general election results (text file general2000c.txt),local file R/data/county_house_files/AR_general2000c.zip; original URL not recorded,text,user-supplied file,parsed text (02r_house_ar_2000.R),No license or terms stated on the pages/files used; official public record published by the state agency. Reuse terms not confirmed. Terms check 2026-09-23: sos.arkansas.gov footer 'All Rights Reserved'; the portal.arkansas.gov acceptable-use policy only bars framing/implying endorsement; no data-reuse terms.,not_stated,district 3 unopposed: no county tallies
house,AR,ar,2002,2002,sos_report,"Arkansas Secretary of State, Elections Division","Certification Report, 2002 General (Nov 5 2002)","local file R/data/county_house_files/AR_2002_General.pdf (1,400 pages, text layer); original URL not recorded","PDF, text layer",user-supplied PDF,parsed with pdftotext (02r_house_ar_2002.R); replaces the partial OpenElections rows,No license or terms stated on the pages/files used; official public record published by the state agency. Reuse terms not confirmed. Terms check 2026-09-23: sos.arkansas.gov footer 'All Rights Reserved'; the portal.arkansas.gov acceptable-use policy only bars framing/implying endorsement; no data-reuse terms.,not_stated,
house,AR,ar,2006,2006,sos_report,"Arkansas Secretary of State, Elections Division","2006 Preferential Primary and General Election results (U.S. Congress candidates, pp.47-49)",local file R/data/county_house_files/AR_2006_PP__GE_Election_Results.pdf; original URL not recorded,"PDF, scanned image",user-supplied PDF,hand-read from page images; every district ties to printed totals (02r_house_ar_1990_2006.R),No license or terms stated on the pages/files used; official public record published by the state agency. Reuse terms not confirmed. Terms check 2026-09-23: sos.arkansas.gov footer 'All Rights Reserved'; the portal.arkansas.gov acceptable-use policy only bars framing/implying endorsement; no data-reuse terms.,not_stated,
house,AZ,az,1990,1998,sos_report,Arizona Secretary of State,"Official Canvass, general election {year}",https://azsos.gov/sites/default/files/canvass{year}ge.pdf (Wayback Machine copies; 1998: apps.azsos.gov/election/1998/General/Canvass1998GE.pdf),PDF (1990-1996 image-only scans; 1998 text layer),downloaded (Wayback Machine),"1990-1996 hand-transcribed from page images; 1998 parsed text (01bv, 01br, 01bs, 01bt, 01bu)","No license or terms stated on the pages/files used; official public record published by the state agency. Reuse terms not confirmed. Terms check 2026-09-23: azsos.gov terms pages returned HTTP 403 (Cloudflare); not read. Search summaries suggest A.R.S. 39-121.03 governs commercial reuse of public records (stated purpose, fee); not verified.",terms_unreachable,AZ 1994-1996 names are placeholders/surnames in places (quality_flag)
house,AL,al_historical,1990,2012,sos_file,Alabama Secretary of State (Election Results Archive; file compiled by Auburn University),"Election Results Archive - U.S. House of Representatives, 1980-2012 (workbook eaushouse1980-2012_0.xls)",https://www.sos.alabama.gov/sites/default/files/election-data/2017-06/eaushouse1980-2012_0.xls (linked from https://www.sos.alabama.gov/alabama-votes/voter/election-data); local copy R/data/county_house_files/eaushouse1980-2012_0.xls,XLS workbook,user-supplied file (later confirmed as hosted on the SOS site),parsed (01ar_house_county_alabama_historical.R),No license or terms stated on the SOS page or file; official public record published by the state agency. Reuse terms not confirmed. Terms check 2026-09-23: sos.alabama.gov election-data page states no terms.,not_stated,Hosted by the SOS; compiled by Auburn University per the earlier attribution
house,CA,ca,1990,1996,sos_report,California Secretary of State,"Statement of Vote, general election {year}",local files R/data/county_house_files/CA{year}-sov-complete.pdf; original URL not recorded,"PDF (scans, partly OCR)",user-supplied PDFs,"hand-transcribed from page images and tied to printed district totals (01be, 01bf, 01bg, 01bh, corrected 2026-09-20)","No license or terms stated on the pages/files used; official public record published by the state agency. Reuse terms not confirmed. Terms check 2026-09-23: ca.gov conditions of use: 'information presented on this website, unless otherwise indicated, is considered in the public domain. It may be distributed or copied as permitted by law.' Not confirmed that sos.ca.gov adopts these terms (its footer says 'Copyright California Secretary of State').",state_permissive,
house,CA,ca_historical,1998,2000,sos_report,California Secretary of State,"Statement of Vote, general election {year}",local files R/data/county_house_files/CA{year}-sov-complete.pdf; original URL not recorded,PDF (text layer),user-supplied PDFs,parsed district blocks with exact party codes (02c_california_1998_2000_rebuild.R),"No license or terms stated on the pages/files used; official public record published by the state agency. Reuse terms not confirmed. Terms check 2026-09-23: ca.gov conditions of use: 'information presented on this website, unless otherwise indicated, is considered in the public domain. It may be distributed or copied as permitted by law.' Not confirmed that sos.ca.gov adopts these terms (its footer says 'Copyright California Secretary of State').",state_permissive,
house,FL,fl,1992,2016,sos_web,"Florida Department of State, Division of Elections","Election results archive, U.S. Representative by county",https://results.elections.myflorida.com/,HTML pages,downloaded (scripted),parsed HTML (01e_house_county_florida.R),"No license or terms stated on the pages/files used; official public record published by the state agency. Reuse terms not confirmed. Terms check 2026-09-23: dos.fl.gov/copyright says no material may be copied, reproduced, republished or distributed (personal non-commercial download only); the results subdomain shows only 'Copyright 2000 State of Florida', so applicability to the results data is unclear. Ch. 119 gives a right to inspect and copy, not a license.",state_restrictive,Only counties wholly in one district were reliable in the first pass; see build script
house,GA,ga,2012,2012,sos_file,Georgia Secretary of State,"2012 general election results, U.S. House by county",sos.ga.gov results site (browser download by the user; scripted access blocked),file download,user-supplied download,parsed (01d_house_county_open_states.R),No license or terms stated on the pages/files used; official public record published by the state agency. Reuse terms not confirmed. Terms check 2026-09-23: sos.ga.gov terms page returned HTTP 403; not read. The georgia.gov portal IP policy says copyrighted material must not be redistributed without owner permission but was not confirmed to cover sos.ga.gov.,terms_unreachable,
house,KS,ks,1990,2010,sos_report,Kansas Secretary of State,"{year} general election statistics book, U.S. House of Representatives section",local files R/data/county_house_files/KS_{year}.pdf; original URL not recorded,"PDF, scanned with OCR text layer",user-supplied PDFs,OCR text tied to printed district totals; errors fixed from page images (02k_house_ks_*.R; ks_ocr_corrections_*.csv),"No license or terms stated on the pages/files used; official public record published by the state agency. Reuse terms not confirmed. Terms check 2026-09-23: sos.ks.gov shows only a copyright footer. The kansas.gov portal terms (run by the Information Network of Kansas) limit use to personal use and bar republication, but were not confirmed to govern SOS election PDFs.",not_stated,2008 district 1 Moran county rows are 271 votes short of the printed total; 1992 district 1 has no printed district total (see corrections log)
house,KY,ky,1990,2008,sos_file,Kentucky State Board of Elections,"General election results by county, U.S. House (text files per year)",https://elect.ky.gov/results/ (year pages),text files,downloaded (scripted),"parsed text (01f, 01g)",No license or terms stated on the pages/files used; official public record published by the state agency. Reuse terms not confirmed. Terms check 2026-09-23: kentucky.gov policies carry a bare 'All rights reserved' footer and a verification disclaimer; no reuse terms.,not_stated,
house,KY,ky,2010,2016,sos_report,Kentucky State Board of Elections,{year} general election results PDF (U.S. House by county),https://elect.ky.gov/results/ (year pages),PDF (2010 scanned/OCR; 2012-2016 text layer),downloaded / user-supplied,"2010 OCR read from images; 2012-2016 parsed text (01h, 01i)",No license or terms stated on the pages/files used; official public record published by the state agency. Reuse terms not confirmed. Terms check 2026-09-23: kentucky.gov policies carry a bare 'All rights reserved' footer and a verification disclaimer; no reuse terms.,not_stated,
house,LA,la_sos,1990,2024,sos_file,Louisiana Secretary of State,"Graphical election results (one CSV per race), parish-level U.S. House",Louisiana SOS Graphical Election Results app; raw files fetched by 01bw_louisiana_results_download.R,CSV per race,downloaded (scripted),parsed CSV; decisive round per district (01bx_house_county_louisiana_sos.R),No license or terms stated on the pages/files used; official public record published by the state agency. Reuse terms not confirmed. Terms check 2026-09-23: sos.la.gov disclaimer is a liability notice only ('provided for the convenience of our customers'); no reuse terms.,not_stated,stage 'runoff' where a runoff decided the seat
house,MD,md_html,1990,2002,sos_web,Maryland State Board of Elections,"Election archive {year}, Representative in Congress results",https://elections.maryland.gov/elections/archive/{year}/results_{year}/,HTML pages,downloaded (scripted),parsed HTML (01bj_house_county_maryland_html.R),No license or terms stated on the pages/files used; official public record published by the state agency. Reuse terms not confirmed. Terms check 2026-09-23: elections.maryland.gov and maryland.gov/terms-use returned HTTP 403; not read.,terms_unreachable,
house,MD,md_csv,2000,2014,sos_file,Maryland State Board of Elections,"Election archive {year}, general election county CSV files",https://elections.maryland.gov/elections/,CSV,downloaded (scripted),parsed CSV (01bi_house_county_maryland_csv.R),No license or terms stated on the pages/files used; official public record published by the state agency. Reuse terms not confirmed. Terms check 2026-09-23: elections.maryland.gov and maryland.gov/terms-use returned HTTP 403; not read.,terms_unreachable,
house,ME,me_historical,1990,2014,sos_file,Maine Secretary of State,"Town/ward-level tabulation spreadsheets for U.S. Representative, {year}",https://www.maine.gov/sos/elections-voting/election-results-data (2008 from its 2008-2009 results page),XLSX,downloaded (scripted),summed to county (01bo_house_county_maine_historical.R),"No license or terms stated on the pages/files used; official public record published by the state agency. Reuse terms not confirmed. Terms check 2026-09-23: maine.gov policies: bare copyright footer, liability and DMCA notice only; no reuse grant or prohibition.",not_stated,ranked-choice races counted as first-choice votes; 1990/92/2000 candidate names are surnames only (flag)
house,ME,me,2018,2018,sos_file,Maine Secretary of State,"2018 U.S. Representative results, districts 1 and 2 (rep-cd1-11-6.xlsx, rep-cd2)",https://www.maine.gov/sos/elections-voting/election-results-data/election-results-2018,XLSX,downloaded (scripted),summed to county (01bq_house_county_maine_2018.R),"No license or terms stated on the pages/files used; official public record published by the state agency. Reuse terms not confirmed. Terms check 2026-09-23: maine.gov policies: bare copyright footer, liability and DMCA notice only; no reuse grant or prohibition.",not_stated,first-choice votes (ranked-choice)
house,MN,mn,1990,1998,sos_report,Minnesota Secretary of State (archived by the Legislative Reference Library),"{year} general election report, 'Vote for U.S. Representative by county'",local files R/data/county_house_files/MN_{year}-*-g-sec.pdf; http://www.leg.state.mn.us/lrl/mngov/electionresults.aspx,"PDF, scanned with OCR text layer",user-supplied PDFs,OCR text tied to printed district totals (02q_house_mn_1990_1998.R),"No license or terms stated on the pages/files used; official public record published by the state agency. Reuse terms not confirmed. Terms check 2026-09-23: lrl.mn.gov shows no copyright or reuse statement. The Secretary of State's site terms (blocked; read only via a search snippet, unverified) reportedly prohibit copying and redistribution of site materials; the MN Data Practices Office says agencies may not use copyright to deny access to public data.",not_stated,1990-1996 books print no write-in column: shares overstated by about 0.1-0.5 points
house,MN,mn,2000,2010,sos_report,"Minnesota Secretary of State (Legislative Manual, 'Minnesota Votes' chapter)","{year} general election results, 'Vote for United States Representative by county'",local files R/data/county_house_files/MN_{year}-*-g-man.pdf; http://www.leg.state.mn.us/lrl/mngov/electionresults.aspx,"PDF (text layer, multi-column tables)",user-supplied PDFs,parsed by word coordinates; 2008/2010 headers read from images (02q_house_mn_2000_2010.R),"No license or terms stated on the pages/files used; official public record published by the state agency. Reuse terms not confirmed. Terms check 2026-09-23: lrl.mn.gov shows no copyright or reuse statement. The Secretary of State's site terms (blocked; read only via a search snippet, unverified) reportedly prohibit copying and redistribution of site materials; the MN Data Practices Office says agencies may not use copyright to deny access to public data.",not_stated,2006 district 6 Sherburne is an inferred value; 2000 prints no write-in column
house,NC,nc,2000,2016,sos_file,North Carolina State Board of Elections,"Precinct-level results, general election {year}",https://s3.amazonaws.com/dl.ncsbe.gov/ENRS/ (year files),ZIP of tab-delimited precinct files,downloaded (scripted),summed to county (01d_house_county_open_states.R),"No license or terms stated on the pages/files used; official public record published by the state agency. Reuse terms not confirmed. Terms check 2026-09-23: nc.gov terms (linked from ncsbe.gov): permission 'to copy and distribute non-image files, documents, and information for non-commercial use, provided they are copied and distributed without alteration and appropriately cite to the source', unless noted on the document. Does not clearly cover transformed or commercial use.",state_conditional,
house,NH,nh_historical,1996,2010,sos_web,New Hampshire Secretary of State,"General election results {year}, Representative in Congress (sos.nh.gov archive pages)",http://sos.nh.gov/{year}GenElectResults.aspx (old site; archived copies),HTML pages,downloaded (scripted),summed to county (01bp_house_county_new_hampshire_historical.R),No license or terms stated on the pages/files used; official public record published by the state agency. Reuse terms not confirmed. Terms check 2026-09-23: sos.nh.gov and nh.gov disclaimer pages returned HTTP 403; not read.,terms_unreachable,some years print surnames only (flag)
house,NJ,nj_historical,2000,2010,sos_report,New Jersey Division of Elections,"Candidate Returns for House of Representatives, general election {year}",https://www.nj.gov/state/elections/election-information-{year}.shtml,PDF (text layer),downloaded (scripted),parsed text (01bl_house_county_new_jersey_historical.R),"No license or terms stated on the pages/files used; official public record published by the state agency. Reuse terms not confirmed. Terms check 2026-09-23: nj.gov legal notice: 'anyone may view, copy or distribute State information found here without obligation to the State, unless otherwise stated on particular material' (with a no-warranty-of-copyright-freedom caveat); elections archive footer 'Copyright NJ Department of State'.",state_permissive,
house,OK,ok_pdfs,1994,2006,sos_report,Oklahoma State Election Board,"U.S. Representative county results, general election {year}","local files R/data/county_house_files/OK_1994-general-results.pdf, OK-2000_usrep.pdf, OK_2002_usrep.pdf, OK_2006_usrep.pdf; original URLs not recorded",PDF (text layer),user-supplied PDFs,parsed text; totals tie to STATE TOTAL rows (01bz_house_county_oklahoma_pdfs.R),No license or terms stated on the pages/files used; official public record published by the state agency. Reuse terms not confirmed. Terms check 2026-09-23: oklahoma.gov election pages carry only 'Copyright State of Oklahoma'; no reuse terms.,not_stated,
house,SC,sc,1990,2006,sos_report,South Carolina State Election Commission,"Election report {year}, general election, U.S. Representative in Congress by county",local files R/data/county_house_files/SC_Election_Report_*.pdf; original URLs not recorded,"PDF, scanned printouts with poor OCR",user-supplied PDFs,1990-1998 read from page images; 2000-2006 OCR text cleaned; all tied to STATE TOTAL rows (02s_house_sc_*.R),No license or terms stated on the pages/files used; official public record published by the state agency. Reuse terms not confirmed. Terms check 2026-09-23: scvotes.gov footer 'All Rights Reserved'; privacy statement bars only commercial solicitation use of personal information; enr-scvotes.org (vendor SOE Software) shows no terms.,not_stated,2002 district 1 differs from Wikipedia (see corrections log)
house,SC,sc,2008,2008,sos_file,South Carolina State Election Commission (Election Night Reporting archive),"November 4, 2008 general election, official results snapshot (detailxml)",https://www.enr-scvotes.org/SC/8562/15723/en/select-county.html ; file reports/detailxml.zip,XML,downloaded (scripted),parsed XML (02t_house_sc_2008.R),No license or terms stated on the pages/files used; official public record published by the state agency. Reuse terms not confirmed. Terms check 2026-09-23: scvotes.gov footer 'All Rights Reserved'; privacy statement bars only commercial solicitation use of personal information; enr-scvotes.org (vendor SOE Software) shows no terms.,not_stated,
house,SD,sd_sos,1990,2012,sos_web,South Dakota Secretary of State,"Election History archive, U.S. Representative by county, {year}",https://sdsos.gov/elections-voting/election-resources/election-history/election-history-search.aspx,HTML tables/PDF links,downloaded (scripted),"parsed (01au, 01cd)",No license or terms stated on the pages/files used; official public record published by the state agency. Reuse terms not confirmed. Terms check 2026-09-23: sd.gov disclaimer is an accuracy disclaimer only; no reuse terms found.,not_stated,
house,SD,sdsos,1992,1992,sos_report,South Dakota Secretary of State (Election History archive),"South Dakota General Election November 3, 1992 (official returns booklet, scanned; U.S. Representative by county, page 5)",https://sdsos.gov/elections-voting/assets/historicalelectiondata/1992G.pdf ; local copy R/data/county_house_files/south_dakota/SD_1992_general.pdf,PDF (image-only scan),downloaded by curl,hand-transcribed from the page image (01gb_southdakota_1992_transcribe.py); the 66 county rows add up to the printed totals of all five candidates,No license or terms stated on the pages/files used; official public record published by the state agency. Reuse terms not confirmed. Terms check 2026-09-24: the sd.gov terms page could not be read; earlier check found only an accuracy disclaimer.,not_stated,"Shannon County is FIPS 46113 (Oglala Lakota County, 46102, is the same area) as in the rest of the panel"
house,TX,tx_sos,1992,2018,sos_web,"Texas Secretary of State, Elections Division","Historical Elections - Official Results, {year} general election, U.S. Representative by county (Nov special-election ballots and December runoffs for court-redrawn districts in 1996 and 2006)",https://elections.sos.state.tx.us/index.htm (pages elchist<election id>_race<id>.htm),HTML tables,downloaded (scripted),parsed HTML; county rows and ALL COUNTIES rows tie (02r_house_tx_sos.R),No license or terms stated on the pages/files used; official public record published by the state agency. Reuse terms not confirmed. Terms check 2026-09-23: sos.state.tx.us disclaimer and link policy: no general copyright claim or reuse license (link policy notes some material may be protected IP); Open Records Policy page not retrievable.,not_stated,
house,UT,ut_xls,2008,2010,sos_file,Utah Lieutenant Governor's Office (vote.utah.gov),"Historical election results {year}, U.S. Representative by county",https://vote.utah.gov/historical-election-results/,XLS,downloaded (scripted),parsed (01bm_house_county_utah_historical_xls.R),"No license or terms stated on the pages/files used; official public record published by the state agency. Reuse terms not confirmed. Terms check 2026-09-23: utah.gov disclaimer: 'Anyone may view, copy, or distribute information found within these web pages ... for personal or informational use without owing an obligation to the State if the documents are not modified in any respect'; footer 'Copyright State of Utah'. Ambiguous for derived tables.",state_conditional,
house,VA,va,1990,2024,sos_web,"Virginia Department of Elections, Historical Elections Database","{year} general election, U.S. House, one Results CSV per congressional district (locality rows)",https://historical.elections.virginia.gov/ (contest CSV via /api/download_contest/<contest id>_table.csv),CSV per contest,downloaded (site's own public search and download endpoints),parsed CSV; locality rows tie to district totals (02r_house_va.R),No license or terms stated on the pages/files used; official public record published by the state agency. Reuse terms not confirmed. Terms check 2026-09-23: historical.elections.virginia.gov (Elstats platform) has no terms; the Department of Elections footer says 'All rights reserved'; the privacy policy covers only FOIA and data collection.,not_stated,the database labels the cities of Richmond and Franklin as counties in most years (resolved by geography)
house,IN,in,1990,2000,sos_report,"Indiana Secretary of State (Election Division), digitized by the Indiana State Library","Election report of Indiana, {year} (general election, U.S. Representative)",INDIANA_URL,"PDF, image-only 400 dpi scans",downloaded (fetch log R/data/indiana_sos_reports_fetch.log),"OCR plus reading of page images; every printed candidate TOTAL ties (02u_house_in_1990_1994.R, 02u_house_in_1996_2000.R)","No license or terms stated on the pages/files used; official public record published by the state agency. Reuse terms not confirmed. Terms check 2026-09-23: in.gov terms of use: viewing/downloading grants 'a limited, nonexclusive license for use solely by you for your own personal use, and not for republication, distribution ... preparation of derivative works or other use', 'except as may otherwise be allowed by law (including ... the Indiana Access to Public Records Law)'. The ENR archive footer also shows a vendor copyright (Quest Information Systems). Applicability to election data files unconfirmed.",state_restrictive,"1996 has three suspect printed cells (Miami, Wells, Jay; see corrections log)"
house,IN,in,2002,2002,sos_report,Indiana Secretary of State (Election Division),"2002 General Election, Election Report - State of Indiana (printed May 27, 2003)",local file R/data/county_house_files/IN_2002.pdf; original URL not recorded,"PDF, text layer",user-supplied PDF,parsed text; all candidate totals tie (02u_house_in_2002.R); replaces the OpenElections rows,"No license or terms stated on the pages/files used; official public record published by the state agency. Reuse terms not confirmed. Terms check 2026-09-23: in.gov terms of use: viewing/downloading grants 'a limited, nonexclusive license for use solely by you for your own personal use, and not for republication, distribution ... preparation of derivative works or other use', 'except as may otherwise be allowed by law (including ... the Indiana Access to Public Records Law)'. The ENR archive footer also shows a vendor copyright (Quest Information Systems). Applicability to election data files unconfirmed.",state_restrictive,
house,IN,in,2010,2010,sos_report,Indiana Secretary of State (Election Division),"2010 Election Report (primary and general, U.S. Representative pp.68-70)",local file R/data/county_house_files/Indiana_2010_ELECTION_RESULTS_155618.pdf; original URL not recorded,"PDF, image-only scan",user-supplied PDF,read from page images; all candidate totals tie (02u_house_in_2010.R); replaces the OpenElections rows,"No license or terms stated on the pages/files used; official public record published by the state agency. Reuse terms not confirmed. Terms check 2026-09-23: in.gov terms of use: viewing/downloading grants 'a limited, nonexclusive license for use solely by you for your own personal use, and not for republication, distribution ... preparation of derivative works or other use', 'except as may otherwise be allowed by law (including ... the Indiana Access to Public Records Law)'. The ENR archive footer also shows a vendor copyright (Quest Information Systems). Applicability to election data files unconfirmed.",state_restrictive,
house,IN,in_enr,2016,2024,sos_web,"Indiana Election Division (Secretary of State), Election Night Reporting archive (certified results)","{year} General Election, U.S. Representative: district summaries and one race per county (JSON behind the ENR app)","https://enr.indianavoters.in.gov/archive/{year}General/index.html (data files under .../data/: settings.json, statewideElectionsC_<version>.json, OffCatC_<office id>_<version>.json)",JSON,downloaded (scripted; a handful of requests per year),parsed JSON; county sums equal the district summary totals (02v_house_in_enr.R),"No license or terms stated on the pages/files used; official public record published by the state agency. Reuse terms not confirmed. Terms check 2026-09-23: in.gov terms of use: viewing/downloading grants 'a limited, nonexclusive license for use solely by you for your own personal use, and not for republication, distribution ... preparation of derivative works or other use', 'except as may otherwise be allowed by law (including ... the Indiana Access to Public Records Law)'. The ENR archive footer also shows a vendor copyright (Quest Information Systems). Applicability to election data files unconfirmed.",state_restrictive,Special election for district 2 (2022) excluded. The 2016 archive's settings file carries no certified flag (2018-2024 do)
house,IL,il_sbe,1998,2024,sos_file,Illinois State Board of Elections,"Downloadable Vote Totals, {year} General Election: Candidate Totals by County (GE{year}Cty text file) and statewide Candidate Totals (checksum)","https://www.elections.il.gov/electionoperations/DownloadVoteTotals.aspx (year dropdown; files GE<year>Cty.txt / <year>GECty.txt, GE<year>Tot.txt)",CSV/tab-delimited text,downloaded (scripted through the page's own year dropdown; one request per file),parsed text; county sums equal the statewide candidate totals (02w_house_il_sbe.R),No license or terms stated on the pages/files used; official public record published by the state agency. Reuse terms not confirmed. Terms check 2026-09-23: elections.il.gov privacy page: information becomes public records subject to inspection and copying (5 ILCS 140/3); no copyright or reuse terms.,not_stated,Candidates with a blank party in the file are shown as 'None listed (write-in)'. 2022: no statewide totals file on the site; 2008-2014 rows are identical to the earlier OpenElections rows
house,IN,in,2004,2008,sos_report,Indiana Secretary of State (Election Division),"{year} General Election, Election Report - State of Indiana (U.S. Representative)","local files R/data/county_house_files/IN_2004.pdf, IN_2006_Election_Report.pdf, IN_2008.pdf; original URLs not recorded","PDF, image-only scans",user-supplied PDF,"every cell read from page images; all candidate totals tie (02u_house_in_2004.R, _2006.R, _2008.R); replace the OpenElections rows","No license or terms stated on the pages/files used; official public record published by the state agency. Reuse terms not confirmed. Terms check 2026-09-23: in.gov terms of use: viewing/downloading grants 'a limited, nonexclusive license for use solely by you for your own personal use, and not for republication, distribution ... preparation of derivative works or other use', 'except as may otherwise be allowed by law (including ... the Indiana Access to Public Records Law)'. The ENR archive footer also shows a vendor copyright (Quest Information Systems). Applicability to election data files unconfirmed.",state_restrictive,
house,IL,il,1990,1996,sos_report,Illinois State Board of Elections,"Official Vote, {year} General Election (Representative in Congress: district results and county tables)",local files R/data/county_house_files/IL_{year} ge_*.pdf; original URLs not recorded,"PDF, scanned with OCR text layer",user-supplied PDFs,"OCR text tied to printed statewide candidate totals and percentages; errors fixed from page images (02w_house_il_1990_1992.R, 02w_house_il_1994_1996.R; il_ocr_corrections_*.csv)",No license or terms stated on the pages/files used; official public record published by the state agency. Reuse terms not confirmed. Terms check 2026-09-23: elections.il.gov privacy page: information becomes public records subject to inspection and copying (5 ILCS 140/3); no copyright or reuse terms.,not_stated,1990 has 22 districts
house,NE,ne,1990,2006,sos_report,Nebraska Secretary of State,"{year} General Election, official canvass book (Representative in Congress, county tables)",local files R/data/county_house_files/nebraska/zip2/1990s Books/{year} General.pdf (1990-1998) and R/data/county_house_files/nebraska/{year} General.pdf (2000-2006); original URLs not recorded,PDF (1990-2002 and 2006 image-only scans; 2004 native text),user-supplied PDFs,1990-2002 and 2006: every cell read from page images; 2004: parsed text; all county sums tie to the printed TOTAL rows (02x_house_ne_*.R; ne_ocr_corrections_*.csv),"No license or terms stated on the pages/files used; official public record published by the state agency. Reuse terms not confirmed. Terms check 2026-09-23: sos.nebraska.gov footer 'Copyright State of Nebraska'. The nebraska.gov portal terms allow personal, non-commercial copying and prohibit republication and derivative works, but were not confirmed to govern the SOS election books.",not_stated,1996 and 1998 books print no party labels (taken from Wikipedia); 1998 Dundy County is printed with implausibly low counts (see corrections log)
house,GA,ga_archive,1990,1998,sos_web,"Georgia Secretary of State (archived by the Internet Archive, captured July 2008)","Official results of the {year} General Election, U.S. Congress by district and county (archived sos.georgia.gov pages)",https://web.archive.org/web/20080702191734/http://sos.georgia.gov/elections/election_results/default.htm (year page -> general election frame -> <n>cong.htm or numbered county pages); local copies R/data/raw_house_county_open_states/georgia_sos_archive/,HTML tables,"downloaded from the Wayback Machine (scripted, 2-14 s apart)",parsed HTML; county sums equal the printed candidate totals for all 54 district pages (02y_house_ga_archive.R),No license or terms stated on the pages used; official public record published by the state agency (copies via the Internet Archive). Reuse terms not confirmed. Terms check 2026-09-23: sos.ga.gov terms page returned HTTP 403; not read. The georgia.gov portal IP policy says copyrighted material must not be redistributed without owner permission but was not confirmed to cover sos.ga.gov.,terms_unreachable,1996 and 1998 pages give surnames only (names completed from Wikipedia where matched); the pages list only the Democratic and Republican candidates' lines
president,*,medsl,2000,2024,medsl,MIT Election Data and Science Lab (MEDSL),"County Presidential Election Returns 2000-2024 (countypres_2000-2024.tab), {year}","Harvard Dataverse, dataverse.harvard.edu (MIT Election Data and Science Lab). Local copy: R/data/raw_election/countypres_2000-2024.tab; dataset DOIs: https://doi.org/10.7910/DVN/VOQCHQ","tab-delimited, county x candidate x vote mode",downloaded via the Dataverse guestbook/signed-URL flow (R/data/raw_election/download_medsl.sh),"none (parsed text); rows with mode TOTAL used where present, otherwise all modes summed; over/under-vote and 'Total Votes Cast' pseudo-candidate rows removed (02c_president_long_medsl.R)","CC0 1.0, verified 2026-09-23 via the Dataverse API (license field on the dataset record)",cc0_verified,"MEDSL 'OTHER' rows are shown as 'Other candidates'; Arizona, Iowa and Vermont 2024 totals exclude over/undervotes (corrections log)"
senate,*,medsl,2016,2024,medsl,MIT Election Data and Science Lab (MEDSL),"U.S. Senate precinct-level returns {year} (state files, aggregated to county by this project)","Harvard Dataverse, dataverse.harvard.edu (MIT Election Data and Science Lab). Local copy: R/data/raw_election/senate_{year}.raw; dataset DOIs: https://doi.org/10.7910/DVN/NLTQAD, https://doi.org/10.7910/DVN/DGNAFS, https://doi.org/10.7910/DVN/ER9XTV, https://doi.org/10.7910/DVN/IAD3XR, https://doi.org/10.7910/DVN/ZCM3BN",tab/CSV precinct files,downloaded via the Dataverse guestbook/signed-URL flow (R/data/raw_election/download_medsl.sh),"none (parsed text); project fixes: pseudo-rows removed, party fixes, special elections excluded (see data_corrections_log.csv)","CC0 1.0, verified 2026-09-23 via the Dataverse API (license field on the dataset record)",cc0_verified,Special-election races excluded; Arizona 2020 (special only) is a gap
president,*,algara_amlani,1992,1996,academic_dataset,"Algara, Carlos and Sharif Amlani (compiled from CQ Press / ICPSR United States Historical Election Returns)",Partisanship & Nationalization in American Elections: County-level President 1868-2020 (replication data),"Harvard Dataverse, https://doi.org/10.7910/DVN/DGUMFI. Local copy: R/data/raw_election_historical/presidential_county_returns_1868_2020.Rdata",R data file,downloaded from Harvard Dataverse,none; the file gives only the Democratic and Republican nominees' names and votes plus the county total: other candidates appear as one aggregated row 'All other candidates (not itemized in the source)',"CC0 1.0, verified 2026-09-23 via the Dataverse API (license field on the dataset record) (doi:10.7910/DVN/DGUMFI)",cc0_verified,shares-only: no third-party candidate detail
senate,*,algara_amlani,1990,2014,academic_dataset,"Algara, Carlos and Sharif Amlani (compiled from CQ Press / ICPSR United States Historical Election Returns)",Partisanship & Nationalization in American Elections: County-level U.S. Senate 1908-2020 (replication data),"Harvard Dataverse, https://doi.org/10.7910/DVN/DGUMFI. Local copy: R/data/raw_election_historical/us_senate_county_returns_1908_2020.Rdata",R data file,downloaded from Harvard Dataverse,"none; general-election rows only (special elections excluded); nominees' names and votes plus the county total, other candidates aggregated into 'All other candidates (not itemized in the source)'","CC0 1.0, verified 2026-09-23 via the Dataverse API (license field on the dataset record) (doi:10.7910/DVN/DGUMFI)",cc0_verified,shares-only: no third-party candidate detail; state-years whose only Senate race was a special election are gaps
senate,IN,in_enr,2016,2024,sos_web,"Indiana Election Division (Secretary of State), Election Night Reporting archive (certified results)","{year} General Election, U.S. Senator: one race per county (JSON behind the ENR app)","https://enr.indianavoters.in.gov/archive/{year}General/index.html (data files under .../data/: settings.json, statewideElectionsC_<version>.json, OffCatC_<office id>_<version>.json)",JSON,downloaded (scripted; a handful of requests per year),parsed JSON; county sums equal the statewide candidate totals (02v2_senate_in_enr.R),"No license or terms stated on the pages/files used; official public record published by the state agency. Reuse terms not confirmed. Terms check 2026-09-23: in.gov terms of use: viewing/downloading grants 'a limited, nonexclusive license for use solely by you for your own personal use, and not for republication, distribution ... preparation of derivative works or other use', 'except as may otherwise be allowed by law (including ... the Indiana Access to Public Records Law)'. The ENR archive footer also shows a vendor copyright (Quest Information Systems). Applicability to election data files unconfirmed.",state_restrictive,Write-in candidates are labelled 'Write-In'
house,NY,nyboe,1996,2018,sos_web,"New York State Board of Elections (Elections Database, results.elections.ny.gov)","Elections Database: Representative in Congress, General Election {year}, one contest per congressional district, county tables","https://results.elections.ny.gov/ (GET /api/download_contest/<contest id>_table.csv?split_party=true, Elstats platform, tenant ny); local copies R/data/raw_house_county_open_states/ny_elections/house_by_party/contest_<id>.csv",CSV (county table),downloaded through the site's own endpoint from a browser session (the site returns HTTP 403 to scripted clients),parsed CSV; county slices tie to the printed district rows in every contest (01ep_house_county_new_york_boe.R),No terms stated on the database's About page; the parent elections.ny.gov terms pages returned HTTP 403 and were not read. Official public record published by the state agency. Reuse terms not confirmed. Terms check 2026-09-23.,not_stated,Blank/void/scattering excluded from votes; candidate lines (fusion) summed; a duplicate 'Otsego' row (copy of Oswego) dropped in 2010 CD24 and 2012-2018 CD22/CD24; 1996 has no Oswego rows (61 of 62 counties)
house,CT,ctelh,1990,2014,sos_web,"Connecticut Secretary of the State (Elections Database, electionhistory.ct.gov)","Elections Database: Representative in Congress, General Election {year}, one contest per congressional district, town results","https://electionhistory.ct.gov/ (GET /api/download_contest/<contest id>_table.csv?split_party=true, Elstats platform, tenant ct); local copies R/data/raw_house_county_open_states/connecticut_elections/contest_<id>.csv",CSV (town tables),downloaded by script (01er_connecticut_download.R) through the site's own endpoint,parsed CSV; town rows summed to the 8 counties with the town-county crosswalk; town rows tie to the printed district rows (01es_house_county_connecticut_elstats.R),No terms stated on the database's About page; the ct.gov disclaimer (portal.ct.gov/Policies/Disclaimer) restricts only the state arms/seal and CT.gov logo and disclaims liability for data use. Official public record published by the state agency. Reuse terms not confirmed. Terms check 2026-09-23.,not_stated,"Literal ballot-line party classification (no cross-line consolidation), as for the earlier Connecticut build; two wrong or missing party labels corrected against FEC results (1998 CD3 Cole, 2002 CD2 Courtney); 1998 has only the 5 counties whose towns all have rows (CD1 was uncontested and is not in the database); write-in votes printed only on district rows are not included"
house,MO,mobb,1990,1998,state_publication,"Missouri Secretary of State (Official Manual of the State of Missouri, the Blue Book; digitized by Missouri Digital Heritage)","Official Manual of the State of Missouri, {year} general election returns: U.S. Congress by district and county (1990: 1991-1992 manual pp. 496-497; 1992: pp. 705-707; 1994: pp. 530-532; 1996: pp. 563-565; 1998: pp. 561-563)",Missouri Digital Heritage Blue Book collection (https://mdh.contentdm.oclc.org/digital/collection/bluebook); page images saved by the project lead as R/data/county_house_files/missouri/<year>/bluebook_<id>_full.jpg,"page images (JPEG, 600 dpi)",user-supplied page images,read by eye from the page images (R/data/county_house_files/missouri/transcribed/mo_*.txt; 01fg_missouri_1990_1998_parse.py); every district's county rows add up to the printed TOTALS row in every column except one Republican column in 1992 District 8 (270 votes short),Missouri Digital Heritage rights statement for the Blue Book collection: 'Copyright is in the public domain' (materials available for public reuse). Official publication of the Secretary of State. Terms check 2026-09-23.,state_permissive,1990 prints only the Republican and Democratic candidates; other years list every candidate on the ballot; split counties summed over districts; 'Kansas City' rows assigned to Jackson County; 1992 p.706 heads District 5 as 'District 9' (misprint); 1992 District 8 Republican cells 270 short of the printed total (also the FEC total)
house,NV,nvsos,1990,1998,sos_report,"Nevada Secretary of State (official election results, 1962 to present page)","{year} official general election returns by county (1990, 1992: General Election Returns by County; 1994: General Election Returns; 1996 and 1998: Official General Election Returns)",https://www.nvsos.gov/elections/election-information/previous-elections/election-results (documents linked from that page); local copies R/data/county_house_files/nevada/NV_<year>_*.pdf,"PDF (scanned 1990, 1992, 1996; text layer 1994 (too noisy) and 1998)",five documents downloaded through Chrome (the site blocks scripted clients),"read from the page images (1990, 1992, 1994, 1996) and the text layer (1998) into a CSV (01fd_nevada_1990_1998_transcribe.py); every row's 17 county cells add up to the printed total and the statewide candidate totals equal the FEC results (1992 is a fax-quality scan where 5 and 6 are easily confused; one cell resolved with the FEC total)","nvsos.gov privacy policy and disclaimer: information on the site is public information under NRS 239.010 'and may be freely distributed or copied' (credit requested). The site's terms of use (business services) prohibit automated and/or systematic collection of data; only the five election documents were downloaded, one at a time. Terms check 2026-09-23.",state_permissive,"District 1 is entirely Clark County; district 2 covers the other counties and part of Clark; a county's total is the sum over the districts; 1992 minor candidate Golden: cells 2,860 vs FEC 2,850 (left as printed)"
house,OH,ohsosarc,1996,2002,sos_web,"Ohio Secretary of State (results pages, archived by the Internet Archive Wayback Machine)",{year} General Election U.S. House results by county and congressional district (1996: Official Tabulation; 2002: District Votes for U.S. Representative),https://web.archive.org/web/20041025172350/http://www.sos.state.oh.us/sos/results/90/1996/gen/UShouse.htm (1996); https://web.archive.org/web/20041025165504/http://www.sos.state.oh.us/sos/results/2002/gen/2USreps-dist.htm (2002); local copies R/data/raw_house_county_open_states/ohio_sos_archive/,HTML tables,"downloaded from the Wayback Machine (curl, three pages)",parsed HTML tables (01fa_ohio_sos_archive_parse.py); county rows tie to the printed district totals; 1996 district totals equal America Votes (13 of 14 compared districts; the 14th is an America Votes typo),"No terms found on the archived pages; the Ohio Secretary of State's current terms of use concern user-submitted information, and most SOS records including electronic data are public records under Ohio R.C. 149.43. Official public record published by the state agency. Reuse terms not confirmed. Terms check 2026-09-23.",not_stated,"Counties split between districts appear once per district and are summed; 2002 CD10/CD11 label the whole Cuyahoga portion 'Cuyahoga Total'; write-ins (2002) kept as OTHER; 1990, 1992, 1994 and 1998 pages of the same archive are statewide summaries only and 2004's House page is not archived"
house,OK,okarc,1998,1998,sos_web,"Oklahoma State Election Board (results page, archived by the Internet Archive Wayback Machine)",General Election 11/3/98: Congressional Officers (U.S. Representative by district and county),https://web.archive.org/web/20020721032506/http://www.elections.state.ok.us/98gencon.html (the request cited the 2004 capture of the same page); local copy R/data/raw_house_county_open_states/oklahoma_archive/98gencon_20020721032506_wayback.html,HTML (preformatted text tables),"downloaded from the Wayback Machine (curl, one page)",parsed text tables (01fj_oklahoma_1998_parse.py); every district table ties to its STATE TOTAL line and every county row to its total; district totals equal the FEC results,No terms found on the archived page (Oklahoma state sites carry a copyright footer without a reuse grant or prohibition). Official public record published by the state agency. Reuse terms not confirmed. Terms check 2026-09-23.,not_stated,Counties split between districts appear once per district and are summed; the same archive has county results for President and Senator only in 1996 and nothing for 1990-1994
house,MA,maelst,1990,2014,sos_web,"Secretary of the Commonwealth of Massachusetts (Elections Statistics, electionstats.state.ma.us)","Elections Statistics: U.S. House, General Election {year}, one election per congressional district, town results (CSV download, precincts_include:0)",https://electionstats.state.ma.us/elections/download/<election id>/precincts_include:0/ (election ids from https://electionstats.state.ma.us/elections/search/year_from:1990/year_to:2014/office_id:5/stage:General); local copies R/data/raw_house_county_open_states/massachusetts_elections/election_<id>.csv,CSV (town tables),downloaded by script (01ex_massachusetts_download.R) from the site's own download links,parsed CSV; town rows summed to the 14 counties with the town-county crosswalk; town rows tie to the printed TOTALS row of every table (01ey_house_county_massachusetts_electionstats.R),"The Secretary's Terms and Conditions (sec.state.ma.us/divisions/terms.htm, linked from the site footer) state: 'Scraping or crawling, whether by automated means or manually, to access, view, or collect information is prohibited' and prohibit creating derivative works; they also carry an accuracy disclaimer. The 129 tables were fetched with a script (curl) from the site's own download links before these terms were read. Reuse permission not requested. Included in the release by project decision (2026-09-23): the vote counts are public facts. Terms check 2026-09-23.",state_restrictive,"Two source-table defects repaired from the tables' own totals and confirmed by FEC results (2000 CD4 Travis column missing; 1996 CD10 Sandwich Teague cell 180 short); 1996 has 13 of 14 counties (Sutton, Worcester County, has no rows); Blanks dropped, All Others kept as OTHER"
senate,NY,nyboe,2018,2018,sos_web,"New York State Board of Elections (Elections Database, results.elections.ny.gov)","Elections Database: U.S. Senator, General Election 2018-11-06 (contest 596), county results table","https://results.elections.ny.gov/ (GET /api/download_contest/596_table.csv?split_party=false, Elstats platform, tenant ny); local copy R/data/raw_house_county_open_states/ny_elections/contest_596_senate_2018.csv",CSV (county table),downloaded through the site's own endpoint from a browser session (the site returns HTTP 403 to scripted clients),"parsed CSV, 62 counties tie to the printed statewide row (02b2_senate_ny_2018_boe.R); used only for Jefferson, Niagara and Ulster, which are missing from MEDSL",No terms stated on the database's About page; the parent elections.ny.gov terms pages returned HTTP 403 and were not read. Official public record published by the state agency. Reuse terms not confirmed. Terms check 2026-09-23.,not_stated,Candidate totals combine all party lines (the About page says a candidate's 4th and later parties are summed as 'Other Parties'); replaced America Votes 33 (CQ Press) on 2026-09-23 with identical numbers
house,NJ,nj,2022,2022,sos_report,New Jersey Division of Elections (Department of State),"Official List of Candidates for House of Representatives, 2022 General Election (official results, list dated 01/18/2023)",https://www.nj.gov/state/elections/assets/pdf/election-results/2022/2022-official-general-results-us-house.pdf,PDF (text layer),downloaded 2026-09-21,parsed text; each candidate's county rows equal the printed candidate Total and each district's rows equal the printed district total (02aa_house_nj_2022.R),"No license or terms stated on the document; official public record published by the state agency. Reuse terms not confirmed. Terms check 2026-09-23: nj.gov legal notice: 'anyone may view, copy or distribute State information found here without obligation to the State, unless otherwise stated on particular material' (with a no-warranty-of-copyright-freedom caveat); elections archive footer 'Copyright NJ Department of State'.",state_permissive,"Replaces the MEDSL rows, which repeat each district total in every county. Counties in split districts appear once per district; some candidates print a slogan instead of a party name (shown as Other)."
president,ME,me,2004,2004,secondary_web,"Wikipedia (by-county results table, compiled by editors from state certified results)","'2004 United States presidential election in Maine', section 'By county'",https://en.wikipedia.org/wiki/2004_United_States_presidential_election_in_Maine#By_county,HTML table (wikitext via the MediaWiki API),downloaded 2026-09-21,"secondary compilation; the statewide sums equal the FEC certified totals for Kerry, Bush and all votes exactly","Wikipedia text is CC BY-SA 4.0; the underlying vote counts are public official results (facts). Attribution and share-alike apply to the table text, not to the numbers. Terms check 2026-09-23: Wikimedia Terms of Use confirm text is licensed CC BY-SA 4.0 (and GFDL).",cc_by_sa_secondary,"Replaces MEDSL's 2004 Maine rows, which were 7.3% below the certified total. Maine's own Secretary of State site no longer carries 2004 results; replace with a primary source when found. Other-party votes are not itemized."
president,MS,ms,2004,2004,secondary_web,"Wikipedia (by-county results table, compiled by editors from state certified results)","'2004 United States presidential election in Mississippi', section 'By county' (cites the Mississippi Secretary of State, Amended Certification of Presidential Electors, 22 March 2005)",https://en.wikipedia.org/wiki/2004_United_States_presidential_election_in_Mississippi#By_county ; official PDF saved as R/data/raw_house_county_open_states/ms_me_2004/ms_2004_cert_pres.pdf (web.archive.org copy of sos.state.ms.us/elections/2004/General/112105_CertPresVP.pdf),HTML table (wikitext via the MediaWiki API); official certification is an image-only PDF,downloaded 2026-09-21,"secondary compilation checked against the official PDF for Bolivar and Oktibbeha counties; the statewide sums equal the FEC certified totals for Kerry, Bush and all votes exactly",The official certification is a public record (no terms stated); the Wikipedia text is CC BY-SA 4.0. Terms check 2026-09-23: Wikimedia Terms of Use confirm text is licensed CC BY-SA 4.0 (and GFDL).,cc_by_sa_secondary,"Replaces MEDSL's 2004 Mississippi rows, which were 3.2% below the certified total (78 of 82 counties low). The official PDF also itemizes 5 other candidates, which are not transcribed here."
house,MI,mi,1998,2006,openelections,"OpenElections (openelections.org), volunteer-compiled from Michigan state sources; party affiliation supplied separately (see notes)","Michigan county-level general-election results, U.S. House, {year} (openelections-data-mi repository); precinct-level candidate vote counts, party column blank in the source",https://github.com/openelections/openelections-data-mi,"CSV (precinct-level, summed to county) joined to a party lookup by year/district/last-name from the Clerk of the House's official ""Statistics of the ... Election"" (https://clerk.house.gov/member_info/electionInfo/{year}/), which lists every district's candidates with party but only district-total votes",downloaded from GitHub (raw files) and clerk.house.gov (HTML),"summed from precinct files; party joined by year/district/candidate last name (unmatched vote share <0.06% each year, minor candidates only)",The openelections-data-mi repository has no license file (checked 2026-09-23 via the GitHub API); OpenElections states 'The data is and will remain free to anyone' (openelections.net/about); underlying counts are public records,no_license_file,"OpenElections' MI party column is blank for 1998-2006 (verified directly); party comes from clerk.house.gov instead, county-level votes still from OpenElections"
house,VT,vt,1990,2010,sos_web,"Vermont Secretary of State, VT Elections Database","{year} general election, U.S. House, one Results CSV (town/city rows)","https://electionarchive.vermont.gov/ (contest CSV via /api/download_contest/<contest id>_table.csv, tenant vt -- same Elstats platform as Virginia historical.elections.virginia.gov)",CSV per contest,downloaded (site's own public search and download endpoints),"parsed CSV; town/city rows summed to county via a Wikipedia-sourced town->county crosswalk (Vermont has no county government); Vermont is a single at-large seat, no district split",No license or terms stated on the pages/files used; official public record published by the state agency. Reuse terms not confirmed. Terms check 2026-09-23: electionarchive.vermont.gov (Elstats platform) has no terms; sos.vermont.gov footer says 'All rights reserved'; no vendor terms found.,not_stated,"town-level sum vs the site's own printed State total differs by <0.5% of total votes in 1990 and 2002 (data_corrections_log.csv); Sherburne town renamed Killington in 1999, source uses old name through 2000"
house,UT,ut,1990,1998,sos_report,Utah Lieutenant Governor's Office (vote.utah.gov),"{year} General Election canvass book, U.S. Representative by county (scanned/image-only)",https://vote.utah.gov/historical-election-results/ ({year}Gen.pdf); local copy R/data/county_house_files/utah/{year}Gen.pdf,"PDF, scanned image",downloaded (scripted),OCR used only to locate the U.S. House pages (not trusted for vote counts); hand-transcribed from 300dpi page renders; every district ties exactly to its own printed Total row (02ae_house_ut_1990_1998.R),"No license or terms stated on the pages/files used; official public record published by the state agency. Reuse terms not confirmed. Terms check 2026-09-23: utah.gov disclaimer: 'Anyone may view, copy, or distribute information found within these web pages ... for personal or informational use without owing an obligation to the State if the documents are not modified in any respect'; footer 'Copyright State of Utah'. Ambiguous for derived tables.",state_conditional,Utah had 3 U.S. House districts this whole period; District 2 is wholly Salt Lake County every year
house,UT,ut,2000,2006,sos_report,Utah Lieutenant Governor's Office (vote.utah.gov),"{year} General Election canvass book, U.S. Representative by county (born-digital text layer)",https://vote.utah.gov/historical-election-results/ ({year}Gen.pdf); local copy R/data/county_house_files/utah/{year}Gen.pdf,"PDF, text layer",downloaded (scripted),"parsed via pdftools::pdf_data() word coordinates (3 districts side-by-side per page; columns anchored off each district's own printed Total row, not header position); every district ties exactly to its own printed Total row (02ad_house_ut_2000_2006.R)","No license or terms stated on the pages/files used; official public record published by the state agency. Reuse terms not confirmed. Terms check 2026-09-23: utah.gov disclaimer: 'Anyone may view, copy, or distribute information found within these web pages ... for personal or informational use without owing an obligation to the State if the documents are not modified in any respect'; footer 'Copyright State of Utah'. Ambiguous for derived tables.",state_conditional,Utah had 3 U.S. House districts this whole period
house,UT,ut,2012,2014,sos_file,Utah Lieutenant Governor's Office (vote.utah.gov),"{year} General Election Canvass Report, U.S. House by county",https://vote.utah.gov/historical-election-results/ ({year}-General-Canvass-Report.xls[x]); local copy R/data/county_house_files/utah/{year}-General-Canvass-Report.xls[x],XLS/XLSX,downloaded (scripted),"parsed with readxl (row 1 = merged district header, row 2 = candidate (party)); every district's candidate columns sum exactly to that district's own printed OFFICE SUM row (02af_house_ut_2012_2014.R). Replaces the OpenElections-sourced rows, which were genuinely partial (15/29 counties in 2012, 25/29 in 2014 -- missing per-county files in that repo, not a parsing issue).","No license or terms stated on the pages/files used; official public record published by the state agency. Reuse terms not confirmed. Terms check 2026-09-23: utah.gov disclaimer: 'Anyone may view, copy, or distribute information found within these web pages ... for personal or informational use without owing an obligation to the State if the documents are not modified in any respect'; footer 'Copyright State of Utah'. Ambiguous for derived tables.",state_conditional,"Utah had 4 U.S. House districts both years (redistricted after the 2010 census, up from 3 in 1990-2010)"
house,WI,wi,1990,1998,sos_report,Wisconsin Legislative Reference Bureau (Wisconsin Blue Book),"Wisconsin Blue Book, ""Vote for Members of Congress, By District, {year}"" (county-level results per congressional district)",Wisconsin Blue Book (scanned pages supplied by the user); local copies R/data/county_house_files/wisconsin/{year}/,scanned page images,user-supplied (photographed pages),"hand-transcribed from page images; every district's county rows tie exactly to that district's own printed TOTAL row (02ag_house_wi_1990_1996.R covers 1990/1992/1994/1996; 02ah_house_wi_1998_2004.R covers 1998). Many Wisconsin counties split across districts as ""County (part)"" rows, summed to the full county.","No license or terms stated on the pages/files used; official state publication (Wisconsin Legislative Reference Bureau). Reuse terms not confirmed. Terms check 2026-09-23: Blue Book copyright page (2021 volume, read from the PDF): 'All rights reserved' (Joint Committee on Legislative Organization); UW Digital Collections claims compilation copyright in the scanned Blue Books, allowing educational, research and fair-use downloads. The 1990s and 2004 volumes were not checked. Underlying vote counts are not addressed; permissions contact lrb.legal@legis.wisconsin.gov.",state_restrictive,"1998 District 2 had 3 write-in candidates with a printed party label (footnoted in the source), kept as ordinary candidate rows classified by their printed party"
house,WI,wi,2004,2004,sos_report,Wisconsin Legislative Reference Bureau (Wisconsin Blue Book),"Wisconsin Blue Book, ""District Vote for Members of the 109th U.S. Congress, November 2, 2004"" (county-level results per congressional district)",Wisconsin Blue Book (scanned pages supplied by the user); local copy R/data/county_house_files/wisconsin/2004/,scanned page images,user-supplied (photographed pages),"hand-transcribed from page images; every district's county rows tie exactly to that district's own printed TOTAL row, cross-checked against the source's own ""Percent of Total Vote"" row (02ah_house_wi_1998_2004.R). Replaces a genuine OpenElections archive gap for this one year (the repo nominally spans 2000-2022 but has no usable 2004 general-election file, same pattern as Ohio's 2004 gap).","No license or terms stated on the pages/files used; official state publication (Wisconsin Legislative Reference Bureau). Reuse terms not confirmed. Terms check 2026-09-23: Blue Book copyright page (2021 volume, read from the PDF): 'All rights reserved' (Joint Committee on Legislative Organization); UW Digital Collections claims compilation copyright in the scanned Blue Books, allowing educational, research and fair-use downloads. The 1990s and 2004 volumes were not checked. Underlying vote counts are not addressed; permissions contact lrb.legal@legis.wisconsin.gov.",state_restrictive,Wisconsin reduced from 9 to 8 U.S. House districts for this election (post-2000 redistricting)
house,RI,ri,1990,2006,sos_web,Rhode Island Board of Elections (elections.ri.gov),"{year} general election, U.S. House, town-level results (various page names per year) cross-checked against the RI Board of Elections' own Election Results Count Book PDF","https://elections.ri.gov/elections/results/{year}/ (site is Cloudflare-protected; fetched via a browser-automation session, cached locally under R/data/county_house_files/rhode_island/raw/); Count Books at elections.ri.gov's Publications/Countbooks path",HTML tables (site) + PDF (Count Book cross-check),browser-automation session (Cloudflare managed challenge cleared by a real browser; not curl-able) + PDF cross-check,"parsed HTML tables; every district's town rows tie to a printed total (STATE TOTAL/DISTRICT TOTAL/COUNTY TOTAL depending on year) or, for 2006 (no per-town printed total on the live site), to the certified statewide district totals; two real source-side town-label bugs found and fixed against the Count Book (1994 District 2's live-site page copies District 1's town list; 2002 District 2 has a 3-way West Greenwich/West Warwick/Westerly label rotation, also present one page later in the Count Book's own by-county rollup) (02ai_house_ri_1990_2010.R)","No license or terms stated on the pages/files used; official public record published by the state agency. Reuse terms not confirmed. Terms check 2026-09-23: RI.gov copyright policy: 'The compiled information presented on this WWW site is considered public information and may be distributed or copied. However, use of appropriate byline/photo/image credits is requested.' elections.ri.gov itself returned HTTP 403, so this is the state-wide policy only.",state_permissive,Providence is Rhode Island's only town that splits across both congressional districts every year in this range; summed into Providence County's total
house,RI,ri,2010,2010,sos_web,Rhode Island Board of Elections / RI.gov election-night results portal,"2010 general election, U.S. House, per-town JSON results files","https://s3.amazonaws.com/rigov/election/results/2010/general_election/{town}.json (linked from www.ri.gov/election/results/2010/general_election/data/, not Cloudflare-protected, plain curl)",JSON (one file per town),downloaded (scripted),"parsed JSON; town totals tie to certified statewide district totals after excluding two non-geographic absentee-ballot buckets (""Federal District""/""State Limited District"") that cannot be assigned to any town, same treatment as this project's other non-county vote buckets (MEDSL's Kansas City MO, Maine, NYC rows) (02ai_house_ri_1990_2010.R). Replaces the OpenElections-sourced 2010 file, which was a confirmed byte-for-byte duplicate of its own 2012 file and was never usable.","No license or terms stated on the pages/files used; official public record published by the state agency. Reuse terms not confirmed. Terms check 2026-09-23: RI.gov copyright policy: 'The compiled information presented on this WWW site is considered public information and may be distributed or copied. However, use of appropriate byline/photo/image credits is requested.' elections.ri.gov itself returned HTTP 403, so this is the state-wide policy only.",state_permissive,Providence's file has both congressional districts' results; summed into Providence County's total
house,IA,ia,1990,1998,sos_report,Iowa Secretary of State,"{year} General Election Canvass, U.S. Representative by county (scanned)","local files R/data/county_house_files/IA_1990gencanv.pdf, IA_1992gencanv.pdf, IA_1994gencanv.pdf, IA_1996gencanv.pdf, IA_1998.pdf; original URLs not recorded","PDF, scanned image (existing OCR text layer unreliable for digits)",user-supplied PDF,"OCR text used only to locate the U.S. House pages; every vote count hand-transcribed from 300dpi page renders and verified against each district's own printed TOTALS row (02aj_house_ia_1990_1996_1998.R covers 1990/1996/1998; 02ak_house_ia_1992_1994.R covers 1992/1994). Iowa had 6 U.S. House districts in 1990 (reduced to 5 for 1992 onward, post-1990-census reapportionment). Two genuine arithmetic errors found in the source PDFs themselves (not transcription errors, confirmed by re-reading the page images): 1996 District 1's printed TOTALS row (244,596) is 2 short of the sum of its own 8 printed county rows (244,598); 1994 District 5's Pocahontas County row sums to 3,363 but prints a district TOTALS contribution of 3,361. In both cases the county-level sums (the more granular, independently-checkable figures) were used rather than the source's own inconsistent total.",No license or terms stated on the pages/files used; official public record published by the state agency. Reuse terms not confirmed. Terms check 2026-09-23: sos.iowa.gov disclaimer is warranty/liability only; iowa.gov policies note content may be subject to Iowa Code ch. 22 (public records).,not_stated,"One county name (Union, 1990 District 5) was obscured by a physical fold in the scanned page; recovered by alphabetical position and by subtracting every other legible county from the district's own printed total"
house,IA,ia_2008_supp,2008,2008,sos_report,Iowa Secretary of State,"2008 Official Canvass, U.S. Representative, District 5 (born-digital PDF)",local file R/data/county_house_files/IA_OfficialCanvass2008General.pdf; original URL not recorded,"PDF, text layer",user-supplied PDF,"parsed directly (born-digital, no OCR needed); fills exactly the 10 southwest-Iowa counties (Page, Plymouth, Pottawattamie, Ringgold, Sac, Shelby, Sioux, Taylor, Union, Woodbury) missing from the existing OpenElections-sourced 2008 build (89/99 counties) -- a supplement, not a replacement; the other 89 counties remain sourced from OpenElections (02al_house_ia_2008_supplement.R)",No license or terms stated on the pages/files used; official public record published by the state agency. Reuse terms not confirmed. Terms check 2026-09-23: sos.iowa.gov disclaimer is warranty/liability only; iowa.gov policies note content may be subject to Iowa Code ch. 22 (public records).,not_stated,IA-5 2008: Steve King (R) / Rob Hubler (D) / Victor Vara
house,MS,ms,1998,2004,sos_report,Mississippi Secretary of State (Mississippi Official and Statistical Register),"{year} General Election, U.S. House of Representatives by county (Mississippi Blue Book)","local files R/data/county_house_files/MS_98-2000.pdf (the Register's own title page says 2000-2004 edition, published 2001) and MS_02-04.pdf (title page says 2004-2008 edition, published 2005); original URLs not recorded","PDF, text layer (born-digital)",user-supplied PDF,"parsed directly from the text layer (clean, born-digital typeset, no OCR needed); every district's county rows tie exactly to that district's own printed TOTAL row (02an_house_ms_1998_2000.R; 02ao_house_ms_2002_2004.R), except 2004 District 4 where the printed TOTAL (181,614) is 300 more than the sum of its own 15 printed county rows (181,314) -- a genuine source-side arithmetic error, used the county-row sum. Mississippi reduced from 5 to 4 U.S. House districts starting with the 2002 election (post-2000-census reapportionment); the 4 districts still jointly cover all 82 counties both 2002 and 2004.",No license or terms stated on the pages/files used; official state publication (Mississippi Secretary of State). Reuse terms not confirmed. Terms check 2026-09-23: sos.ms.gov disclaimer: '© Mississippi Secretary of State. All rights reserved.' plus accuracy disclaimers; nothing on reproduction of the Register or bulk data.,not_stated,"This same Register (a different, older, harder-to-read edition) also nominally covers 1990/1992, but those years were NOT folded into the panel -- see data_corrections_log.csv for a documented, unresolved accuracy problem in that older edition. 1994 and 1996 are not covered by any Register edition the user supplied."
house,MS,ms,1990,1992,sos_report,Mississippi Secretary of State (Mississippi Official and Statistical Register),"{year} General Election, U.S. House of Representatives by county (Mississippi Blue Book, 1992-1996 edition)","local file R/data/county_house_files/MS_90-92.pdf (PDF pages 367-368 for 1990, 463-464 for 1992); original URL not recorded","PDF, scanned image (old dot-leader typeset, existing OCR text layer unreliable for digits)",user-supplied PDF,"hand-transcribed from high-DPI page renders, cross-checked against FEC's certified 1990/1992 U.S. House district totals (R/data/fec_official/fec1990_house.csv, fec1992_house.csv). 5 of 8 originally-flagged district-years confirmed correct (1990 D1/D4/D5, 1992 D1/D3/D4); 3 remain a known, documented overcount of exactly +4,000 votes each (1990 D2 Mike Espy, 1992 D2 Mike Espy, 1992 D5 Gene Taylor) that survived three independent verification methods per table without finding a specific bad county cell -- see data_corrections_log.csv. Folded in as the best available county-level breakdown with a totals_possibly_inflated release flag on the affected rows. 1990 is missing Yalobusha County entirely (81/82).",No license or terms stated on the pages/files used; official state publication (Mississippi Secretary of State). Reuse terms not confirmed. Terms check 2026-09-23: sos.ms.gov disclaimer: '© Mississippi Secretary of State. All rights reserved.' plus accuracy disclaimers; nothing on reproduction of the Register or bulk data.,not_stated,"See the separate house,MS,ms,1998,2004 registry row for the newer, clean, born-digital editions of the same Register covering 1998-2004. 1994 and 1996 remain absent from every edition the user supplied."
house,ID,idcv,1990,2022,sos_web,"Idaho Secretary of State (Elections Database, canvass.sos.idaho.gov)","Elections Database: U.S. Representative, General Election {year}, county results (CSV export)",https://canvass.sos.idaho.gov/eng/contests/search/year_from:<y1>/year_to:<y2>/office_id:3/show_granularity_dt_id:3/.csv; local copies R/data/raw_house_county_open_states/idaho_canvass/,CSV,downloaded by curl (two exports),parsed CSV; candidate votes equal the county Total Votes Cast row in every county and district (01fm_house_county_idaho_canvass.R),"The database's About page says it was created 'to provide an easy way for the general public to access, explore, and analyze the electoral history of this jurisdiction'; no copyright or reuse restriction found; robots file allows all. Official public record. Terms check 2026-09-24.",not_stated,Ada County is in both districts and is summed; 2022 completes the 44th county that MEDSL lacked (the other 43 are identical)
house,WY,wysos,1996,2006,sos_report,Wyoming Secretary of State (Elections Division),"{year} General Election statewide results PDF (1996: 96General_SW_Candidate_Judicial_Const.Amendments.pdf; 1998: Statewide_Issues Abstract.pdf; 2006: SW_Candidates_Summary.pdf), U.S. Representative by county",https://sos.wyo.gov/Elections/Docs/<year>/<year>GeneralResults.aspx (PDFs under /Elections/Docs/<year>/<yy>Results/<yy>General/); local copies R/data/county_house_files/wyoming/,text PDF,downloaded by curl (3 PDFs; the site needs a browser-like User-Agent),parsed text layer (01fo_wyoming_parse.py); every candidate's 23 county rows equal the printed totals,No terms found on sos.wyo.gov (the AG site carries 'Copyright State of Wyoming All Rights Reserved'); robots file disallows only campaign-finance paths. Official public record. Terms check 2026-09-24.,not_stated,At-large seat; 1996 and 1998 print surnames only
house,NC,ncsbe,1996,1998,sos_file,North Carolina State Board of Elections (archived results files),{year} general election U.S. House abstract of votes by county and congressional district (results_by_contest zip: 1996 results_US_House_19961105.pdf; 1998 results_US_House_01..12_19981103.pdf),"https://s3.amazonaws.com/dl.ncsbe.gov/ENRS/1996_11_05/results_by_contest_19961105.zip and .../1998_11_03/results_by_contest_19981103.zip (public bucket, not linked from the Historical Election Results page); local copies R/data/county_house_files/north_carolina/",text PDFs in ZIPs,downloaded by curl (2 zips),parsed text (01fr_northcarolina_1996_1998_parse.py); 1996 county rows tie to each district Total row and 1998 county TOTALS lines to each GRAND TOTALS line; 1996 statewide candidate totals equal the FEC,The bucket's ReadMe says the files 'are considered public information per NC General Statutes'; no restriction found. Terms check 2026-09-24.,state_permissive,Split counties appear once per district and are summed; 1996 candidate names from the printed column headers
house,SC,scenr,2010,2010,sos_file,"South Carolina State Election Commission (election-night reporting archive, enr-scvotes.org)","2010 General Election detail workbook (detail.xls, SpreadsheetML): U.S. House of Representatives Districts 1-6 by county",http://www.enr-scvotes.org/SC/19077/39934/reports/detailxls.zip (linked from https://scvotes.gov/elections-statistics/election-results/); local copy R/data/raw_house_county_open_states/south_carolina_2010/,XML spreadsheet (zip),downloaded by curl,parsed XML (sums tie to each sheet Totals row); no party column: D/R nominees identified from the FEC results (all six district D and R totals equal the FEC),No terms or copyright notice found on scvotes.gov or the ENR page (privacy statement only); robots files do not restrict the path. Official public record. Terms check 2026-09-24.,not_stated,"Jane Ballard Dyer appears on two ballot lines, both counted DEM (the FEC combines them); write-ins kept as OTHER"
house,DE,dede,2012,2012,sos_web,Delaware Department of Elections (results archive),"General Elections 11/06/12, Statewide Offices By County (stwoff_kns.txt): Representative in Congress",https://elections.delaware.gov/elections/resultsarchive/elect12/elect12_general/data/stwoff_kns.txt; local copy R/data/raw_house_county_open_states/delaware/stwoff_kns_2012.txt,TXT (semicolon-separated),downloaded by curl,parsed text; county columns add up to the printed Office Total of every candidate,No terms found on elections.delaware.gov (the delaware.gov privacy policy concerns personal data). Official public record. Terms check 2026-09-24.,not_stated,"The file's first column is headed 'Wilmington' but holds New Castle County's totals (e.g. 165,723 for Carney)"
house,DE,dede,1990,1996,sos_report,Delaware Department of Elections (results archive),"Official Results of General Election for Statewide Offices, November 6 1990 / November 3 1992 / November 8 1994 / November 5 1996 (scanned tables; U.S. Representative by City of Wilmington, Rural New Castle, Kent, Sussex)",https://elections.delaware.gov/elections/resultsarchive/elect<yy>/pdfs/<year>.pdf (elect90, elect92, elect94, elect96); local copies R/data/county_house_files/delaware/DE_<year>_general.pdf,PDF (image-only scans),downloaded by curl,hand-transcribed from the page images (01ge_delaware_1990_1996_transcribe.py); every candidate row and column ties to the printed totals; New Castle = City of Wilmington + Rural New Castle,No terms found on elections.delaware.gov (the delaware.gov privacy policy concerns personal data). Official public record. Terms check 2026-09-24.,not_stated,Delaware has one at-large district; 1998 is published only by election district and is not built
house,MT,mtsos,1992,1998,sos_report,"Montana Secretary of State (official general-election canvass, archived copies on the Wayback Machine)","{year} Statewide General Canvass PDF, U.S. House (at-large) by county","https://web.archive.org/web/2009020516xxxx/http://sos.mt.gov/Elections/archives/1990s/<year>/<yy>GEN/<year>gen.pdf (captures 20090205162642, 20090205162706, 20090205162801); local copies R/data/county_house_files/montana/",text PDF (wide table split over pages),"downloaded from the Wayback Machine (curl, 3 PDFs)",parsed text layer (01fy_montana_1992_1998_parse.py); 1996 and 1998 match candidate columns to counties by row order; every candidate total ties to the printed statewide total and county House votes are 83-99% of votes cast; 1992 and 1996 candidate totals equal the FEC,No reuse terms found on the Montana state pages (footer links to mt.gov accessibility and privacy notices without a data-use statement). Official public record. Terms check 2026-09-24.,not_stated,"At-large seat; 1996 has Democrat, Republican, Natural Law and Reform candidates"
