year,state_po,district,county_fips,candidate,party,whole_county,state_rule,source,county_method
1990,FL,08,12103,C. W. Bill Young,REP,FALSE,Florida law does not print the names of candidates with no opposition on the ballot.,FEC Federal Elections 1990 (Unopposed),boundary_overlay:UCLA districts102 (1990 election)
1990,FL,10,12027,Andy Ireland,REP,TRUE,Florida law does not print the names of candidates with no opposition on the ballot.,FEC Federal Elections 1990 (Unopposed),boundary_overlay:UCLA districts102 (1990 election)
1990,FL,10,12049,Andy Ireland,REP,TRUE,Florida law does not print the names of candidates with no opposition on the ballot.,FEC Federal Elections 1990 (Unopposed),boundary_overlay:UCLA districts102 (1990 election)
1990,FL,10,12081,Andy Ireland,REP,TRUE,Florida law does not print the names of candidates with no opposition on the ballot.,FEC Federal Elections 1990 (Unopposed),boundary_overlay:UCLA districts102 (1990 election)
1990,FL,10,12097,Andy Ireland,REP,FALSE,Florida law does not print the names of candidates with no opposition on the ballot.,FEC Federal Elections 1990 (Unopposed),boundary_overlay:UCLA districts102 (1990 election)
1990,FL,10,12105,Andy Ireland,REP,TRUE,Florida law does not print the names of candidates with no opposition on the ballot.,FEC Federal Elections 1990 (Unopposed),boundary_overlay:UCLA districts102 (1990 election)
1990,FL,12,12021,Tom Lewis,REP,TRUE,Florida law does not print the names of candidates with no opposition on the ballot.,FEC Federal Elections 1990 (Unopposed),boundary_overlay:UCLA districts102 (1990 election)
1990,FL,12,12043,Tom Lewis,REP,TRUE,Florida law does not print the names of candidates with no opposition on the ballot.,FEC Federal Elections 1990 (Unopposed),boundary_overlay:UCLA districts102 (1990 election)
1990,FL,12,12051,Tom Lewis,REP,TRUE,Florida law does not print the names of candidates with no opposition on the ballot.,FEC Federal Elections 1990 (Unopposed),boundary_overlay:UCLA districts102 (1990 election)
1990,FL,12,12055,Tom Lewis,REP,TRUE,Florida law does not print the names of candidates with no opposition on the ballot.,FEC Federal Elections 1990 (Unopposed),boundary_overlay:UCLA districts102 (1990 election)
1990,FL,12,12061,Tom Lewis,REP,FALSE,Florida law does not print the names of candidates with no opposition on the ballot.,FEC Federal Elections 1990 (Unopposed),boundary_overlay:UCLA districts102 (1990 election)
1990,FL,12,12085,Tom Lewis,REP,TRUE,Florida law does not print the names of candidates with no opposition on the ballot.,FEC Federal Elections 1990 (Unopposed),boundary_overlay:UCLA districts102 (1990 election)
1990,FL,12,12093,Tom Lewis,REP,TRUE,Florida law does not print the names of candidates with no opposition on the ballot.,FEC Federal Elections 1990 (Unopposed),boundary_overlay:UCLA districts102 (1990 election)
1990,FL,12,12099,Tom Lewis,REP,FALSE,Florida law does not print the names of candidates with no opposition on the ballot.,FEC Federal Elections 1990 (Unopposed),boundary_overlay:UCLA districts102 (1990 election)
1990,FL,12,12111,Tom Lewis,REP,TRUE,Florida law does not print the names of candidates with no opposition on the ballot.,FEC Federal Elections 1990 (Unopposed),boundary_overlay:UCLA districts102 (1990 election)
1990,FL,13,12015,Porter J. Goss,REP,TRUE,Florida law does not print the names of candidates with no opposition on the ballot.,FEC Federal Elections 1990 (Unopposed),boundary_overlay:UCLA districts102 (1990 election)
1990,FL,13,12021,Porter J. Goss,REP,TRUE,Florida law does not print the names of candidates with no opposition on the ballot.,FEC Federal Elections 1990 (Unopposed),boundary_overlay:UCLA districts102 (1990 election)
1990,FL,13,12071,Porter J. Goss,REP,TRUE,Florida law does not print the names of candidates with no opposition on the ballot.,FEC Federal Elections 1990 (Unopposed),boundary_overlay:UCLA districts102 (1990 election)
1990,FL,13,12115,Porter J. Goss,REP,TRUE,Florida law does not print the names of candidates with no opposition on the ballot.,FEC Federal Elections 1990 (Unopposed),boundary_overlay:UCLA districts102 (1990 election)
1990,FL,16,12011,Larry Smith,DEM,FALSE,Florida law does not print the names of candidates with no opposition on the ballot.,FEC Federal Elections 1990 (Unopposed),boundary_overlay:UCLA districts102 (1990 election)
1990,FL,16,12086,Larry Smith,DEM,FALSE,Florida law does not print the names of candidates with no opposition on the ballot.,FEC Federal Elections 1990 (Unopposed),boundary_overlay:UCLA districts102 (1990 election)
1990,LA,06,22033,Richard H. Baker,REP,FALSE,Under Louisiana law (R.S. 18:511) an unopposed candidate is declared elected and does not appear on the ballot.,FEC Federal Elections 1990 (Louisiana note: declared elected unopposed),boundary_overlay:UCLA districts102 (1990 election)
1990,LA,06,22063,Richard H. Baker,REP,TRUE,Under Louisiana law (R.S. 18:511) an unopposed candidate is declared elected and does not appear on the ballot.,FEC Federal Elections 1990 (Louisiana note: declared elected unopposed),boundary_overlay:UCLA districts102 (1990 election)
1990,LA,06,22105,Richard H. Baker,REP,TRUE,Under Louisiana law (R.S. 18:511) an unopposed candidate is declared elected and does not appear on the ballot.,FEC Federal Elections 1990 (Louisiana note: declared elected unopposed),boundary_overlay:UCLA districts102 (1990 election)
1990,LA,06,22117,Richard H. Baker,REP,TRUE,Under Louisiana law (R.S. 18:511) an unopposed candidate is declared elected and does not appear on the ballot.,FEC Federal Elections 1990 (Louisiana note: declared elected unopposed),boundary_overlay:UCLA districts102 (1990 election)
1992,FL,21,12086,Lincoln Diaz-Balart,REP,FALSE,Florida law does not print the names of candidates with no opposition on the ballot.,House Clerk Statistics of the Congressional Election 1992,same_map_year:1994
1994,FL,04,12031,Tillie K. Fowler,REP,FALSE,Florida law does not print the names of candidates with no opposition on the ballot.,House Clerk Statistics of the Congressional Election 1994,same_map_year:1992
1994,FL,04,12035,Tillie K. Fowler,REP,FALSE,Florida law does not print the names of candidates with no opposition on the ballot.,House Clerk Statistics of the Congressional Election 1994,same_map_year:1992
1994,FL,04,12089,Tillie K. Fowler,REP,TRUE,Florida law does not print the names of candidates with no opposition on the ballot.,House Clerk Statistics of the Congressional Election 1994,same_map_year:1992
1994,FL,04,12109,Tillie K. Fowler,REP,FALSE,Florida law does not print the names of candidates with no opposition on the ballot.,House Clerk Statistics of the Congressional Election 1994,same_map_year:1992
1994,FL,04,12127,Tillie K. Fowler,REP,FALSE,Florida law does not print the names of candidates with no opposition on the ballot.,House Clerk Statistics of the Congressional Election 1994,same_map_year:1992
1994,FL,10,12103,C. W. Bill Young,REP,FALSE,Florida law does not print the names of candidates with no opposition on the ballot.,House Clerk Statistics of the Congressional Election 1994,same_map_year:1992
1994,FL,13,12015,Dan Miller,REP,TRUE,Florida law does not print the names of candidates with no opposition on the ballot.,House Clerk Statistics of the Congressional Election 1994,same_map_year:1992
1994,FL,13,12057,Dan Miller,REP,FALSE,Florida law does not print the names of candidates with no opposition on the ballot.,House Clerk Statistics of the Congressional Election 1994,same_map_year:1992
1994,FL,13,12081,Dan Miller,REP,TRUE,Florida law does not print the names of candidates with no opposition on the ballot.,House Clerk Statistics of the Congressional Election 1994,same_map_year:1992
1994,FL,13,12115,Dan Miller,REP,TRUE,Florida law does not print the names of candidates with no opposition on the ballot.,House Clerk Statistics of the Congressional Election 1994,same_map_year:1992
1994,FL,14,12015,Porter J. Goss,REP,TRUE,Florida law does not print the names of candidates with no opposition on the ballot.,House Clerk Statistics of the Congressional Election 1994,same_map_year:1992
1994,FL,14,12021,Porter J. Goss,REP,TRUE,Florida law does not print the names of candidates with no opposition on the ballot.,House Clerk Statistics of the Congressional Election 1994,same_map_year:1992
1994,FL,14,12071,Porter J. Goss,REP,TRUE,Florida law does not print the names of candidates with no opposition on the ballot.,House Clerk Statistics of the Congressional Election 1994,same_map_year:1992
1994,FL,18,12086,Ileana Ros-Lehtinen,REP,FALSE,Florida law does not print the names of candidates with no opposition on the ballot.,House Clerk Statistics of the Congressional Election 1994,same_map_year:1992
1994,FL,23,12011,Alcee L. Hastings,DEM,FALSE,Florida law does not print the names of candidates with no opposition on the ballot.,House Clerk Statistics of the Congressional Election 1994,same_map_year:1992
1994,FL,23,12051,Alcee L. Hastings,DEM,FALSE,Florida law does not print the names of candidates with no opposition on the ballot.,House Clerk Statistics of the Congressional Election 1994,same_map_year:1992
1994,FL,23,12085,Alcee L. Hastings,DEM,FALSE,Florida law does not print the names of candidates with no opposition on the ballot.,House Clerk Statistics of the Congressional Election 1994,same_map_year:1992
1994,FL,23,12086,Alcee L. Hastings,DEM,FALSE,Florida law does not print the names of candidates with no opposition on the ballot.,House Clerk Statistics of the Congressional Election 1994,same_map_year:1992
1994,FL,23,12093,Alcee L. Hastings,DEM,FALSE,Florida law does not print the names of candidates with no opposition on the ballot.,House Clerk Statistics of the Congressional Election 1994,same_map_year:1992
1994,FL,23,12099,Alcee L. Hastings,DEM,FALSE,Florida law does not print the names of candidates with no opposition on the ballot.,House Clerk Statistics of the Congressional Election 1994,same_map_year:1992
1994,FL,23,12111,Alcee L. Hastings,DEM,FALSE,Florida law does not print the names of candidates with no opposition on the ballot.,House Clerk Statistics of the Congressional Election 1994,same_map_year:1992
1996,FL,04,12031,Tillie K. Fowler,REP,FALSE,Florida law does not print the names of candidates with no opposition on the ballot.,House Clerk Statistics of the Congressional Election 1996,same_map_year:2000
1996,FL,04,12035,Tillie K. Fowler,REP,FALSE,Florida law does not print the names of candidates with no opposition on the ballot.,House Clerk Statistics of the Congressional Election 1996,same_map_year:2000
1996,FL,04,12089,Tillie K. Fowler,REP,TRUE,Florida law does not print the names of candidates with no opposition on the ballot.,House Clerk Statistics of the Congressional Election 1996,same_map_year:2000
1996,FL,04,12109,Tillie K. Fowler,REP,FALSE,Florida law does not print the names of candidates with no opposition on the ballot.,House Clerk Statistics of the Congressional Election 1996,same_map_year:2000
1996,FL,04,12127,Tillie K. Fowler,REP,FALSE,Florida law does not print the names of candidates with no opposition on the ballot.,House Clerk Statistics of the Congressional Election 1996,same_map_year:2000
1996,LA,01,22051,Bob Livingston,REP,TRUE,Under Louisiana law (R.S. 18:511) an unopposed candidate is declared elected and does not appear on the ballot.,House Clerk Statistics of the Congressional Election 1996,same_map_year:2000
1996,LA,01,22071,Bob Livingston,REP,TRUE,Under Louisiana law (R.S. 18:511) an unopposed candidate is declared elected and does not appear on the ballot.,House Clerk Statistics of the Congressional Election 1996,same_map_year:2000
1996,LA,01,22103,Bob Livingston,REP,TRUE,Under Louisiana law (R.S. 18:511) an unopposed candidate is declared elected and does not appear on the ballot.,House Clerk Statistics of the Congressional Election 1996,same_map_year:2000
1996,LA,01,22105,Bob Livingston,REP,TRUE,Under Louisiana law (R.S. 18:511) an unopposed candidate is declared elected and does not appear on the ballot.,House Clerk Statistics of the Congressional Election 1996,same_map_year:2000
1996,LA,01,22117,Bob Livingston,REP,TRUE,Under Louisiana law (R.S. 18:511) an unopposed candidate is declared elected and does not appear on the ballot.,House Clerk Statistics of the Congressional Election 1996,same_map_year:2000
1996,LA,02,22051,William J. Jefferson,DEM,TRUE,Under Louisiana law (R.S. 18:511) an unopposed candidate is declared elected and does not appear on the ballot.,House Clerk Statistics of the Congressional Election 1996,same_map_year:1998
1996,LA,02,22071,William J. Jefferson,DEM,TRUE,Under Louisiana law (R.S. 18:511) an unopposed candidate is declared elected and does not appear on the ballot.,House Clerk Statistics of the Congressional Election 1996,same_map_year:1998
1996,LA,03,22005,W. J. (Billy) Tauzin,REP,FALSE,Under Louisiana law (R.S. 18:511) an unopposed candidate is declared elected and does not appear on the ballot.,House Clerk Statistics of the Congressional Election 1996,same_map_year:2000
1996,LA,03,22007,W. J. (Billy) Tauzin,REP,TRUE,Under Louisiana law (R.S. 18:511) an unopposed candidate is declared elected and does not appear on the ballot.,House Clerk Statistics of the Congressional Election 1996,same_map_year:2000
1996,LA,03,22045,W. J. (Billy) Tauzin,REP,TRUE,Under Louisiana law (R.S. 18:511) an unopposed candidate is declared elected and does not appear on the ballot.,House Clerk Statistics of the Congressional Election 1996,same_map_year:2000
1996,LA,03,22051,W. J. (Billy) Tauzin,REP,TRUE,Under Louisiana law (R.S. 18:511) an unopposed candidate is declared elected and does not appear on the ballot.,House Clerk Statistics of the Congressional Election 1996,same_map_year:2000
1996,LA,03,22057,W. J. (Billy) Tauzin,REP,TRUE,Under Louisiana law (R.S. 18:511) an unopposed candidate is declared elected and does not appear on the ballot.,House Clerk Statistics of the Congressional Election 1996,same_map_year:2000
1996,LA,03,22075,W. J. (Billy) Tauzin,REP,TRUE,Under Louisiana law (R.S. 18:511) an unopposed candidate is declared elected and does not appear on the ballot.,House Clerk Statistics of the Congressional Election 1996,same_map_year:2000
1996,LA,03,22087,W. J. (Billy) Tauzin,REP,TRUE,Under Louisiana law (R.S. 18:511) an unopposed candidate is declared elected and does not appear on the ballot.,House Clerk Statistics of the Congressional Election 1996,same_map_year:2000
1996,LA,03,22089,W. J. (Billy) Tauzin,REP,TRUE,Under Louisiana law (R.S. 18:511) an unopposed candidate is declared elected and does not appear on the ballot.,House Clerk Statistics of the Congressional Election 1996,same_map_year:2000
1996,LA,03,22093,W. J. (Billy) Tauzin,REP,TRUE,Under Louisiana law (R.S. 18:511) an unopposed candidate is declared elected and does not appear on the ballot.,House Clerk Statistics of the Congressional Election 1996,same_map_year:2000
1996,LA,03,22095,W. J. (Billy) Tauzin,REP,TRUE,Under Louisiana law (R.S. 18:511) an unopposed candidate is declared elected and does not appear on the ballot.,House Clerk Statistics of the Congressional Election 1996,same_map_year:2000
1996,LA,03,22099,W. J. (Billy) Tauzin,REP,FALSE,Under Louisiana law (R.S. 18:511) an unopposed candidate is declared elected and does not appear on the ballot.,House Clerk Statistics of the Congressional Election 1996,same_map_year:2000
1996,LA,03,22101,W. J. (Billy) Tauzin,REP,TRUE,Under Louisiana law (R.S. 18:511) an unopposed candidate is declared elected and does not appear on the ballot.,House Clerk Statistics of the Congressional Election 1996,same_map_year:2000
1996,LA,03,22109,W. J. (Billy) Tauzin,REP,TRUE,Under Louisiana law (R.S. 18:511) an unopposed candidate is declared elected and does not appear on the ballot.,House Clerk Statistics of the Congressional Election 1996,same_map_year:2000
1998,AR,01,05001,Marion Berry,DEM,TRUE,"Arkansas law does not require votes for unopposed candidates to be counted, so no county returns exist.",House Clerk Statistics of the Congressional Election 1998,same_map_year:1996
1998,AR,01,05021,Marion Berry,DEM,TRUE,"Arkansas law does not require votes for unopposed candidates to be counted, so no county returns exist.",House Clerk Statistics of the Congressional Election 1998,same_map_year:1996
1998,AR,01,05023,Marion Berry,DEM,TRUE,"Arkansas law does not require votes for unopposed candidates to be counted, so no county returns exist.",House Clerk Statistics of the Congressional Election 1998,same_map_year:1996
1998,AR,01,05031,Marion Berry,DEM,TRUE,"Arkansas law does not require votes for unopposed candidates to be counted, so no county returns exist.",House Clerk Statistics of the Congressional Election 1998,same_map_year:1996
1998,AR,01,05035,Marion Berry,DEM,TRUE,"Arkansas law does not require votes for unopposed candidates to be counted, so no county returns exist.",House Clerk Statistics of the Congressional Election 1998,same_map_year:1996
1998,AR,01,05037,Marion Berry,DEM,TRUE,"Arkansas law does not require votes for unopposed candidates to be counted, so no county returns exist.",House Clerk Statistics of the Congressional Election 1998,same_map_year:1996
1998,AR,01,05049,Marion Berry,DEM,TRUE,"Arkansas law does not require votes for unopposed candidates to be counted, so no county returns exist.",House Clerk Statistics of the Congressional Election 1998,same_map_year:1996
1998,AR,01,05055,Marion Berry,DEM,TRUE,"Arkansas law does not require votes for unopposed candidates to be counted, so no county returns exist.",House Clerk Statistics of the Congressional Election 1998,same_map_year:1996
1998,AR,01,05063,Marion Berry,DEM,TRUE,"Arkansas law does not require votes for unopposed candidates to be counted, so no county returns exist.",House Clerk Statistics of the Congressional Election 1998,same_map_year:1996
1998,AR,01,05065,Marion Berry,DEM,TRUE,"Arkansas law does not require votes for unopposed candidates to be counted, so no county returns exist.",House Clerk Statistics of the Congressional Election 1998,same_map_year:1996
1998,AR,01,05067,Marion Berry,DEM,TRUE,"Arkansas law does not require votes for unopposed candidates to be counted, so no county returns exist.",House Clerk Statistics of the Congressional Election 1998,same_map_year:1996
1998,AR,01,05075,Marion Berry,DEM,TRUE,"Arkansas law does not require votes for unopposed candidates to be counted, so no county returns exist.",House Clerk Statistics of the Congressional Election 1998,same_map_year:1996
1998,AR,01,05077,Marion Berry,DEM,TRUE,"Arkansas law does not require votes for unopposed candidates to be counted, so no county returns exist.",House Clerk Statistics of the Congressional Election 1998,same_map_year:1996
1998,AR,01,05085,Marion Berry,DEM,TRUE,"Arkansas law does not require votes for unopposed candidates to be counted, so no county returns exist.",House Clerk Statistics of the Congressional Election 1998,same_map_year:1996
1998,AR,01,05093,Marion Berry,DEM,TRUE,"Arkansas law does not require votes for unopposed candidates to be counted, so no county returns exist.",House Clerk Statistics of the Congressional Election 1998,same_map_year:1996
1998,AR,01,05095,Marion Berry,DEM,TRUE,"Arkansas law does not require votes for unopposed candidates to be counted, so no county returns exist.",House Clerk Statistics of the Congressional Election 1998,same_map_year:1996
1998,AR,01,05107,Marion Berry,DEM,TRUE,"Arkansas law does not require votes for unopposed candidates to be counted, so no county returns exist.",House Clerk Statistics of the Congressional Election 1998,same_map_year:1996
1998,AR,01,05111,Marion Berry,DEM,TRUE,"Arkansas law does not require votes for unopposed candidates to be counted, so no county returns exist.",House Clerk Statistics of the Congressional Election 1998,same_map_year:1996
1998,AR,01,05117,Marion Berry,DEM,TRUE,"Arkansas law does not require votes for unopposed candidates to be counted, so no county returns exist.",House Clerk Statistics of the Congressional Election 1998,same_map_year:1996
1998,AR,01,05121,Marion Berry,DEM,TRUE,"Arkansas law does not require votes for unopposed candidates to be counted, so no county returns exist.",House Clerk Statistics of the Congressional Election 1998,same_map_year:1996
1998,AR,01,05123,Marion Berry,DEM,TRUE,"Arkansas law does not require votes for unopposed candidates to be counted, so no county returns exist.",House Clerk Statistics of the Congressional Election 1998,same_map_year:1996
1998,AR,01,05129,Marion Berry,DEM,TRUE,"Arkansas law does not require votes for unopposed candidates to be counted, so no county returns exist.",House Clerk Statistics of the Congressional Election 1998,same_map_year:1996
1998,AR,01,05135,Marion Berry,DEM,TRUE,"Arkansas law does not require votes for unopposed candidates to be counted, so no county returns exist.",House Clerk Statistics of the Congressional Election 1998,same_map_year:1996
1998,AR,01,05137,Marion Berry,DEM,TRUE,"Arkansas law does not require votes for unopposed candidates to be counted, so no county returns exist.",House Clerk Statistics of the Congressional Election 1998,same_map_year:1996
1998,AR,01,05147,Marion Berry,DEM,TRUE,"Arkansas law does not require votes for unopposed candidates to be counted, so no county returns exist.",House Clerk Statistics of the Congressional Election 1998,same_map_year:1996
1998,FL,04,12031,Tillie K. Fowler,REP,FALSE,Florida law does not print the names of candidates with no opposition on the ballot.,House Clerk Statistics of the Congressional Election 1998,same_map_year:2000
1998,FL,04,12035,Tillie K. Fowler,REP,FALSE,Florida law does not print the names of candidates with no opposition on the ballot.,House Clerk Statistics of the Congressional Election 1998,same_map_year:2000
1998,FL,04,12089,Tillie K. Fowler,REP,TRUE,Florida law does not print the names of candidates with no opposition on the ballot.,House Clerk Statistics of the Congressional Election 1998,same_map_year:2000
1998,FL,04,12109,Tillie K. Fowler,REP,FALSE,Florida law does not print the names of candidates with no opposition on the ballot.,House Clerk Statistics of the Congressional Election 1998,same_map_year:2000
1998,FL,04,12127,Tillie K. Fowler,REP,FALSE,Florida law does not print the names of candidates with no opposition on the ballot.,House Clerk Statistics of the Congressional Election 1998,same_map_year:2000
1998,FL,06,12003,Cliff Stearns,REP,TRUE,Florida law does not print the names of candidates with no opposition on the ballot.,House Clerk Statistics of the Congressional Election 1998,same_map_year:1996
1998,FL,06,12007,Cliff Stearns,REP,TRUE,Florida law does not print the names of candidates with no opposition on the ballot.,House Clerk Statistics of the Congressional Election 1998,same_map_year:1996
1998,FL,06,12019,Cliff Stearns,REP,FALSE,Florida law does not print the names of candidates with no opposition on the ballot.,House Clerk Statistics of the Congressional Election 1998,same_map_year:1996
1998,FL,06,12031,Cliff Stearns,REP,FALSE,Florida law does not print the names of candidates with no opposition on the ballot.,House Clerk Statistics of the Congressional Election 1998,same_map_year:1996
1998,FL,06,12069,Cliff Stearns,REP,FALSE,Florida law does not print the names of candidates with no opposition on the ballot.,House Clerk Statistics of the Congressional Election 1998,same_map_year:1996
1998,FL,06,12083,Cliff Stearns,REP,FALSE,Florida law does not print the names of candidates with no opposition on the ballot.,House Clerk Statistics of the Congressional Election 1998,same_map_year:1996
1998,FL,06,12107,Cliff Stearns,REP,FALSE,Florida law does not print the names of candidates with no opposition on the ballot.,House Clerk Statistics of the Congressional Election 1998,same_map_year:1996
1998,FL,06,12119,Cliff Stearns,REP,TRUE,Florida law does not print the names of candidates with no opposition on the ballot.,House Clerk Statistics of the Congressional Election 1998,same_map_year:1996
1998,FL,06,12125,Cliff Stearns,REP,TRUE,Florida law does not print the names of candidates with no opposition on the ballot.,House Clerk Statistics of the Congressional Election 1998,same_map_year:1996
1998,FL,07,12095,John L. Mica,REP,FALSE,Florida law does not print the names of candidates with no opposition on the ballot.,House Clerk Statistics of the Congressional Election 1998,same_map_year:1996
1998,FL,07,12117,John L. Mica,REP,FALSE,Florida law does not print the names of candidates with no opposition on the ballot.,House Clerk Statistics of the Congressional Election 1998,same_map_year:1996
1998,FL,07,12127,John L. Mica,REP,FALSE,Florida law does not print the names of candidates with no opposition on the ballot.,House Clerk Statistics of the Congressional Election 1998,same_map_year:1996
1998,FL,09,12057,Michael Bilirakis,REP,FALSE,Florida law does not print the names of candidates with no opposition on the ballot.,House Clerk Statistics of the Congressional Election 1998,same_map_year:1996
1998,FL,09,12101,Michael Bilirakis,REP,FALSE,Florida law does not print the names of candidates with no opposition on the ballot.,House Clerk Statistics of the Congressional Election 1998,same_map_year:1996
1998,FL,09,12103,Michael Bilirakis,REP,TRUE,Florida law does not print the names of candidates with no opposition on the ballot.,House Clerk Statistics of the Congressional Election 1998,same_map_year:1996
1998,FL,10,12103,C. W. Bill Young,REP,TRUE,Florida law does not print the names of candidates with no opposition on the ballot.,House Clerk Statistics of the Congressional Election 1998,same_map_year:1996
1998,FL,12,12027,Charles T. Canady,REP,TRUE,Florida law does not print the names of candidates with no opposition on the ballot.,House Clerk Statistics of the Congressional Election 1998,same_map_year:1996
1998,FL,12,12049,Charles T. Canady,REP,TRUE,Florida law does not print the names of candidates with no opposition on the ballot.,House Clerk Statistics of the Congressional Election 1998,same_map_year:1996
1998,FL,12,12055,Charles T. Canady,REP,TRUE,Florida law does not print the names of candidates with no opposition on the ballot.,House Clerk Statistics of the Congressional Election 1998,same_map_year:1996
1998,FL,12,12057,Charles T. Canady,REP,FALSE,Florida law does not print the names of candidates with no opposition on the ballot.,House Clerk Statistics of the Congressional Election 1998,same_map_year:1996
1998,FL,12,12101,Charles T. Canady,REP,FALSE,Florida law does not print the names of candidates with no opposition on the ballot.,House Clerk Statistics of the Congressional Election 1998,same_map_year:1996
1998,FL,12,12105,Charles T. Canady,REP,FALSE,Florida law does not print the names of candidates with no opposition on the ballot.,House Clerk Statistics of the Congressional Election 1998,same_map_year:1996
1998,FL,13,12015,Dan Miller,REP,TRUE,Florida law does not print the names of candidates with no opposition on the ballot.,House Clerk Statistics of the Congressional Election 1998,same_map_year:1996
1998,FL,13,12057,Dan Miller,REP,FALSE,Florida law does not print the names of candidates with no opposition on the ballot.,House Clerk Statistics of the Congressional Election 1998,same_map_year:1996
1998,FL,13,12081,Dan Miller,REP,TRUE,Florida law does not print the names of candidates with no opposition on the ballot.,House Clerk Statistics of the Congressional Election 1998,same_map_year:1996
1998,FL,13,12115,Dan Miller,REP,TRUE,Florida law does not print the names of candidates with no opposition on the ballot.,House Clerk Statistics of the Congressional Election 1998,same_map_year:1996
1998,FL,14,12015,Porter J. Goss,REP,TRUE,Florida law does not print the names of candidates with no opposition on the ballot.,House Clerk Statistics of the Congressional Election 1998,same_map_year:1996
1998,FL,14,12021,Porter J. Goss,REP,TRUE,Florida law does not print the names of candidates with no opposition on the ballot.,House Clerk Statistics of the Congressional Election 1998,same_map_year:1996
1998,FL,14,12071,Porter J. Goss,REP,TRUE,Florida law does not print the names of candidates with no opposition on the ballot.,House Clerk Statistics of the Congressional Election 1998,same_map_year:1996
1998,FL,16,12043,Mark Foley,REP,TRUE,Florida law does not print the names of candidates with no opposition on the ballot.,House Clerk Statistics of the Congressional Election 1998,same_map_year:1996
1998,FL,16,12051,Mark Foley,REP,TRUE,Florida law does not print the names of candidates with no opposition on the ballot.,House Clerk Statistics of the Congressional Election 1998,same_map_year:1996
1998,FL,16,12055,Mark Foley,REP,TRUE,Florida law does not print the names of candidates with no opposition on the ballot.,House Clerk Statistics of the Congressional Election 1998,same_map_year:1996
1998,FL,16,12085,Mark Foley,REP,TRUE,Florida law does not print the names of candidates with no opposition on the ballot.,House Clerk Statistics of the Congressional Election 1998,same_map_year:1996
1998,FL,16,12093,Mark Foley,REP,TRUE,Florida law does not print the names of candidates with no opposition on the ballot.,House Clerk Statistics of the Congressional Election 1998,same_map_year:1996
1998,FL,16,12099,Mark Foley,REP,TRUE,Florida law does not print the names of candidates with no opposition on the ballot.,House Clerk Statistics of the Congressional Election 1998,same_map_year:1996
1998,FL,16,12111,Mark Foley,REP,TRUE,Florida law does not print the names of candidates with no opposition on the ballot.,House Clerk Statistics of the Congressional Election 1998,same_map_year:1996
1998,FL,17,12086,Carrie P. Meek,DEM,FALSE,Florida law does not print the names of candidates with no opposition on the ballot.,House Clerk Statistics of the Congressional Election 1998,same_map_year:2000
1998,FL,18,12086,Ileana Ros-Lehtinen,REP,FALSE,Florida law does not print the names of candidates with no opposition on the ballot.,House Clerk Statistics of the Congressional Election 1998,same_map_year:2000
1998,FL,19,12011,Robert Wexler,DEM,TRUE,Florida law does not print the names of candidates with no opposition on the ballot.,House Clerk Statistics of the Congressional Election 1998,same_map_year:1996
1998,FL,19,12099,Robert Wexler,DEM,TRUE,Florida law does not print the names of candidates with no opposition on the ballot.,House Clerk Statistics of the Congressional Election 1998,same_map_year:1996
1998,FL,20,12011,Peter Deutsch,DEM,TRUE,Florida law does not print the names of candidates with no opposition on the ballot.,House Clerk Statistics of the Congressional Election 1998,same_map_year:1996
1998,FL,20,12087,Peter Deutsch,DEM,TRUE,Florida law does not print the names of candidates with no opposition on the ballot.,House Clerk Statistics of the Congressional Election 1998,same_map_year:1996
1998,FL,22,12011,E. Clay Shaw Jr.,REP,TRUE,Florida law does not print the names of candidates with no opposition on the ballot.,House Clerk Statistics of the Congressional Election 1998,same_map_year:1996
1998,FL,22,12099,E. Clay Shaw Jr.,REP,TRUE,Florida law does not print the names of candidates with no opposition on the ballot.,House Clerk Statistics of the Congressional Election 1998,same_map_year:1996
1998,FL,23,12011,Alcee L. Hastings,DEM,TRUE,Florida law does not print the names of candidates with no opposition on the ballot.,House Clerk Statistics of the Congressional Election 1998,same_map_year:1996
1998,FL,23,12051,Alcee L. Hastings,DEM,TRUE,Florida law does not print the names of candidates with no opposition on the ballot.,House Clerk Statistics of the Congressional Election 1998,same_map_year:1996
1998,FL,23,12085,Alcee L. Hastings,DEM,TRUE,Florida law does not print the names of candidates with no opposition on the ballot.,House Clerk Statistics of the Congressional Election 1998,same_map_year:1996
1998,FL,23,12093,Alcee L. Hastings,DEM,TRUE,Florida law does not print the names of candidates with no opposition on the ballot.,House Clerk Statistics of the Congressional Election 1998,same_map_year:1996
1998,FL,23,12099,Alcee L. Hastings,DEM,TRUE,Florida law does not print the names of candidates with no opposition on the ballot.,House Clerk Statistics of the Congressional Election 1998,same_map_year:1996
1998,FL,23,12111,Alcee L. Hastings,DEM,TRUE,Florida law does not print the names of candidates with no opposition on the ballot.,House Clerk Statistics of the Congressional Election 1998,same_map_year:1996
1998,LA,01,22051,Bob Livingston,REP,FALSE,Under Louisiana law (R.S. 18:511) an unopposed candidate is declared elected and does not appear on the ballot.,House Clerk Statistics of the Congressional Election 1998,same_map_year:2000
1998,LA,01,22071,Bob Livingston,REP,FALSE,Under Louisiana law (R.S. 18:511) an unopposed candidate is declared elected and does not appear on the ballot.,House Clerk Statistics of the Congressional Election 1998,same_map_year:2000
1998,LA,01,22103,Bob Livingston,REP,TRUE,Under Louisiana law (R.S. 18:511) an unopposed candidate is declared elected and does not appear on the ballot.,House Clerk Statistics of the Congressional Election 1998,same_map_year:2000
1998,LA,01,22105,Bob Livingston,REP,TRUE,Under Louisiana law (R.S. 18:511) an unopposed candidate is declared elected and does not appear on the ballot.,House Clerk Statistics of the Congressional Election 1998,same_map_year:2000
1998,LA,01,22117,Bob Livingston,REP,TRUE,Under Louisiana law (R.S. 18:511) an unopposed candidate is declared elected and does not appear on the ballot.,House Clerk Statistics of the Congressional Election 1998,same_map_year:2000
1998,LA,03,22005,W. J. (Billy) Tauzin,REP,FALSE,Under Louisiana law (R.S. 18:511) an unopposed candidate is declared elected and does not appear on the ballot.,House Clerk Statistics of the Congressional Election 1998,same_map_year:2000
1998,LA,03,22007,W. J. (Billy) Tauzin,REP,TRUE,Under Louisiana law (R.S. 18:511) an unopposed candidate is declared elected and does not appear on the ballot.,House Clerk Statistics of the Congressional Election 1998,same_map_year:2000
1998,LA,03,22045,W. J. (Billy) Tauzin,REP,TRUE,Under Louisiana law (R.S. 18:511) an unopposed candidate is declared elected and does not appear on the ballot.,House Clerk Statistics of the Congressional Election 1998,same_map_year:2000
1998,LA,03,22051,W. J. (Billy) Tauzin,REP,FALSE,Under Louisiana law (R.S. 18:511) an unopposed candidate is declared elected and does not appear on the ballot.,House Clerk Statistics of the Congressional Election 1998,same_map_year:2000
1998,LA,03,22057,W. J. (Billy) Tauzin,REP,TRUE,Under Louisiana law (R.S. 18:511) an unopposed candidate is declared elected and does not appear on the ballot.,House Clerk Statistics of the Congressional Election 1998,same_map_year:2000
1998,LA,03,22075,W. J. (Billy) Tauzin,REP,TRUE,Under Louisiana law (R.S. 18:511) an unopposed candidate is declared elected and does not appear on the ballot.,House Clerk Statistics of the Congressional Election 1998,same_map_year:2000
1998,LA,03,22087,W. J. (Billy) Tauzin,REP,TRUE,Under Louisiana law (R.S. 18:511) an unopposed candidate is declared elected and does not appear on the ballot.,House Clerk Statistics of the Congressional Election 1998,same_map_year:2000
1998,LA,03,22089,W. J. (Billy) Tauzin,REP,TRUE,Under Louisiana law (R.S. 18:511) an unopposed candidate is declared elected and does not appear on the ballot.,House Clerk Statistics of the Congressional Election 1998,same_map_year:2000
1998,LA,03,22093,W. J. (Billy) Tauzin,REP,TRUE,Under Louisiana law (R.S. 18:511) an unopposed candidate is declared elected and does not appear on the ballot.,House Clerk Statistics of the Congressional Election 1998,same_map_year:2000
1998,LA,03,22095,W. J. (Billy) Tauzin,REP,TRUE,Under Louisiana law (R.S. 18:511) an unopposed candidate is declared elected and does not appear on the ballot.,House Clerk Statistics of the Congressional Election 1998,same_map_year:2000
1998,LA,03,22099,W. J. (Billy) Tauzin,REP,TRUE,Under Louisiana law (R.S. 18:511) an unopposed candidate is declared elected and does not appear on the ballot.,House Clerk Statistics of the Congressional Election 1998,same_map_year:2000
1998,LA,03,22101,W. J. (Billy) Tauzin,REP,TRUE,Under Louisiana law (R.S. 18:511) an unopposed candidate is declared elected and does not appear on the ballot.,House Clerk Statistics of the Congressional Election 1998,same_map_year:2000
1998,LA,03,22109,W. J. (Billy) Tauzin,REP,TRUE,Under Louisiana law (R.S. 18:511) an unopposed candidate is declared elected and does not appear on the ballot.,House Clerk Statistics of the Congressional Election 1998,same_map_year:2000
1998,LA,04,22003,Jim McCrery,REP,TRUE,Under Louisiana law (R.S. 18:511) an unopposed candidate is declared elected and does not appear on the ballot.,House Clerk Statistics of the Congressional Election 1998,same_map_year:1996
1998,LA,04,22011,Jim McCrery,REP,TRUE,Under Louisiana law (R.S. 18:511) an unopposed candidate is declared elected and does not appear on the ballot.,House Clerk Statistics of the Congressional Election 1998,same_map_year:1996
1998,LA,04,22013,Jim McCrery,REP,TRUE,Under Louisiana law (R.S. 18:511) an unopposed candidate is declared elected and does not appear on the ballot.,House Clerk Statistics of the Congressional Election 1998,same_map_year:1996
1998,LA,04,22015,Jim McCrery,REP,TRUE,Under Louisiana law (R.S. 18:511) an unopposed candidate is declared elected and does not appear on the ballot.,House Clerk Statistics of the Congressional Election 1998,same_map_year:1996
1998,LA,04,22017,Jim McCrery,REP,TRUE,Under Louisiana law (R.S. 18:511) an unopposed candidate is declared elected and does not appear on the ballot.,House Clerk Statistics of the Congressional Election 1998,same_map_year:1996
1998,LA,04,22027,Jim McCrery,REP,TRUE,Under Louisiana law (R.S. 18:511) an unopposed candidate is declared elected and does not appear on the ballot.,House Clerk Statistics of the Congressional Election 1998,same_map_year:1996
1998,LA,04,22031,Jim McCrery,REP,TRUE,Under Louisiana law (R.S. 18:511) an unopposed candidate is declared elected and does not appear on the ballot.,House Clerk Statistics of the Congressional Election 1998,same_map_year:1996
1998,LA,04,22069,Jim McCrery,REP,TRUE,Under Louisiana law (R.S. 18:511) an unopposed candidate is declared elected and does not appear on the ballot.,House Clerk Statistics of the Congressional Election 1998,same_map_year:1996
1998,LA,04,22081,Jim McCrery,REP,TRUE,Under Louisiana law (R.S. 18:511) an unopposed candidate is declared elected and does not appear on the ballot.,House Clerk Statistics of the Congressional Election 1998,same_map_year:1996
1998,LA,04,22085,Jim McCrery,REP,TRUE,Under Louisiana law (R.S. 18:511) an unopposed candidate is declared elected and does not appear on the ballot.,House Clerk Statistics of the Congressional Election 1998,same_map_year:1996
1998,LA,04,22115,Jim McCrery,REP,TRUE,Under Louisiana law (R.S. 18:511) an unopposed candidate is declared elected and does not appear on the ballot.,House Clerk Statistics of the Congressional Election 1998,same_map_year:1996
1998,LA,04,22119,Jim McCrery,REP,TRUE,Under Louisiana law (R.S. 18:511) an unopposed candidate is declared elected and does not appear on the ballot.,House Clerk Statistics of the Congressional Election 1998,same_map_year:1996
1998,LA,05,22009,John Cooksey,REP,TRUE,Under Louisiana law (R.S. 18:511) an unopposed candidate is declared elected and does not appear on the ballot.,House Clerk Statistics of the Congressional Election 1998,same_map_year:1996
1998,LA,05,22021,John Cooksey,REP,TRUE,Under Louisiana law (R.S. 18:511) an unopposed candidate is declared elected and does not appear on the ballot.,House Clerk Statistics of the Congressional Election 1998,same_map_year:1996
1998,LA,05,22025,John Cooksey,REP,TRUE,Under Louisiana law (R.S. 18:511) an unopposed candidate is declared elected and does not appear on the ballot.,House Clerk Statistics of the Congressional Election 1998,same_map_year:1996
1998,LA,05,22029,John Cooksey,REP,TRUE,Under Louisiana law (R.S. 18:511) an unopposed candidate is declared elected and does not appear on the ballot.,House Clerk Statistics of the Congressional Election 1998,same_map_year:1996
1998,LA,05,22035,John Cooksey,REP,TRUE,Under Louisiana law (R.S. 18:511) an unopposed candidate is declared elected and does not appear on the ballot.,House Clerk Statistics of the Congressional Election 1998,same_map_year:1996
1998,LA,05,22039,John Cooksey,REP,TRUE,Under Louisiana law (R.S. 18:511) an unopposed candidate is declared elected and does not appear on the ballot.,House Clerk Statistics of the Congressional Election 1998,same_map_year:1996
1998,LA,05,22041,John Cooksey,REP,TRUE,Under Louisiana law (R.S. 18:511) an unopposed candidate is declared elected and does not appear on the ballot.,House Clerk Statistics of the Congressional Election 1998,same_map_year:1996
1998,LA,05,22043,John Cooksey,REP,TRUE,Under Louisiana law (R.S. 18:511) an unopposed candidate is declared elected and does not appear on the ballot.,House Clerk Statistics of the Congressional Election 1998,same_map_year:1996
1998,LA,05,22049,John Cooksey,REP,TRUE,Under Louisiana law (R.S. 18:511) an unopposed candidate is declared elected and does not appear on the ballot.,House Clerk Statistics of the Congressional Election 1998,same_map_year:1996
1998,LA,05,22059,John Cooksey,REP,TRUE,Under Louisiana law (R.S. 18:511) an unopposed candidate is declared elected and does not appear on the ballot.,House Clerk Statistics of the Congressional Election 1998,same_map_year:1996
1998,LA,05,22061,John Cooksey,REP,TRUE,Under Louisiana law (R.S. 18:511) an unopposed candidate is declared elected and does not appear on the ballot.,House Clerk Statistics of the Congressional Election 1998,same_map_year:1996
1998,LA,05,22065,John Cooksey,REP,TRUE,Under Louisiana law (R.S. 18:511) an unopposed candidate is declared elected and does not appear on the ballot.,House Clerk Statistics of the Congressional Election 1998,same_map_year:1996
1998,LA,05,22067,John Cooksey,REP,TRUE,Under Louisiana law (R.S. 18:511) an unopposed candidate is declared elected and does not appear on the ballot.,House Clerk Statistics of the Congressional Election 1998,same_map_year:1996
1998,LA,05,22073,John Cooksey,REP,TRUE,Under Louisiana law (R.S. 18:511) an unopposed candidate is declared elected and does not appear on the ballot.,House Clerk Statistics of the Congressional Election 1998,same_map_year:1996
1998,LA,05,22079,John Cooksey,REP,TRUE,Under Louisiana law (R.S. 18:511) an unopposed candidate is declared elected and does not appear on the ballot.,House Clerk Statistics of the Congressional Election 1998,same_map_year:1996
1998,LA,05,22083,John Cooksey,REP,TRUE,Under Louisiana law (R.S. 18:511) an unopposed candidate is declared elected and does not appear on the ballot.,House Clerk Statistics of the Congressional Election 1998,same_map_year:1996
1998,LA,05,22107,John Cooksey,REP,TRUE,Under Louisiana law (R.S. 18:511) an unopposed candidate is declared elected and does not appear on the ballot.,House Clerk Statistics of the Congressional Election 1998,same_map_year:1996
1998,LA,05,22111,John Cooksey,REP,TRUE,Under Louisiana law (R.S. 18:511) an unopposed candidate is declared elected and does not appear on the ballot.,House Clerk Statistics of the Congressional Election 1998,same_map_year:1996
1998,LA,05,22123,John Cooksey,REP,TRUE,Under Louisiana law (R.S. 18:511) an unopposed candidate is declared elected and does not appear on the ballot.,House Clerk Statistics of the Congressional Election 1998,same_map_year:1996
1998,LA,05,22127,John Cooksey,REP,TRUE,Under Louisiana law (R.S. 18:511) an unopposed candidate is declared elected and does not appear on the ballot.,House Clerk Statistics of the Congressional Election 1998,same_map_year:1996
1998,LA,07,22001,Christopher John,DEM,TRUE,Under Louisiana law (R.S. 18:511) an unopposed candidate is declared elected and does not appear on the ballot.,House Clerk Statistics of the Congressional Election 1998,same_map_year:1996
1998,LA,07,22003,Christopher John,DEM,TRUE,Under Louisiana law (R.S. 18:511) an unopposed candidate is declared elected and does not appear on the ballot.,House Clerk Statistics of the Congressional Election 1998,same_map_year:1996
1998,LA,07,22019,Christopher John,DEM,TRUE,Under Louisiana law (R.S. 18:511) an unopposed candidate is declared elected and does not appear on the ballot.,House Clerk Statistics of the Congressional Election 1998,same_map_year:1996
1998,LA,07,22023,Christopher John,DEM,TRUE,Under Louisiana law (R.S. 18:511) an unopposed candidate is declared elected and does not appear on the ballot.,House Clerk Statistics of the Congressional Election 1998,same_map_year:1996
1998,LA,07,22039,Christopher John,DEM,TRUE,Under Louisiana law (R.S. 18:511) an unopposed candidate is declared elected and does not appear on the ballot.,House Clerk Statistics of the Congressional Election 1998,same_map_year:1996
1998,LA,07,22053,Christopher John,DEM,TRUE,Under Louisiana law (R.S. 18:511) an unopposed candidate is declared elected and does not appear on the ballot.,House Clerk Statistics of the Congressional Election 1998,same_map_year:1996
1998,LA,07,22055,Christopher John,DEM,TRUE,Under Louisiana law (R.S. 18:511) an unopposed candidate is declared elected and does not appear on the ballot.,House Clerk Statistics of the Congressional Election 1998,same_map_year:1996
1998,LA,07,22097,Christopher John,DEM,TRUE,Under Louisiana law (R.S. 18:511) an unopposed candidate is declared elected and does not appear on the ballot.,House Clerk Statistics of the Congressional Election 1998,same_map_year:1996
1998,LA,07,22099,Christopher John,DEM,TRUE,Under Louisiana law (R.S. 18:511) an unopposed candidate is declared elected and does not appear on the ballot.,House Clerk Statistics of the Congressional Election 1998,same_map_year:1996
1998,LA,07,22113,Christopher John,DEM,TRUE,Under Louisiana law (R.S. 18:511) an unopposed candidate is declared elected and does not appear on the ballot.,House Clerk Statistics of the Congressional Election 1998,same_map_year:1996
2000,AR,03,05005,Asa Hutchinson,REP,TRUE,"Arkansas law does not require votes for unopposed candidates to be counted, so no county returns exist.",House Clerk Statistics of the Congressional Election 2000,same_map_year:1998
2000,AR,03,05007,Asa Hutchinson,REP,TRUE,"Arkansas law does not require votes for unopposed candidates to be counted, so no county returns exist.",House Clerk Statistics of the Congressional Election 2000,same_map_year:1998
2000,AR,03,05009,Asa Hutchinson,REP,TRUE,"Arkansas law does not require votes for unopposed candidates to be counted, so no county returns exist.",House Clerk Statistics of the Congressional Election 2000,same_map_year:1998
2000,AR,03,05015,Asa Hutchinson,REP,TRUE,"Arkansas law does not require votes for unopposed candidates to be counted, so no county returns exist.",House Clerk Statistics of the Congressional Election 2000,same_map_year:1998
2000,AR,03,05033,Asa Hutchinson,REP,TRUE,"Arkansas law does not require votes for unopposed candidates to be counted, so no county returns exist.",House Clerk Statistics of the Congressional Election 2000,same_map_year:1998
2000,AR,03,05047,Asa Hutchinson,REP,TRUE,"Arkansas law does not require votes for unopposed candidates to be counted, so no county returns exist.",House Clerk Statistics of the Congressional Election 2000,same_map_year:1998
2000,AR,03,05071,Asa Hutchinson,REP,TRUE,"Arkansas law does not require votes for unopposed candidates to be counted, so no county returns exist.",House Clerk Statistics of the Congressional Election 2000,same_map_year:1998
2000,AR,03,05083,Asa Hutchinson,REP,TRUE,"Arkansas law does not require votes for unopposed candidates to be counted, so no county returns exist.",House Clerk Statistics of the Congressional Election 2000,same_map_year:1998
2000,AR,03,05087,Asa Hutchinson,REP,TRUE,"Arkansas law does not require votes for unopposed candidates to be counted, so no county returns exist.",House Clerk Statistics of the Congressional Election 2000,same_map_year:1998
2000,AR,03,05089,Asa Hutchinson,REP,TRUE,"Arkansas law does not require votes for unopposed candidates to be counted, so no county returns exist.",House Clerk Statistics of the Congressional Election 2000,same_map_year:1998
2000,AR,03,05101,Asa Hutchinson,REP,TRUE,"Arkansas law does not require votes for unopposed candidates to be counted, so no county returns exist.",House Clerk Statistics of the Congressional Election 2000,same_map_year:1998
2000,AR,03,05113,Asa Hutchinson,REP,TRUE,"Arkansas law does not require votes for unopposed candidates to be counted, so no county returns exist.",House Clerk Statistics of the Congressional Election 2000,same_map_year:1998
2000,AR,03,05115,Asa Hutchinson,REP,TRUE,"Arkansas law does not require votes for unopposed candidates to be counted, so no county returns exist.",House Clerk Statistics of the Congressional Election 2000,same_map_year:1998
2000,AR,03,05127,Asa Hutchinson,REP,TRUE,"Arkansas law does not require votes for unopposed candidates to be counted, so no county returns exist.",House Clerk Statistics of the Congressional Election 2000,same_map_year:1998
2000,AR,03,05131,Asa Hutchinson,REP,TRUE,"Arkansas law does not require votes for unopposed candidates to be counted, so no county returns exist.",House Clerk Statistics of the Congressional Election 2000,same_map_year:1998
2000,AR,03,05143,Asa Hutchinson,REP,TRUE,"Arkansas law does not require votes for unopposed candidates to be counted, so no county returns exist.",House Clerk Statistics of the Congressional Election 2000,same_map_year:1998
2000,LA,02,22051,William J. Jefferson,DEM,FALSE,Under Louisiana law (R.S. 18:511) an unopposed candidate is declared elected and does not appear on the ballot.,House Clerk Statistics of the Congressional Election 2000,same_map_year:1998
2000,LA,02,22071,William J. Jefferson,DEM,FALSE,Under Louisiana law (R.S. 18:511) an unopposed candidate is declared elected and does not appear on the ballot.,House Clerk Statistics of the Congressional Election 2000,same_map_year:1998
2002,FL,10,12103,C. W. Bill Young,REP,FALSE,Florida law does not print the names of candidates with no opposition on the ballot.,House Clerk Statistics of the Congressional Election 2002,same_map_year:2004
2002,FL,11,12057,Jim Davis,DEM,FALSE,Florida law does not print the names of candidates with no opposition on the ballot.,House Clerk Statistics of the Congressional Election 2002,same_map_year:2004
2002,FL,11,12081,Jim Davis,DEM,FALSE,Florida law does not print the names of candidates with no opposition on the ballot.,House Clerk Statistics of the Congressional Election 2002,same_map_year:2004
2002,FL,11,12103,Jim Davis,DEM,FALSE,Florida law does not print the names of candidates with no opposition on the ballot.,House Clerk Statistics of the Congressional Election 2002,same_map_year:2004
2002,FL,12,12057,Adam H. Putnam,REP,FALSE,Florida law does not print the names of candidates with no opposition on the ballot.,House Clerk Statistics of the Congressional Election 2002,same_map_year:2004
2002,FL,12,12097,Adam H. Putnam,REP,FALSE,Florida law does not print the names of candidates with no opposition on the ballot.,House Clerk Statistics of the Congressional Election 2002,same_map_year:2004
2002,FL,12,12105,Adam H. Putnam,REP,FALSE,Florida law does not print the names of candidates with no opposition on the ballot.,House Clerk Statistics of the Congressional Election 2002,same_map_year:2004
2002,FL,14,12015,Porter J. Goss,REP,FALSE,Florida law does not print the names of candidates with no opposition on the ballot.,House Clerk Statistics of the Congressional Election 2002,same_map_year:2004
2002,FL,14,12021,Porter J. Goss,REP,FALSE,Florida law does not print the names of candidates with no opposition on the ballot.,House Clerk Statistics of the Congressional Election 2002,same_map_year:2004
2002,FL,14,12071,Porter J. Goss,REP,TRUE,Florida law does not print the names of candidates with no opposition on the ballot.,House Clerk Statistics of the Congressional Election 2002,same_map_year:2004
2002,FL,20,12011,Peter Deutsch,DEM,FALSE,Florida law does not print the names of candidates with no opposition on the ballot.,House Clerk Statistics of the Congressional Election 2002,same_map_year:2004
2002,FL,20,12086,Peter Deutsch,DEM,FALSE,Florida law does not print the names of candidates with no opposition on the ballot.,House Clerk Statistics of the Congressional Election 2002,same_map_year:2004
2002,FL,21,12011,Lincoln Diaz-Balart,REP,FALSE,Florida law does not print the names of candidates with no opposition on the ballot.,House Clerk Statistics of the Congressional Election 2002,same_map_year:2004
2002,FL,21,12086,Lincoln Diaz-Balart,REP,FALSE,Florida law does not print the names of candidates with no opposition on the ballot.,House Clerk Statistics of the Congressional Election 2002,same_map_year:2004
2004,AR,04,05003,Mike Ross,DEM,TRUE,"Arkansas law does not require votes for unopposed candidates to be counted, so no county returns exist.",FEC Federal Elections 2004 (Unopposed),same_map_year:2002
2004,AR,04,05011,Mike Ross,DEM,TRUE,"Arkansas law does not require votes for unopposed candidates to be counted, so no county returns exist.",FEC Federal Elections 2004 (Unopposed),same_map_year:2002
2004,AR,04,05013,Mike Ross,DEM,TRUE,"Arkansas law does not require votes for unopposed candidates to be counted, so no county returns exist.",FEC Federal Elections 2004 (Unopposed),same_map_year:2002
2004,AR,04,05017,Mike Ross,DEM,TRUE,"Arkansas law does not require votes for unopposed candidates to be counted, so no county returns exist.",FEC Federal Elections 2004 (Unopposed),same_map_year:2002
2004,AR,04,05019,Mike Ross,DEM,TRUE,"Arkansas law does not require votes for unopposed candidates to be counted, so no county returns exist.",FEC Federal Elections 2004 (Unopposed),same_map_year:2002
2004,AR,04,05025,Mike Ross,DEM,TRUE,"Arkansas law does not require votes for unopposed candidates to be counted, so no county returns exist.",FEC Federal Elections 2004 (Unopposed),same_map_year:2002
2004,AR,04,05027,Mike Ross,DEM,TRUE,"Arkansas law does not require votes for unopposed candidates to be counted, so no county returns exist.",FEC Federal Elections 2004 (Unopposed),same_map_year:2002
2004,AR,04,05039,Mike Ross,DEM,TRUE,"Arkansas law does not require votes for unopposed candidates to be counted, so no county returns exist.",FEC Federal Elections 2004 (Unopposed),same_map_year:2002
2004,AR,04,05041,Mike Ross,DEM,TRUE,"Arkansas law does not require votes for unopposed candidates to be counted, so no county returns exist.",FEC Federal Elections 2004 (Unopposed),same_map_year:2002
2004,AR,04,05043,Mike Ross,DEM,TRUE,"Arkansas law does not require votes for unopposed candidates to be counted, so no county returns exist.",FEC Federal Elections 2004 (Unopposed),same_map_year:2002
2004,AR,04,05051,Mike Ross,DEM,TRUE,"Arkansas law does not require votes for unopposed candidates to be counted, so no county returns exist.",FEC Federal Elections 2004 (Unopposed),same_map_year:2002
2004,AR,04,05053,Mike Ross,DEM,TRUE,"Arkansas law does not require votes for unopposed candidates to be counted, so no county returns exist.",FEC Federal Elections 2004 (Unopposed),same_map_year:2002
2004,AR,04,05057,Mike Ross,DEM,TRUE,"Arkansas law does not require votes for unopposed candidates to be counted, so no county returns exist.",FEC Federal Elections 2004 (Unopposed),same_map_year:2002
2004,AR,04,05059,Mike Ross,DEM,TRUE,"Arkansas law does not require votes for unopposed candidates to be counted, so no county returns exist.",FEC Federal Elections 2004 (Unopposed),same_map_year:2002
2004,AR,04,05061,Mike Ross,DEM,TRUE,"Arkansas law does not require votes for unopposed candidates to be counted, so no county returns exist.",FEC Federal Elections 2004 (Unopposed),same_map_year:2002
2004,AR,04,05069,Mike Ross,DEM,TRUE,"Arkansas law does not require votes for unopposed candidates to be counted, so no county returns exist.",FEC Federal Elections 2004 (Unopposed),same_map_year:2002
2004,AR,04,05073,Mike Ross,DEM,TRUE,"Arkansas law does not require votes for unopposed candidates to be counted, so no county returns exist.",FEC Federal Elections 2004 (Unopposed),same_map_year:2002
2004,AR,04,05079,Mike Ross,DEM,TRUE,"Arkansas law does not require votes for unopposed candidates to be counted, so no county returns exist.",FEC Federal Elections 2004 (Unopposed),same_map_year:2002
2004,AR,04,05081,Mike Ross,DEM,TRUE,"Arkansas law does not require votes for unopposed candidates to be counted, so no county returns exist.",FEC Federal Elections 2004 (Unopposed),same_map_year:2002
2004,AR,04,05083,Mike Ross,DEM,TRUE,"Arkansas law does not require votes for unopposed candidates to be counted, so no county returns exist.",FEC Federal Elections 2004 (Unopposed),same_map_year:2002
2004,AR,04,05091,Mike Ross,DEM,TRUE,"Arkansas law does not require votes for unopposed candidates to be counted, so no county returns exist.",FEC Federal Elections 2004 (Unopposed),same_map_year:2002
2004,AR,04,05097,Mike Ross,DEM,TRUE,"Arkansas law does not require votes for unopposed candidates to be counted, so no county returns exist.",FEC Federal Elections 2004 (Unopposed),same_map_year:2002
2004,AR,04,05099,Mike Ross,DEM,TRUE,"Arkansas law does not require votes for unopposed candidates to be counted, so no county returns exist.",FEC Federal Elections 2004 (Unopposed),same_map_year:2002
2004,AR,04,05103,Mike Ross,DEM,TRUE,"Arkansas law does not require votes for unopposed candidates to be counted, so no county returns exist.",FEC Federal Elections 2004 (Unopposed),same_map_year:2002
2004,AR,04,05109,Mike Ross,DEM,TRUE,"Arkansas law does not require votes for unopposed candidates to be counted, so no county returns exist.",FEC Federal Elections 2004 (Unopposed),same_map_year:2002
2004,AR,04,05113,Mike Ross,DEM,TRUE,"Arkansas law does not require votes for unopposed candidates to be counted, so no county returns exist.",FEC Federal Elections 2004 (Unopposed),same_map_year:2002
2004,AR,04,05127,Mike Ross,DEM,TRUE,"Arkansas law does not require votes for unopposed candidates to be counted, so no county returns exist.",FEC Federal Elections 2004 (Unopposed),same_map_year:2002
2004,AR,04,05133,Mike Ross,DEM,TRUE,"Arkansas law does not require votes for unopposed candidates to be counted, so no county returns exist.",FEC Federal Elections 2004 (Unopposed),same_map_year:2002
2004,AR,04,05139,Mike Ross,DEM,TRUE,"Arkansas law does not require votes for unopposed candidates to be counted, so no county returns exist.",FEC Federal Elections 2004 (Unopposed),same_map_year:2002
2004,FL,07,12035,John L. Mica,REP,TRUE,Florida law does not print the names of candidates with no opposition on the ballot.,FEC Federal Elections 2004 (Unopposed),same_map_year:2002
2004,FL,07,12095,John L. Mica,REP,FALSE,Florida law does not print the names of candidates with no opposition on the ballot.,FEC Federal Elections 2004 (Unopposed),same_map_year:2002
2004,FL,07,12107,John L. Mica,REP,FALSE,Florida law does not print the names of candidates with no opposition on the ballot.,FEC Federal Elections 2004 (Unopposed),same_map_year:2002
2004,FL,07,12109,John L. Mica,REP,TRUE,Florida law does not print the names of candidates with no opposition on the ballot.,FEC Federal Elections 2004 (Unopposed),same_map_year:2002
2004,FL,07,12117,John L. Mica,REP,FALSE,Florida law does not print the names of candidates with no opposition on the ballot.,FEC Federal Elections 2004 (Unopposed),same_map_year:2002
2004,FL,07,12127,John L. Mica,REP,FALSE,Florida law does not print the names of candidates with no opposition on the ballot.,FEC Federal Elections 2004 (Unopposed),same_map_year:2002
2004,FL,19,12011,Robert Wexler,DEM,FALSE,Florida law does not print the names of candidates with no opposition on the ballot.,FEC Federal Elections 2004 (Unopposed),same_map_year:2002
2004,FL,19,12099,Robert Wexler,DEM,FALSE,Florida law does not print the names of candidates with no opposition on the ballot.,FEC Federal Elections 2004 (Unopposed),same_map_year:2002
2004,FL,23,12011,Alcee L. Hastings,DEM,FALSE,Florida law does not print the names of candidates with no opposition on the ballot.,FEC Federal Elections 2004 (Unopposed),same_map_year:2002
2004,FL,23,12051,Alcee L. Hastings,DEM,FALSE,Florida law does not print the names of candidates with no opposition on the ballot.,FEC Federal Elections 2004 (Unopposed),same_map_year:2002
2004,FL,23,12085,Alcee L. Hastings,DEM,FALSE,Florida law does not print the names of candidates with no opposition on the ballot.,FEC Federal Elections 2004 (Unopposed),same_map_year:2002
2004,FL,23,12099,Alcee L. Hastings,DEM,FALSE,Florida law does not print the names of candidates with no opposition on the ballot.,FEC Federal Elections 2004 (Unopposed),same_map_year:2002
2004,FL,23,12111,Alcee L. Hastings,DEM,FALSE,Florida law does not print the names of candidates with no opposition on the ballot.,FEC Federal Elections 2004 (Unopposed),same_map_year:2002
2004,FL,24,12009,Tom Feeney,REP,FALSE,Florida law does not print the names of candidates with no opposition on the ballot.,FEC Federal Elections 2004 (Unopposed),same_map_year:2002
2004,FL,24,12095,Tom Feeney,REP,FALSE,Florida law does not print the names of candidates with no opposition on the ballot.,FEC Federal Elections 2004 (Unopposed),same_map_year:2002
2004,FL,24,12117,Tom Feeney,REP,FALSE,Florida law does not print the names of candidates with no opposition on the ballot.,FEC Federal Elections 2004 (Unopposed),same_map_year:2002
2004,FL,24,12127,Tom Feeney,REP,FALSE,Florida law does not print the names of candidates with no opposition on the ballot.,FEC Federal Elections 2004 (Unopposed),same_map_year:2002
2004,FL,25,12021,Mario Diaz-Balart,REP,FALSE,Florida law does not print the names of candidates with no opposition on the ballot.,FEC Federal Elections 2004 (Unopposed),same_map_year:2002
2004,FL,25,12086,Mario Diaz-Balart,REP,FALSE,Florida law does not print the names of candidates with no opposition on the ballot.,FEC Federal Elections 2004 (Unopposed),same_map_year:2002
2004,FL,25,12087,Mario Diaz-Balart,REP,FALSE,Florida law does not print the names of candidates with no opposition on the ballot.,FEC Federal Elections 2004 (Unopposed),same_map_year:2002
2004,LA,04,22003,Jim McCrery,REP,FALSE,Under Louisiana law (R.S. 18:511) an unopposed candidate is declared elected and does not appear on the ballot.,FEC Federal Elections 2004 (Unopposed),same_map_year:2002
2004,LA,04,22011,Jim McCrery,REP,TRUE,Under Louisiana law (R.S. 18:511) an unopposed candidate is declared elected and does not appear on the ballot.,FEC Federal Elections 2004 (Unopposed),same_map_year:2002
2004,LA,04,22013,Jim McCrery,REP,TRUE,Under Louisiana law (R.S. 18:511) an unopposed candidate is declared elected and does not appear on the ballot.,FEC Federal Elections 2004 (Unopposed),same_map_year:2002
2004,LA,04,22015,Jim McCrery,REP,TRUE,Under Louisiana law (R.S. 18:511) an unopposed candidate is declared elected and does not appear on the ballot.,FEC Federal Elections 2004 (Unopposed),same_map_year:2002
2004,LA,04,22017,Jim McCrery,REP,TRUE,Under Louisiana law (R.S. 18:511) an unopposed candidate is declared elected and does not appear on the ballot.,FEC Federal Elections 2004 (Unopposed),same_map_year:2002
2004,LA,04,22027,Jim McCrery,REP,TRUE,Under Louisiana law (R.S. 18:511) an unopposed candidate is declared elected and does not appear on the ballot.,FEC Federal Elections 2004 (Unopposed),same_map_year:2002
2004,LA,04,22031,Jim McCrery,REP,TRUE,Under Louisiana law (R.S. 18:511) an unopposed candidate is declared elected and does not appear on the ballot.,FEC Federal Elections 2004 (Unopposed),same_map_year:2002
2004,LA,04,22043,Jim McCrery,REP,TRUE,Under Louisiana law (R.S. 18:511) an unopposed candidate is declared elected and does not appear on the ballot.,FEC Federal Elections 2004 (Unopposed),same_map_year:2002
2004,LA,04,22069,Jim McCrery,REP,TRUE,Under Louisiana law (R.S. 18:511) an unopposed candidate is declared elected and does not appear on the ballot.,FEC Federal Elections 2004 (Unopposed),same_map_year:2002
2004,LA,04,22081,Jim McCrery,REP,TRUE,Under Louisiana law (R.S. 18:511) an unopposed candidate is declared elected and does not appear on the ballot.,FEC Federal Elections 2004 (Unopposed),same_map_year:2002
2004,LA,04,22085,Jim McCrery,REP,TRUE,Under Louisiana law (R.S. 18:511) an unopposed candidate is declared elected and does not appear on the ballot.,FEC Federal Elections 2004 (Unopposed),same_map_year:2002
2004,LA,04,22115,Jim McCrery,REP,TRUE,Under Louisiana law (R.S. 18:511) an unopposed candidate is declared elected and does not appear on the ballot.,FEC Federal Elections 2004 (Unopposed),same_map_year:2002
2004,LA,04,22119,Jim McCrery,REP,TRUE,Under Louisiana law (R.S. 18:511) an unopposed candidate is declared elected and does not appear on the ballot.,FEC Federal Elections 2004 (Unopposed),same_map_year:2002
2006,FL,02,12005,Allen Boyd,DEM,TRUE,Florida law does not print the names of candidates with no opposition on the ballot.,FEC Federal Elections 2006 (Unopposed),same_map_year:2004
2006,FL,02,12013,Allen Boyd,DEM,TRUE,Florida law does not print the names of candidates with no opposition on the ballot.,FEC Federal Elections 2006 (Unopposed),same_map_year:2004
2006,FL,02,12029,Allen Boyd,DEM,TRUE,Florida law does not print the names of candidates with no opposition on the ballot.,FEC Federal Elections 2006 (Unopposed),same_map_year:2004
2006,FL,02,12037,Allen Boyd,DEM,TRUE,Florida law does not print the names of candidates with no opposition on the ballot.,FEC Federal Elections 2006 (Unopposed),same_map_year:2004
2006,FL,02,12039,Allen Boyd,DEM,TRUE,Florida law does not print the names of candidates with no opposition on the ballot.,FEC Federal Elections 2006 (Unopposed),same_map_year:2004
2006,FL,02,12045,Allen Boyd,DEM,TRUE,Florida law does not print the names of candidates with no opposition on the ballot.,FEC Federal Elections 2006 (Unopposed),same_map_year:2004
2006,FL,02,12063,Allen Boyd,DEM,TRUE,Florida law does not print the names of candidates with no opposition on the ballot.,FEC Federal Elections 2006 (Unopposed),same_map_year:2004
2006,FL,02,12065,Allen Boyd,DEM,FALSE,Florida law does not print the names of candidates with no opposition on the ballot.,FEC Federal Elections 2006 (Unopposed),same_map_year:2004
2006,FL,02,12067,Allen Boyd,DEM,TRUE,Florida law does not print the names of candidates with no opposition on the ballot.,FEC Federal Elections 2006 (Unopposed),same_map_year:2004
2006,FL,02,12073,Allen Boyd,DEM,FALSE,Florida law does not print the names of candidates with no opposition on the ballot.,FEC Federal Elections 2006 (Unopposed),same_map_year:2004
2006,FL,02,12077,Allen Boyd,DEM,TRUE,Florida law does not print the names of candidates with no opposition on the ballot.,FEC Federal Elections 2006 (Unopposed),same_map_year:2004
2006,FL,02,12091,Allen Boyd,DEM,FALSE,Florida law does not print the names of candidates with no opposition on the ballot.,FEC Federal Elections 2006 (Unopposed),same_map_year:2004
2006,FL,02,12121,Allen Boyd,DEM,TRUE,Florida law does not print the names of candidates with no opposition on the ballot.,FEC Federal Elections 2006 (Unopposed),same_map_year:2004
2006,FL,02,12123,Allen Boyd,DEM,TRUE,Florida law does not print the names of candidates with no opposition on the ballot.,FEC Federal Elections 2006 (Unopposed),same_map_year:2004
2006,FL,02,12129,Allen Boyd,DEM,TRUE,Florida law does not print the names of candidates with no opposition on the ballot.,FEC Federal Elections 2006 (Unopposed),same_map_year:2004
2006,FL,02,12131,Allen Boyd,DEM,FALSE,Florida law does not print the names of candidates with no opposition on the ballot.,FEC Federal Elections 2006 (Unopposed),same_map_year:2004
2006,FL,03,12001,Corrine Brown,DEM,FALSE,Florida law does not print the names of candidates with no opposition on the ballot.,FEC Federal Elections 2006 (Unopposed),same_map_year:2004
2006,FL,03,12019,Corrine Brown,DEM,FALSE,Florida law does not print the names of candidates with no opposition on the ballot.,FEC Federal Elections 2006 (Unopposed),same_map_year:2004
2006,FL,03,12031,Corrine Brown,DEM,FALSE,Florida law does not print the names of candidates with no opposition on the ballot.,FEC Federal Elections 2006 (Unopposed),same_map_year:2004
2006,FL,03,12069,Corrine Brown,DEM,FALSE,Florida law does not print the names of candidates with no opposition on the ballot.,FEC Federal Elections 2006 (Unopposed),same_map_year:2004
2006,FL,03,12083,Corrine Brown,DEM,FALSE,Florida law does not print the names of candidates with no opposition on the ballot.,FEC Federal Elections 2006 (Unopposed),same_map_year:2004
2006,FL,03,12095,Corrine Brown,DEM,FALSE,Florida law does not print the names of candidates with no opposition on the ballot.,FEC Federal Elections 2006 (Unopposed),same_map_year:2004
2006,FL,03,12107,Corrine Brown,DEM,FALSE,Florida law does not print the names of candidates with no opposition on the ballot.,FEC Federal Elections 2006 (Unopposed),same_map_year:2004
2006,FL,03,12117,Corrine Brown,DEM,FALSE,Florida law does not print the names of candidates with no opposition on the ballot.,FEC Federal Elections 2006 (Unopposed),same_map_year:2004
2006,FL,03,12127,Corrine Brown,DEM,FALSE,Florida law does not print the names of candidates with no opposition on the ballot.,FEC Federal Elections 2006 (Unopposed),same_map_year:2004
2006,FL,19,12011,Robert Wexler,DEM,FALSE,Florida law does not print the names of candidates with no opposition on the ballot.,FEC Federal Elections 2006 (Unopposed),same_map_year:2008
2006,FL,19,12099,Robert Wexler,DEM,FALSE,Florida law does not print the names of candidates with no opposition on the ballot.,FEC Federal Elections 2006 (Unopposed),same_map_year:2008
2006,FL,20,12011,Debbie Wasserman Schultz,DEM,FALSE,Florida law does not print the names of candidates with no opposition on the ballot.,FEC Federal Elections 2006 (Unopposed),same_map_year:2004
2006,FL,20,12086,Debbie Wasserman Schultz,DEM,FALSE,Florida law does not print the names of candidates with no opposition on the ballot.,FEC Federal Elections 2006 (Unopposed),same_map_year:2004
2006,FL,23,12011,Alcee L. Hastings,DEM,FALSE,Florida law does not print the names of candidates with no opposition on the ballot.,FEC Federal Elections 2006 (Unopposed),same_map_year:2008
2006,FL,23,12051,Alcee L. Hastings,DEM,FALSE,Florida law does not print the names of candidates with no opposition on the ballot.,FEC Federal Elections 2006 (Unopposed),same_map_year:2008
2006,FL,23,12085,Alcee L. Hastings,DEM,FALSE,Florida law does not print the names of candidates with no opposition on the ballot.,FEC Federal Elections 2006 (Unopposed),same_map_year:2008
2006,FL,23,12099,Alcee L. Hastings,DEM,FALSE,Florida law does not print the names of candidates with no opposition on the ballot.,FEC Federal Elections 2006 (Unopposed),same_map_year:2008
2006,FL,23,12111,Alcee L. Hastings,DEM,FALSE,Florida law does not print the names of candidates with no opposition on the ballot.,FEC Federal Elections 2006 (Unopposed),same_map_year:2008
2008,AR,01,05001,Marion Berry,DEM,TRUE,"Arkansas law does not require votes for unopposed candidates to be counted, so no county returns exist.",FEC Federal Elections 2008 (Unopposed),same_map_year:2006
2008,AR,01,05005,Marion Berry,DEM,TRUE,"Arkansas law does not require votes for unopposed candidates to be counted, so no county returns exist.",FEC Federal Elections 2008 (Unopposed),same_map_year:2006
2008,AR,01,05021,Marion Berry,DEM,TRUE,"Arkansas law does not require votes for unopposed candidates to be counted, so no county returns exist.",FEC Federal Elections 2008 (Unopposed),same_map_year:2006
2008,AR,01,05023,Marion Berry,DEM,TRUE,"Arkansas law does not require votes for unopposed candidates to be counted, so no county returns exist.",FEC Federal Elections 2008 (Unopposed),same_map_year:2006
2008,AR,01,05031,Marion Berry,DEM,TRUE,"Arkansas law does not require votes for unopposed candidates to be counted, so no county returns exist.",FEC Federal Elections 2008 (Unopposed),same_map_year:2006
2008,AR,01,05035,Marion Berry,DEM,TRUE,"Arkansas law does not require votes for unopposed candidates to be counted, so no county returns exist.",FEC Federal Elections 2008 (Unopposed),same_map_year:2006
2008,AR,01,05037,Marion Berry,DEM,TRUE,"Arkansas law does not require votes for unopposed candidates to be counted, so no county returns exist.",FEC Federal Elections 2008 (Unopposed),same_map_year:2006
2008,AR,01,05049,Marion Berry,DEM,TRUE,"Arkansas law does not require votes for unopposed candidates to be counted, so no county returns exist.",FEC Federal Elections 2008 (Unopposed),same_map_year:2006
2008,AR,01,05055,Marion Berry,DEM,TRUE,"Arkansas law does not require votes for unopposed candidates to be counted, so no county returns exist.",FEC Federal Elections 2008 (Unopposed),same_map_year:2006
2008,AR,01,05063,Marion Berry,DEM,TRUE,"Arkansas law does not require votes for unopposed candidates to be counted, so no county returns exist.",FEC Federal Elections 2008 (Unopposed),same_map_year:2006
2008,AR,01,05065,Marion Berry,DEM,TRUE,"Arkansas law does not require votes for unopposed candidates to be counted, so no county returns exist.",FEC Federal Elections 2008 (Unopposed),same_map_year:2006
2008,AR,01,05067,Marion Berry,DEM,TRUE,"Arkansas law does not require votes for unopposed candidates to be counted, so no county returns exist.",FEC Federal Elections 2008 (Unopposed),same_map_year:2006
2008,AR,01,05075,Marion Berry,DEM,TRUE,"Arkansas law does not require votes for unopposed candidates to be counted, so no county returns exist.",FEC Federal Elections 2008 (Unopposed),same_map_year:2006
2008,AR,01,05077,Marion Berry,DEM,TRUE,"Arkansas law does not require votes for unopposed candidates to be counted, so no county returns exist.",FEC Federal Elections 2008 (Unopposed),same_map_year:2006
2008,AR,01,05085,Marion Berry,DEM,TRUE,"Arkansas law does not require votes for unopposed candidates to be counted, so no county returns exist.",FEC Federal Elections 2008 (Unopposed),same_map_year:2006
2008,AR,01,05093,Marion Berry,DEM,TRUE,"Arkansas law does not require votes for unopposed candidates to be counted, so no county returns exist.",FEC Federal Elections 2008 (Unopposed),same_map_year:2006
2008,AR,01,05095,Marion Berry,DEM,TRUE,"Arkansas law does not require votes for unopposed candidates to be counted, so no county returns exist.",FEC Federal Elections 2008 (Unopposed),same_map_year:2006
2008,AR,01,05107,Marion Berry,DEM,TRUE,"Arkansas law does not require votes for unopposed candidates to be counted, so no county returns exist.",FEC Federal Elections 2008 (Unopposed),same_map_year:2006
2008,AR,01,05111,Marion Berry,DEM,TRUE,"Arkansas law does not require votes for unopposed candidates to be counted, so no county returns exist.",FEC Federal Elections 2008 (Unopposed),same_map_year:2006
2008,AR,01,05117,Marion Berry,DEM,TRUE,"Arkansas law does not require votes for unopposed candidates to be counted, so no county returns exist.",FEC Federal Elections 2008 (Unopposed),same_map_year:2006
2008,AR,01,05121,Marion Berry,DEM,TRUE,"Arkansas law does not require votes for unopposed candidates to be counted, so no county returns exist.",FEC Federal Elections 2008 (Unopposed),same_map_year:2006
2008,AR,01,05123,Marion Berry,DEM,TRUE,"Arkansas law does not require votes for unopposed candidates to be counted, so no county returns exist.",FEC Federal Elections 2008 (Unopposed),same_map_year:2006
2008,AR,01,05129,Marion Berry,DEM,TRUE,"Arkansas law does not require votes for unopposed candidates to be counted, so no county returns exist.",FEC Federal Elections 2008 (Unopposed),same_map_year:2006
2008,AR,01,05135,Marion Berry,DEM,TRUE,"Arkansas law does not require votes for unopposed candidates to be counted, so no county returns exist.",FEC Federal Elections 2008 (Unopposed),same_map_year:2006
2008,AR,01,05137,Marion Berry,DEM,TRUE,"Arkansas law does not require votes for unopposed candidates to be counted, so no county returns exist.",FEC Federal Elections 2008 (Unopposed),same_map_year:2006
2008,AR,01,05147,Marion Berry,DEM,TRUE,"Arkansas law does not require votes for unopposed candidates to be counted, so no county returns exist.",FEC Federal Elections 2008 (Unopposed),same_map_year:2006
2008,FL,03,12001,Corrine Brown,DEM,FALSE,Florida law does not print the names of candidates with no opposition on the ballot.,FEC Federal Elections 2008 (Unopposed),same_map_year:2010
2008,FL,03,12019,Corrine Brown,DEM,FALSE,Florida law does not print the names of candidates with no opposition on the ballot.,FEC Federal Elections 2008 (Unopposed),same_map_year:2010
2008,FL,03,12031,Corrine Brown,DEM,FALSE,Florida law does not print the names of candidates with no opposition on the ballot.,FEC Federal Elections 2008 (Unopposed),same_map_year:2010
2008,FL,03,12069,Corrine Brown,DEM,FALSE,Florida law does not print the names of candidates with no opposition on the ballot.,FEC Federal Elections 2008 (Unopposed),same_map_year:2010
2008,FL,03,12083,Corrine Brown,DEM,FALSE,Florida law does not print the names of candidates with no opposition on the ballot.,FEC Federal Elections 2008 (Unopposed),same_map_year:2010
2008,FL,03,12095,Corrine Brown,DEM,FALSE,Florida law does not print the names of candidates with no opposition on the ballot.,FEC Federal Elections 2008 (Unopposed),same_map_year:2010
2008,FL,03,12107,Corrine Brown,DEM,FALSE,Florida law does not print the names of candidates with no opposition on the ballot.,FEC Federal Elections 2008 (Unopposed),same_map_year:2010
2008,FL,03,12117,Corrine Brown,DEM,FALSE,Florida law does not print the names of candidates with no opposition on the ballot.,FEC Federal Elections 2008 (Unopposed),same_map_year:2010
2008,FL,03,12127,Corrine Brown,DEM,FALSE,Florida law does not print the names of candidates with no opposition on the ballot.,FEC Federal Elections 2008 (Unopposed),same_map_year:2010
2008,FL,17,12011,Kendrick B. Meek,DEM,FALSE,Florida law does not print the names of candidates with no opposition on the ballot.,FEC Federal Elections 2008 (Unopposed),same_map_year:2006
2008,FL,17,12086,Kendrick B. Meek,DEM,FALSE,Florida law does not print the names of candidates with no opposition on the ballot.,FEC Federal Elections 2008 (Unopposed),same_map_year:2006
2008,LA,03,22005,Charlie Melancon,DEM,FALSE,Under Louisiana law (R.S. 18:511) an unopposed candidate is declared elected and does not appear on the ballot.,FEC Federal Elections 2008 (Unopposed),same_map_year:2006
2008,LA,03,22007,Charlie Melancon,DEM,TRUE,Under Louisiana law (R.S. 18:511) an unopposed candidate is declared elected and does not appear on the ballot.,FEC Federal Elections 2008 (Unopposed),same_map_year:2006
2008,LA,03,22045,Charlie Melancon,DEM,TRUE,Under Louisiana law (R.S. 18:511) an unopposed candidate is declared elected and does not appear on the ballot.,FEC Federal Elections 2008 (Unopposed),same_map_year:2006
2008,LA,03,22051,Charlie Melancon,DEM,FALSE,Under Louisiana law (R.S. 18:511) an unopposed candidate is declared elected and does not appear on the ballot.,FEC Federal Elections 2008 (Unopposed),same_map_year:2006
2008,LA,03,22057,Charlie Melancon,DEM,TRUE,Under Louisiana law (R.S. 18:511) an unopposed candidate is declared elected and does not appear on the ballot.,FEC Federal Elections 2008 (Unopposed),same_map_year:2006
2008,LA,03,22075,Charlie Melancon,DEM,TRUE,Under Louisiana law (R.S. 18:511) an unopposed candidate is declared elected and does not appear on the ballot.,FEC Federal Elections 2008 (Unopposed),same_map_year:2006
2008,LA,03,22087,Charlie Melancon,DEM,TRUE,Under Louisiana law (R.S. 18:511) an unopposed candidate is declared elected and does not appear on the ballot.,FEC Federal Elections 2008 (Unopposed),same_map_year:2006
2008,LA,03,22089,Charlie Melancon,DEM,FALSE,Under Louisiana law (R.S. 18:511) an unopposed candidate is declared elected and does not appear on the ballot.,FEC Federal Elections 2008 (Unopposed),same_map_year:2006
2008,LA,03,22093,Charlie Melancon,DEM,TRUE,Under Louisiana law (R.S. 18:511) an unopposed candidate is declared elected and does not appear on the ballot.,FEC Federal Elections 2008 (Unopposed),same_map_year:2006
2008,LA,03,22095,Charlie Melancon,DEM,TRUE,Under Louisiana law (R.S. 18:511) an unopposed candidate is declared elected and does not appear on the ballot.,FEC Federal Elections 2008 (Unopposed),same_map_year:2006
2008,LA,03,22099,Charlie Melancon,DEM,TRUE,Under Louisiana law (R.S. 18:511) an unopposed candidate is declared elected and does not appear on the ballot.,FEC Federal Elections 2008 (Unopposed),same_map_year:2006
2008,LA,03,22101,Charlie Melancon,DEM,TRUE,Under Louisiana law (R.S. 18:511) an unopposed candidate is declared elected and does not appear on the ballot.,FEC Federal Elections 2008 (Unopposed),same_map_year:2006
2008,LA,03,22109,Charlie Melancon,DEM,TRUE,Under Louisiana law (R.S. 18:511) an unopposed candidate is declared elected and does not appear on the ballot.,FEC Federal Elections 2008 (Unopposed),same_map_year:2006
2008,LA,05,22003,Rodney Alexander,REP,FALSE,Under Louisiana law (R.S. 18:511) an unopposed candidate is declared elected and does not appear on the ballot.,FEC Federal Elections 2008 (Unopposed),same_map_year:2006
2008,LA,05,22009,Rodney Alexander,REP,TRUE,Under Louisiana law (R.S. 18:511) an unopposed candidate is declared elected and does not appear on the ballot.,FEC Federal Elections 2008 (Unopposed),same_map_year:2006
2008,LA,05,22021,Rodney Alexander,REP,TRUE,Under Louisiana law (R.S. 18:511) an unopposed candidate is declared elected and does not appear on the ballot.,FEC Federal Elections 2008 (Unopposed),same_map_year:2006
2008,LA,05,22025,Rodney Alexander,REP,TRUE,Under Louisiana law (R.S. 18:511) an unopposed candidate is declared elected and does not appear on the ballot.,FEC Federal Elections 2008 (Unopposed),same_map_year:2006
2008,LA,05,22029,Rodney Alexander,REP,TRUE,Under Louisiana law (R.S. 18:511) an unopposed candidate is declared elected and does not appear on the ballot.,FEC Federal Elections 2008 (Unopposed),same_map_year:2006
2008,LA,05,22035,Rodney Alexander,REP,TRUE,Under Louisiana law (R.S. 18:511) an unopposed candidate is declared elected and does not appear on the ballot.,FEC Federal Elections 2008 (Unopposed),same_map_year:2006
2008,LA,05,22039,Rodney Alexander,REP,FALSE,Under Louisiana law (R.S. 18:511) an unopposed candidate is declared elected and does not appear on the ballot.,FEC Federal Elections 2008 (Unopposed),same_map_year:2006
2008,LA,05,22041,Rodney Alexander,REP,TRUE,Under Louisiana law (R.S. 18:511) an unopposed candidate is declared elected and does not appear on the ballot.,FEC Federal Elections 2008 (Unopposed),same_map_year:2006
2008,LA,05,22047,Rodney Alexander,REP,FALSE,Under Louisiana law (R.S. 18:511) an unopposed candidate is declared elected and does not appear on the ballot.,FEC Federal Elections 2008 (Unopposed),same_map_year:2006
2008,LA,05,22049,Rodney Alexander,REP,TRUE,Under Louisiana law (R.S. 18:511) an unopposed candidate is declared elected and does not appear on the ballot.,FEC Federal Elections 2008 (Unopposed),same_map_year:2006
2008,LA,05,22059,Rodney Alexander,REP,TRUE,Under Louisiana law (R.S. 18:511) an unopposed candidate is declared elected and does not appear on the ballot.,FEC Federal Elections 2008 (Unopposed),same_map_year:2006
2008,LA,05,22061,Rodney Alexander,REP,TRUE,Under Louisiana law (R.S. 18:511) an unopposed candidate is declared elected and does not appear on the ballot.,FEC Federal Elections 2008 (Unopposed),same_map_year:2006
2008,LA,05,22065,Rodney Alexander,REP,TRUE,Under Louisiana law (R.S. 18:511) an unopposed candidate is declared elected and does not appear on the ballot.,FEC Federal Elections 2008 (Unopposed),same_map_year:2006
2008,LA,05,22067,Rodney Alexander,REP,TRUE,Under Louisiana law (R.S. 18:511) an unopposed candidate is declared elected and does not appear on the ballot.,FEC Federal Elections 2008 (Unopposed),same_map_year:2006
2008,LA,05,22073,Rodney Alexander,REP,TRUE,Under Louisiana law (R.S. 18:511) an unopposed candidate is declared elected and does not appear on the ballot.,FEC Federal Elections 2008 (Unopposed),same_map_year:2006
2008,LA,05,22077,Rodney Alexander,REP,FALSE,Under Louisiana law (R.S. 18:511) an unopposed candidate is declared elected and does not appear on the ballot.,FEC Federal Elections 2008 (Unopposed),same_map_year:2006
2008,LA,05,22079,Rodney Alexander,REP,TRUE,Under Louisiana law (R.S. 18:511) an unopposed candidate is declared elected and does not appear on the ballot.,FEC Federal Elections 2008 (Unopposed),same_map_year:2006
2008,LA,05,22083,Rodney Alexander,REP,TRUE,Under Louisiana law (R.S. 18:511) an unopposed candidate is declared elected and does not appear on the ballot.,FEC Federal Elections 2008 (Unopposed),same_map_year:2006
2008,LA,05,22107,Rodney Alexander,REP,TRUE,Under Louisiana law (R.S. 18:511) an unopposed candidate is declared elected and does not appear on the ballot.,FEC Federal Elections 2008 (Unopposed),same_map_year:2006
2008,LA,05,22111,Rodney Alexander,REP,TRUE,Under Louisiana law (R.S. 18:511) an unopposed candidate is declared elected and does not appear on the ballot.,FEC Federal Elections 2008 (Unopposed),same_map_year:2006
2008,LA,05,22123,Rodney Alexander,REP,TRUE,Under Louisiana law (R.S. 18:511) an unopposed candidate is declared elected and does not appear on the ballot.,FEC Federal Elections 2008 (Unopposed),same_map_year:2006
2008,LA,05,22127,Rodney Alexander,REP,TRUE,Under Louisiana law (R.S. 18:511) an unopposed candidate is declared elected and does not appear on the ballot.,FEC Federal Elections 2008 (Unopposed),same_map_year:2006
2010,FL,21,12011,Mario Diaz-Balart,REP,FALSE,Florida law does not print the names of candidates with no opposition on the ballot.,FEC Federal Elections 2010 (Unopposed),same_map_year:2008
2010,FL,21,12086,Mario Diaz-Balart,REP,FALSE,Florida law does not print the names of candidates with no opposition on the ballot.,FEC Federal Elections 2010 (Unopposed),same_map_year:2008
2010,LA,07,22001,Charles W. Boustany Jr.,REP,TRUE,Under Louisiana law (R.S. 18:511) an unopposed candidate is declared elected and does not appear on the ballot.,FEC Federal Elections 2010 (Unopposed),same_map_year:2008
2010,LA,07,22019,Charles W. Boustany Jr.,REP,TRUE,Under Louisiana law (R.S. 18:511) an unopposed candidate is declared elected and does not appear on the ballot.,FEC Federal Elections 2010 (Unopposed),same_map_year:2008
2010,LA,07,22023,Charles W. Boustany Jr.,REP,TRUE,Under Louisiana law (R.S. 18:511) an unopposed candidate is declared elected and does not appear on the ballot.,FEC Federal Elections 2010 (Unopposed),same_map_year:2008
2010,LA,07,22039,Charles W. Boustany Jr.,REP,FALSE,Under Louisiana law (R.S. 18:511) an unopposed candidate is declared elected and does not appear on the ballot.,FEC Federal Elections 2010 (Unopposed),same_map_year:2008
2010,LA,07,22053,Charles W. Boustany Jr.,REP,TRUE,Under Louisiana law (R.S. 18:511) an unopposed candidate is declared elected and does not appear on the ballot.,FEC Federal Elections 2010 (Unopposed),same_map_year:2008
2010,LA,07,22055,Charles W. Boustany Jr.,REP,TRUE,Under Louisiana law (R.S. 18:511) an unopposed candidate is declared elected and does not appear on the ballot.,FEC Federal Elections 2010 (Unopposed),same_map_year:2008
2010,LA,07,22097,Charles W. Boustany Jr.,REP,TRUE,Under Louisiana law (R.S. 18:511) an unopposed candidate is declared elected and does not appear on the ballot.,FEC Federal Elections 2010 (Unopposed),same_map_year:2008
2010,LA,07,22113,Charles W. Boustany Jr.,REP,TRUE,Under Louisiana law (R.S. 18:511) an unopposed candidate is declared elected and does not appear on the ballot.,FEC Federal Elections 2010 (Unopposed),same_map_year:2008
2010,OK,04,40017,Tom Cole,REP,FALSE,Oklahoma law does not print the names of candidates with no opposition on the ballot.,FEC Federal Elections 2010 (Unopposed),same_map_year:2008
2010,OK,04,40019,Tom Cole,REP,TRUE,Oklahoma law does not print the names of candidates with no opposition on the ballot.,FEC Federal Elections 2010 (Unopposed),same_map_year:2008
2010,OK,04,40027,Tom Cole,REP,TRUE,Oklahoma law does not print the names of candidates with no opposition on the ballot.,FEC Federal Elections 2010 (Unopposed),same_map_year:2008
2010,OK,04,40031,Tom Cole,REP,TRUE,Oklahoma law does not print the names of candidates with no opposition on the ballot.,FEC Federal Elections 2010 (Unopposed),same_map_year:2008
2010,OK,04,40033,Tom Cole,REP,TRUE,Oklahoma law does not print the names of candidates with no opposition on the ballot.,FEC Federal Elections 2010 (Unopposed),same_map_year:2008
2010,OK,04,40049,Tom Cole,REP,TRUE,Oklahoma law does not print the names of candidates with no opposition on the ballot.,FEC Federal Elections 2010 (Unopposed),same_map_year:2008
2010,OK,04,40051,Tom Cole,REP,TRUE,Oklahoma law does not print the names of candidates with no opposition on the ballot.,FEC Federal Elections 2010 (Unopposed),same_map_year:2008
2010,OK,04,40067,Tom Cole,REP,TRUE,Oklahoma law does not print the names of candidates with no opposition on the ballot.,FEC Federal Elections 2010 (Unopposed),same_map_year:2008
2010,OK,04,40085,Tom Cole,REP,TRUE,Oklahoma law does not print the names of candidates with no opposition on the ballot.,FEC Federal Elections 2010 (Unopposed),same_map_year:2008
2010,OK,04,40087,Tom Cole,REP,TRUE,Oklahoma law does not print the names of candidates with no opposition on the ballot.,FEC Federal Elections 2010 (Unopposed),same_map_year:2008
2010,OK,04,40095,Tom Cole,REP,TRUE,Oklahoma law does not print the names of candidates with no opposition on the ballot.,FEC Federal Elections 2010 (Unopposed),same_map_year:2008
2010,OK,04,40099,Tom Cole,REP,TRUE,Oklahoma law does not print the names of candidates with no opposition on the ballot.,FEC Federal Elections 2010 (Unopposed),same_map_year:2008
2010,OK,04,40109,Tom Cole,REP,FALSE,Oklahoma law does not print the names of candidates with no opposition on the ballot.,FEC Federal Elections 2010 (Unopposed),same_map_year:2008
2010,OK,04,40123,Tom Cole,REP,TRUE,Oklahoma law does not print the names of candidates with no opposition on the ballot.,FEC Federal Elections 2010 (Unopposed),same_map_year:2008
2010,OK,04,40137,Tom Cole,REP,TRUE,Oklahoma law does not print the names of candidates with no opposition on the ballot.,FEC Federal Elections 2010 (Unopposed),same_map_year:2008
2010,OK,04,40141,Tom Cole,REP,TRUE,Oklahoma law does not print the names of candidates with no opposition on the ballot.,FEC Federal Elections 2010 (Unopposed),same_map_year:2008
2012,FL,15,12057,Dennis A. Ross,REP,FALSE,Florida law does not print the names of candidates with no opposition on the ballot.,FEC Federal Elections 2012 (Unopposed),same_map_year:2014
2012,FL,15,12105,Dennis A. Ross,REP,FALSE,Florida law does not print the names of candidates with no opposition on the ballot.,FEC Federal Elections 2012 (Unopposed),same_map_year:2014
2012,FL,24,12011,Frederica S. Wilson,DEM,FALSE,Florida law does not print the names of candidates with no opposition on the ballot.,FEC Federal Elections 2012 (Unopposed),same_map_year:2014
2012,FL,24,12086,Frederica S. Wilson,DEM,FALSE,Florida law does not print the names of candidates with no opposition on the ballot.,FEC Federal Elections 2012 (Unopposed),same_map_year:2014
2014,FL,12,12057,Gus M. Bilirakis,REP,FALSE,Florida law does not print the names of candidates with no opposition on the ballot.,FEC Federal Elections 2014 (Unopposed),same_map_year:2012
2014,FL,12,12101,Gus M. Bilirakis,REP,TRUE,Florida law does not print the names of candidates with no opposition on the ballot.,FEC Federal Elections 2014 (Unopposed),same_map_year:2012
2014,FL,12,12103,Gus M. Bilirakis,REP,FALSE,Florida law does not print the names of candidates with no opposition on the ballot.,FEC Federal Elections 2014 (Unopposed),same_map_year:2012
2014,FL,14,12057,Kathy Castor,DEM,FALSE,Florida law does not print the names of candidates with no opposition on the ballot.,FEC Federal Elections 2014 (Unopposed),same_map_year:2012
2014,FL,14,12103,Kathy Castor,DEM,FALSE,Florida law does not print the names of candidates with no opposition on the ballot.,FEC Federal Elections 2014 (Unopposed),same_map_year:2012
2014,FL,25,12011,Mario Diaz-Balart,REP,FALSE,Florida law does not print the names of candidates with no opposition on the ballot.,FEC Federal Elections 2014 (Unopposed),same_map_year:2012
2014,FL,25,12021,Mario Diaz-Balart,REP,FALSE,Florida law does not print the names of candidates with no opposition on the ballot.,FEC Federal Elections 2014 (Unopposed),same_map_year:2012
2014,FL,25,12051,Mario Diaz-Balart,REP,FALSE,Florida law does not print the names of candidates with no opposition on the ballot.,FEC Federal Elections 2014 (Unopposed),same_map_year:2012
2014,FL,25,12086,Mario Diaz-Balart,REP,FALSE,Florida law does not print the names of candidates with no opposition on the ballot.,FEC Federal Elections 2014 (Unopposed),same_map_year:2012
2014,FL,27,12086,Ileana Ros-Lehtinen,REP,FALSE,Florida law does not print the names of candidates with no opposition on the ballot.,FEC Federal Elections 2014 (Unopposed),same_map_year:2012
2014,OK,01,40037,Jim Bridenstine,REP,FALSE,Oklahoma law does not print the names of candidates with no opposition on the ballot.,FEC Federal Elections 2014 (Unopposed),same_map_year:2012
2014,OK,01,40131,Jim Bridenstine,REP,FALSE,Oklahoma law does not print the names of candidates with no opposition on the ballot.,FEC Federal Elections 2014 (Unopposed),same_map_year:2012
2014,OK,01,40143,Jim Bridenstine,REP,TRUE,Oklahoma law does not print the names of candidates with no opposition on the ballot.,FEC Federal Elections 2014 (Unopposed),same_map_year:2012
2014,OK,01,40145,Jim Bridenstine,REP,TRUE,Oklahoma law does not print the names of candidates with no opposition on the ballot.,FEC Federal Elections 2014 (Unopposed),same_map_year:2012
2014,OK,01,40147,Jim Bridenstine,REP,TRUE,Oklahoma law does not print the names of candidates with no opposition on the ballot.,FEC Federal Elections 2014 (Unopposed),same_map_year:2012
2016,FL,24,12011,Frederica S. Wilson,DEM,FALSE,Florida law does not print the names of candidates with no opposition on the ballot.,FEC Federal Elections 2016 (Unopposed),same_map_year:2020
2016,FL,24,12086,Frederica S. Wilson,DEM,FALSE,Florida law does not print the names of candidates with no opposition on the ballot.,FEC Federal Elections 2016 (Unopposed),same_map_year:2020
2016,OK,01,40037,Jim Bridenstine,REP,FALSE,Oklahoma law does not print the names of candidates with no opposition on the ballot.,FEC Federal Elections 2016 (Unopposed),same_map_year:2018
2016,OK,01,40131,Jim Bridenstine,REP,FALSE,Oklahoma law does not print the names of candidates with no opposition on the ballot.,FEC Federal Elections 2016 (Unopposed),same_map_year:2018
2016,OK,01,40143,Jim Bridenstine,REP,TRUE,Oklahoma law does not print the names of candidates with no opposition on the ballot.,FEC Federal Elections 2016 (Unopposed),same_map_year:2018
2016,OK,01,40145,Jim Bridenstine,REP,TRUE,Oklahoma law does not print the names of candidates with no opposition on the ballot.,FEC Federal Elections 2016 (Unopposed),same_map_year:2018
2016,OK,01,40147,Jim Bridenstine,REP,TRUE,Oklahoma law does not print the names of candidates with no opposition on the ballot.,FEC Federal Elections 2016 (Unopposed),same_map_year:2018
2018,FL,10,12095,Val Demings,DEM,FALSE,Florida law does not print the names of candidates with no opposition on the ballot.,FEC Federal Elections 2018 (Unopposed),same_map_year:2016
2018,FL,14,12057,Kathy Castor,DEM,FALSE,Florida law does not print the names of candidates with no opposition on the ballot.,FEC Federal Elections 2018 (Unopposed),same_map_year:2016
2018,FL,21,12099,Lois Frankel,DEM,FALSE,Florida law does not print the names of candidates with no opposition on the ballot.,FEC Federal Elections 2018 (Unopposed),same_map_year:2016
2018,FL,24,12011,Frederica S. Wilson,DEM,FALSE,Florida law does not print the names of candidates with no opposition on the ballot.,FEC Federal Elections 2018 (Unopposed),same_map_year:2020
2018,FL,24,12086,Frederica S. Wilson,DEM,FALSE,Florida law does not print the names of candidates with no opposition on the ballot.,FEC Federal Elections 2018 (Unopposed),same_map_year:2020
2020,FL,25,12021,Mario Diaz-Balart,REP,FALSE,Florida law does not print the names of candidates with no opposition on the ballot.,FEC Federal Elections 2020 (Unopposed),same_map_year:2018
2020,FL,25,12051,Mario Diaz-Balart,REP,TRUE,Florida law does not print the names of candidates with no opposition on the ballot.,FEC Federal Elections 2020 (Unopposed),same_map_year:2018
2020,FL,25,12086,Mario Diaz-Balart,REP,FALSE,Florida law does not print the names of candidates with no opposition on the ballot.,FEC Federal Elections 2020 (Unopposed),same_map_year:2018
2022,FL,05,12031,John H. Rutherford,REP,FALSE,Florida law does not print the names of candidates with no opposition on the ballot.,FEC Federal Elections 2022 (Unopposed),same_map_year:2024
2022,FL,05,12109,John H. Rutherford,REP,FALSE,Florida law does not print the names of candidates with no opposition on the ballot.,FEC Federal Elections 2022 (Unopposed),same_map_year:2024
2022,LA,04,22003,Mike Johnson,REP,TRUE,Under Louisiana law (R.S. 18:511) an unopposed candidate is declared elected and does not appear on the ballot.,FEC Federal Elections 2022 (Unopposed),boundary_overlay:Census TIGER CD118
2022,LA,04,22011,Mike Johnson,REP,TRUE,Under Louisiana law (R.S. 18:511) an unopposed candidate is declared elected and does not appear on the ballot.,FEC Federal Elections 2022 (Unopposed),boundary_overlay:Census TIGER CD118
2022,LA,04,22013,Mike Johnson,REP,TRUE,Under Louisiana law (R.S. 18:511) an unopposed candidate is declared elected and does not appear on the ballot.,FEC Federal Elections 2022 (Unopposed),boundary_overlay:Census TIGER CD118
2022,LA,04,22015,Mike Johnson,REP,TRUE,Under Louisiana law (R.S. 18:511) an unopposed candidate is declared elected and does not appear on the ballot.,FEC Federal Elections 2022 (Unopposed),boundary_overlay:Census TIGER CD118
2022,LA,04,22017,Mike Johnson,REP,TRUE,Under Louisiana law (R.S. 18:511) an unopposed candidate is declared elected and does not appear on the ballot.,FEC Federal Elections 2022 (Unopposed),boundary_overlay:Census TIGER CD118
2022,LA,04,22027,Mike Johnson,REP,TRUE,Under Louisiana law (R.S. 18:511) an unopposed candidate is declared elected and does not appear on the ballot.,FEC Federal Elections 2022 (Unopposed),boundary_overlay:Census TIGER CD118
2022,LA,04,22031,Mike Johnson,REP,TRUE,Under Louisiana law (R.S. 18:511) an unopposed candidate is declared elected and does not appear on the ballot.,FEC Federal Elections 2022 (Unopposed),boundary_overlay:Census TIGER CD118
2022,LA,04,22039,Mike Johnson,REP,TRUE,Under Louisiana law (R.S. 18:511) an unopposed candidate is declared elected and does not appear on the ballot.,FEC Federal Elections 2022 (Unopposed),boundary_overlay:Census TIGER CD118
2022,LA,04,22043,Mike Johnson,REP,FALSE,Under Louisiana law (R.S. 18:511) an unopposed candidate is declared elected and does not appear on the ballot.,FEC Federal Elections 2022 (Unopposed),boundary_overlay:Census TIGER CD118
2022,LA,04,22069,Mike Johnson,REP,TRUE,Under Louisiana law (R.S. 18:511) an unopposed candidate is declared elected and does not appear on the ballot.,FEC Federal Elections 2022 (Unopposed),boundary_overlay:Census TIGER CD118
2022,LA,04,22081,Mike Johnson,REP,TRUE,Under Louisiana law (R.S. 18:511) an unopposed candidate is declared elected and does not appear on the ballot.,FEC Federal Elections 2022 (Unopposed),boundary_overlay:Census TIGER CD118
2022,LA,04,22085,Mike Johnson,REP,TRUE,Under Louisiana law (R.S. 18:511) an unopposed candidate is declared elected and does not appear on the ballot.,FEC Federal Elections 2022 (Unopposed),boundary_overlay:Census TIGER CD118
2022,LA,04,22097,Mike Johnson,REP,TRUE,Under Louisiana law (R.S. 18:511) an unopposed candidate is declared elected and does not appear on the ballot.,FEC Federal Elections 2022 (Unopposed),boundary_overlay:Census TIGER CD118
2022,LA,04,22111,Mike Johnson,REP,TRUE,Under Louisiana law (R.S. 18:511) an unopposed candidate is declared elected and does not appear on the ballot.,FEC Federal Elections 2022 (Unopposed),boundary_overlay:Census TIGER CD118
2022,LA,04,22115,Mike Johnson,REP,TRUE,Under Louisiana law (R.S. 18:511) an unopposed candidate is declared elected and does not appear on the ballot.,FEC Federal Elections 2022 (Unopposed),boundary_overlay:Census TIGER CD118
2022,LA,04,22119,Mike Johnson,REP,TRUE,Under Louisiana law (R.S. 18:511) an unopposed candidate is declared elected and does not appear on the ballot.,FEC Federal Elections 2022 (Unopposed),boundary_overlay:Census TIGER CD118
2024,FL,20,12011,Sheila Cherfilus-McCormick,DEM,FALSE,Florida law does not print the names of candidates with no opposition on the ballot.,House Clerk Statistics of the Presidential and Congressional Election 2024,same_map_year:2022
2024,FL,20,12099,Sheila Cherfilus-McCormick,DEM,FALSE,Florida law does not print the names of candidates with no opposition on the ballot.,House Clerk Statistics of the Presidential and Congressional Election 2024,same_map_year:2022
2024,OK,03,40003,Frank D. Lucas,REP,TRUE,Oklahoma law does not print the names of candidates with no opposition on the ballot.,House Clerk Statistics of the Presidential and Congressional Election 2024,same_map_year:2022
2024,OK,03,40007,Frank D. Lucas,REP,TRUE,Oklahoma law does not print the names of candidates with no opposition on the ballot.,House Clerk Statistics of the Presidential and Congressional Election 2024,same_map_year:2022
2024,OK,03,40009,Frank D. Lucas,REP,TRUE,Oklahoma law does not print the names of candidates with no opposition on the ballot.,House Clerk Statistics of the Presidential and Congressional Election 2024,same_map_year:2022
2024,OK,03,40011,Frank D. Lucas,REP,TRUE,Oklahoma law does not print the names of candidates with no opposition on the ballot.,House Clerk Statistics of the Presidential and Congressional Election 2024,same_map_year:2022
2024,OK,03,40015,Frank D. Lucas,REP,TRUE,Oklahoma law does not print the names of candidates with no opposition on the ballot.,House Clerk Statistics of the Presidential and Congressional Election 2024,same_map_year:2022
2024,OK,03,40017,Frank D. Lucas,REP,FALSE,Oklahoma law does not print the names of candidates with no opposition on the ballot.,House Clerk Statistics of the Presidential and Congressional Election 2024,same_map_year:2022
2024,OK,03,40025,Frank D. Lucas,REP,TRUE,Oklahoma law does not print the names of candidates with no opposition on the ballot.,House Clerk Statistics of the Presidential and Congressional Election 2024,same_map_year:2022
2024,OK,03,40037,Frank D. Lucas,REP,FALSE,Oklahoma law does not print the names of candidates with no opposition on the ballot.,House Clerk Statistics of the Presidential and Congressional Election 2024,same_map_year:2022
2024,OK,03,40039,Frank D. Lucas,REP,TRUE,Oklahoma law does not print the names of candidates with no opposition on the ballot.,House Clerk Statistics of the Presidential and Congressional Election 2024,same_map_year:2022
2024,OK,03,40043,Frank D. Lucas,REP,TRUE,Oklahoma law does not print the names of candidates with no opposition on the ballot.,House Clerk Statistics of the Presidential and Congressional Election 2024,same_map_year:2022
2024,OK,03,40045,Frank D. Lucas,REP,TRUE,Oklahoma law does not print the names of candidates with no opposition on the ballot.,House Clerk Statistics of the Presidential and Congressional Election 2024,same_map_year:2022
2024,OK,03,40047,Frank D. Lucas,REP,TRUE,Oklahoma law does not print the names of candidates with no opposition on the ballot.,House Clerk Statistics of the Presidential and Congressional Election 2024,same_map_year:2022
2024,OK,03,40053,Frank D. Lucas,REP,TRUE,Oklahoma law does not print the names of candidates with no opposition on the ballot.,House Clerk Statistics of the Presidential and Congressional Election 2024,same_map_year:2022
2024,OK,03,40055,Frank D. Lucas,REP,TRUE,Oklahoma law does not print the names of candidates with no opposition on the ballot.,House Clerk Statistics of the Presidential and Congressional Election 2024,same_map_year:2022
2024,OK,03,40057,Frank D. Lucas,REP,TRUE,Oklahoma law does not print the names of candidates with no opposition on the ballot.,House Clerk Statistics of the Presidential and Congressional Election 2024,same_map_year:2022
2024,OK,03,40059,Frank D. Lucas,REP,TRUE,Oklahoma law does not print the names of candidates with no opposition on the ballot.,House Clerk Statistics of the Presidential and Congressional Election 2024,same_map_year:2022
2024,OK,03,40065,Frank D. Lucas,REP,TRUE,Oklahoma law does not print the names of candidates with no opposition on the ballot.,House Clerk Statistics of the Presidential and Congressional Election 2024,same_map_year:2022
2024,OK,03,40071,Frank D. Lucas,REP,TRUE,Oklahoma law does not print the names of candidates with no opposition on the ballot.,House Clerk Statistics of the Presidential and Congressional Election 2024,same_map_year:2022
2024,OK,03,40073,Frank D. Lucas,REP,TRUE,Oklahoma law does not print the names of candidates with no opposition on the ballot.,House Clerk Statistics of the Presidential and Congressional Election 2024,same_map_year:2022
2024,OK,03,40075,Frank D. Lucas,REP,TRUE,Oklahoma law does not print the names of candidates with no opposition on the ballot.,House Clerk Statistics of the Presidential and Congressional Election 2024,same_map_year:2022
2024,OK,03,40083,Frank D. Lucas,REP,FALSE,Oklahoma law does not print the names of candidates with no opposition on the ballot.,House Clerk Statistics of the Presidential and Congressional Election 2024,same_map_year:2022
2024,OK,03,40093,Frank D. Lucas,REP,TRUE,Oklahoma law does not print the names of candidates with no opposition on the ballot.,House Clerk Statistics of the Presidential and Congressional Election 2024,same_map_year:2022
2024,OK,03,40103,Frank D. Lucas,REP,TRUE,Oklahoma law does not print the names of candidates with no opposition on the ballot.,House Clerk Statistics of the Presidential and Congressional Election 2024,same_map_year:2022
2024,OK,03,40109,Frank D. Lucas,REP,FALSE,Oklahoma law does not print the names of candidates with no opposition on the ballot.,House Clerk Statistics of the Presidential and Congressional Election 2024,same_map_year:2022
2024,OK,03,40113,Frank D. Lucas,REP,TRUE,Oklahoma law does not print the names of candidates with no opposition on the ballot.,House Clerk Statistics of the Presidential and Congressional Election 2024,same_map_year:2022
2024,OK,03,40117,Frank D. Lucas,REP,TRUE,Oklahoma law does not print the names of candidates with no opposition on the ballot.,House Clerk Statistics of the Presidential and Congressional Election 2024,same_map_year:2022
2024,OK,03,40119,Frank D. Lucas,REP,TRUE,Oklahoma law does not print the names of candidates with no opposition on the ballot.,House Clerk Statistics of the Presidential and Congressional Election 2024,same_map_year:2022
2024,OK,03,40129,Frank D. Lucas,REP,TRUE,Oklahoma law does not print the names of candidates with no opposition on the ballot.,House Clerk Statistics of the Presidential and Congressional Election 2024,same_map_year:2022
2024,OK,03,40139,Frank D. Lucas,REP,TRUE,Oklahoma law does not print the names of candidates with no opposition on the ballot.,House Clerk Statistics of the Presidential and Congressional Election 2024,same_map_year:2022
2024,OK,03,40149,Frank D. Lucas,REP,TRUE,Oklahoma law does not print the names of candidates with no opposition on the ballot.,House Clerk Statistics of the Presidential and Congressional Election 2024,same_map_year:2022
2024,OK,03,40151,Frank D. Lucas,REP,TRUE,Oklahoma law does not print the names of candidates with no opposition on the ballot.,House Clerk Statistics of the Presidential and Congressional Election 2024,same_map_year:2022
2024,OK,03,40153,Frank D. Lucas,REP,TRUE,Oklahoma law does not print the names of candidates with no opposition on the ballot.,House Clerk Statistics of the Presidential and Congressional Election 2024,same_map_year:2022
