state,cd,year,total_vote,rep_vote,rep_candidate,dem_vote,dem_candidate,other_vote,plurality_vote,plurality_party,source_volume,confidence,validation_pct_diff
ALABAMA,1,2000,165669.0,151188.0,"CALLAHAN, H. L",,,14481.0,151188.0,R,24,high,
ALABAMA,1,1998,113564.0,112872.0,"CALLAHAN, H. L",,,692.0,112872.0,R,24,high,
ALABAMA,1,1996,205417.0,32206.0,"CALLAHAN, H. L",69470.0,"WOMACK, DON",3741.0,62736.0,R,24,high,0.4868146258586193
ALABAMA,1,1994,153767.0,103431.0,"CALLAHAN, H. L",50227.0,"WOMACK, DON",109.0,53204.0,R,24,high,0.0
ALABAMA,1,1992,214204.0,128874.0,"CALLAHAN, H. L",78742.0,"BREWER, WILLLIAM A.",6588.0,50132.0,R,24,high,0.0
ALABAMA,5,2000,209514.0,,,186059.0,"CRAMER, BUD",23455.0,186059.0,D,24,high,
ALABAMA,5,1998,193490.0,58536.0,"AUST, GIL",134819.0,"CRAMER, BUD",135.0,76283.0,D,24,high,0.0
ALABAMA,5,1996,205547.0,86727.0,"PARKER, WAYNE",114442.0,"CRAMER, BUD",4378.0,27715.0,D,24,high,0.0
ALABAMA,5,1994,175693.0,86923.0,"PARKER, WAYNE",88693.0,"CRAMER, BUD",11.0,1770.0,D,24,high,0.00037565526230413275
ALABAMA,5,1992,244133.0,77951.0,"SMITH, TERRY",160060.0,"CRAMER, BUD",6.0,82109.0,D,24,high,0.02505191842151614
ALASKA,AL,2000,274393.0,190862.0,"YOUNG, DON",45372.0,"GREENE, CLIFFORD",38159.0,145490.0,R,24,high,0.0
ALASKA,AL,1998,223300.0,139676.0,"YOUNG, DON",77232.0,"DUNCAN, JIM",6392.0,62444.0,R,24,high,0.0
ALASKA,AL,1996,233700.0,138834.0,"YOUNG, DON",85114.0,"LINCOLN, GEORGIANNA",9752.0,53720.0,R,24,high,0.0
ALASKA,AL,1994,208240.0,118537.0,"YOUNG, DON",68172.0,"SMITH, TONY",21531.0,50365.0,R,24,high,0.0
ALASKA,AL,1992,239116.0,111849.0,"YOUNG, DON",102378.0,"DEVENS, JOHN S.",24889.0,9471.0,R,24,high,0.0
ALASKA,AL,1990,191647.0,99003.0,"YOUNG, DON",91677.0,"DEVENS, JOHN S.",967.0,7326.0,R,24,high,0.0
ALASKA,AL,1988,192955.0,120595.0,"YOUNG, DON",71881.0,"GRUENSTEIN, PETER",479.0,48714.0,R,24,high,0.0
ALASKA,AL,1986,180277.0,101799.0,"YOUNG, DON",74053.0,"BEGICH, PEGGE",4425.0,27746.0,R,24,high,0.0
ALASKA,AL,1984,206437.0,113582.0,"YOUNG, DON",86052.0,"BEGICH, PEGGE",6803.0,27530.0,R,24,high,0.0
ALASKA,AL,1982,181084.0,128274.0,"YOUNG, DON",52011.0,"CARLSON, DAVE",799.0,76263.0,R,24,high,0.0
ALASKA,AL,1980,154618.0,114089.0,"YOUNG, DON",39922.0,"PARNELL, KEVIN",607.0,74167.0,R,24,high,0.0
ALASKA,AL,1978,124187.0,68811.0,"YOUNG, DON",55176.0,"RODEY, PATRICK",200.0,13635.0,R,24,high,0.0
ALASKA,AL,1976,118208.0,83722.0,"YOUNG, DON",34194.0,"HOPSON, EBEN",292.0,49528.0,R,24,high,0.0
ALASKA,AL,1974,95921.0,51641.0,"YOUNG, DON",44280.0,"HENSLEY, WILLIAM L.",,7361.0,R,24,high,
ALASKA,AL,1972,95401.0,41750.0,"YOUNG, DON",53651.0,"BEGICH, N. J.",,11901.0,D,24,high,
ALASKA,AL,1970,80084.0,35947.0,"MURKOWSKI, FRANK H.",44137.0,"BEGICH, N. j.",,8190.0,D,24,high,
ALASKA,AL,1968,80362.0,43577.0,"POLLOCK, HOWARD W.",36785.0,"BEGICH, N. .",,6792.0,R,24,high,
ALASKA,AL,1966,65907.0,34040.0,"POLLOCK, HOWARD W.",31867.0,"RIVERS, RALPH J.",,2173.0,R,24,high,
ALASKA,AL,1964,67146.0,32556.0,"THOMAS, LOWELL",34590.0,"RIVERS, RALPH .",,2034.0,D,24,high,
ALASKA,AL,1962,58591.0,26638.0,"THOMAS, LOWELL",31953.0,"RIVERS, RALPH .",,5315.0,D,24,high,
ALASKA,AL,1960,59063.0,25517.0,"RETTIG, R. L.",33546.0,"RIVERS, RALPH J.",,8029.0,D,24,high,
ALASKA,AL,1958,48647.0,20699.0,"BENSON, HENRY A.",27948.0,"RIVERS, RALPH .",,7249.0,D,24,high,
ARKANSAS,1,2000,199956.0,79437.0,"MYSHKA, SUSAN",120266.0,"BERRY, MARION",253.0,40829.0,D,24,high,0.0
ARKANSAS,1,1998,,,,,,,,,24,high,
ARKANSAS,1,1996,199450.0,88436.0,"DUPWE, WARREN",105280.0,"BERRY, MARION",5734.0,16844.0,D,24,high,0.0
ARKANSAS,1,1994,178437.0,83147.0,"DUPWE, WARREN",95290.0,"LAMBERT, BLANCHE",,12143.0,D,24,high,
ARKANSAS,1,1992,214176.0,64618.0,"HAYES, TERRY",149558.0,"LAMBERT, BLANCHE",,84940.0,D,24,high,
ARKANSAS,2,2000,220649.0,93692.0,"THOMAS, BOB",126957.0,"SNYDER, VIC",,33265.0,D,24,high,
ARKANSAS,2,1998,173071.0,72737.0,"WYRICK, PHIL",100334.0,"SNYDER, VIC",,27597.0,D,24,high,
ARKANSAS,2,1996,219389.0,104548.0,"CUMMINS, BUD",114841.0,"SNYDER, VIC",,10293.0,D,24,high,
ARKANSAS,2,1994,170053.0,72473.0,"POWELL, BILL",97580.0,"THORNTON, RAY",,25107.0,D,24,high,
ARKANSAS,2,1992,208924.0,53978.0,"SCOTT, DENNIS",154946.0,"THORNTON, RAY",,100968.0,D,24,high,
ARKANSAS,3,2000,,,,,,,,,24,high,
ARKANSAS,3,1998,191697.0,154780.0,"HUTCHINSON, ASA",,,36917.0,154780.0,R,24,high,
ARKANSAS,3,1996,246132.0,137093.0,"HUTCHINSON, ASA",102994.0,"HENRY, ANN",6045.0,34099.0,R,24,high,0.0
ARKANSAS,3,1994,191683.0,129800.0,"HUTCHINSON, TIM",61883.0,"SEITZ, BERTA",,67917.0,R,24,high,
ARKANSAS,3,1992,249494.0,125295.0,"HUTCHINSON, TIM",117775.0,"VAN WINKLE, OHN",6424.0,7520.0,R,24,high,0.0
ARKANSAS,4,2000,212160.0,104017.0,"DICKEY, JAY",108143.0,"ROSS, MIKE",,4126.0,D,24,high,
ARKANSAS,4,1998,160540.0,92346.0,"DICKEY, JAY",68194.0,"SMITH, JUDY",,24152.0,R,24,high,
ARKANSAS,4,1996,198347.0,125956.0,"DICKEY, JAY",72391.0,"TOLLIVER, VINCENT",,53565.0,R,24,high,
ARKANSAS,4,1994,168839.0,87469.0,"DICKEY, JAY",81370.0,"BRADFORD, AY",,6099.0,R,24,high,
ARKANSAS,4,1992,215927.0,113009.0,"DICKEY, JAY",102918.0,"MCCUEN,W..",,10091.0,R,24,high,
CALIFORNIA,1,2000,239335.0,,,,,,,,24,high,
CALIFORNIA,1,1998,196772.0,64622.0,"LUCE, MARK",121713.0,"THOMPSON, MIKE",10437.0,57091.0,D,24,high,0.0
CALIFORNIA,1,1996,222118.0,110242.0,"RICGS, FRANK",96522.0,"ALIOTO, MICHAELA",15354.0,13720.0,R,24,high,0.0
CALIFORNIA,1,1994,200673.0,106870.0,"RICGS, FRANK",93717.0,"HAMBURG, DAN",86.0,13153.0,R,24,high,0.0
CALIFORNIA,1,1992,251206.0,113266.0,"RIGGS, FRANK",119676.0,"HAMBURG, DAN",18264.0,6410.0,D,24,high,0.0
CALIFORNIA,2,2000,255856.0,168172.0,"HERGER, WALLY",72075.0,"MORGAN, STAN",15609.0,96097.0,R,24,high,0.0
CALIFORNIA,2,1998,205367.0,128372.0,"HERGER, WALLY",70837.0,"BRADEN, ROBERTS A.",6158.0,57535.0,R,24,high,0.0
CALIFORNIA,2,1996,238333.0,144913.0,"HERGER, WALLY",80401.0,"BRADEN, ROBERTS A.",13019.0,64512.0,R,24,high,0.0
CALIFORNIA,2,1994,214809.0,137864.0,"HERGER, WALLY",55959.0,"IACOBS, MARY",20986.0,81905.0,R,24,high,0.0
CALIFORNIA,2,1992,256556.0,167247.0,"HERGER, WALLY",71780.0,"FREEDMAN, ELLIOT R.",7529.0,95467.0,R,24,high,0.03897784499290603
CALIFORNIA,3,2000,230182.0,129254.0,"OSE, DOUG",93067.0,"KENT, BOB",7861.0,36187.0,R,24,high,0.0
CALIFORNIA,3,1998,192006.0,100621.0,"OSE, DOUG",86471.0,"DUNN, SANDIE",4914.0,14150.0,R,24,high,0.0
CALIFORNIA,3,1996,221737.0,91134.0,"LEFEVER, TIM",118663.0,"FAZIO, VIC",11940.0,,,24,high,0.0
CALIFORNIA,3,1994,195157.0,89964.0,"LEFEVER, TIM",97093.0,"FAZIO, VIC",8100.0,7129.0,D,24,high,0.0
CALIFORNIA,3,1992,238685.0,96092.0,"RICHARDSON, H. L.",122149.0,"FAZIO, VIC",20444.0,26057.0,D,24,high,0.0
COLORADO,1,2000,206434.0,56291.0,"THOMAS, JESSE L.",141831.0,"DEGETTE, DIANA",8312.0,85540.0,D,24,high,0.0
COLORADO,1,1998,174305.0,52452.0,"MCCLANAHAN, NANCY",116628.0,"DEGETTE, DIANA",5225.0,64176.0,D,24,high,0.0
COLORADO,1,1996,197839.0,79540.0,"ROGERS, JOE",112631.0,"DEGETTE, DIANA",5668.0,33091.0,D,24,high,0.0
COLORADO,1,1994,155255.0,61978.0,"EGGERT, WILLIAM F.",93123.0,"SCHROEDER, PATRICIA",154.0,31145.0,D,24,high,0.0
COLORADO,1,1992,227531.0,70902.0,"ARAGON, RAYMOND D.",156629.0,"SCHROEDER, PATRICIA",,85727.0,D,24,high,
COLORADO,2,2000,283116.0,109338.0,"COX, CAROLYN",155725.0,"UDALL, MARK",18053.0,46387.0,D,24,high,0.0
COLORADO,2,1998,228442.0,108385.0,"GREENLEE, BOB",113946.0,"UDALL, MARK",6111.0,5561.0,D,24,high,0.0
COLORADO,2,1996,255784.0,97865.0,"MILLER, PATRICIA",145894.0,"SKAGGS, DAVID",12025.0,48029.0,D,24,high,0.0
COLORADO,2,1994,186661.0,80723.0,"MILLER, PATRICIA",105938.0,"SKAGGS, DAVID",,25215.0,D,24,high,
COLORADO,2,1992,271361.0,88470.0,"DAY, BRYAN",164790.0,"SKAGGS, DAVID",18101.0,76320.0,D,24,high,0.0
COLORADO,3,2000,302540.0,199204.0,"MCINNIS, SCOTT",87921.0,"IMRIE, CURTIS",15415.0,111283.0,R,24,high,0.0
COLORADO,3,1998,236653.0,156501.0,"MCINNIS, SCOTT",74479.0,"KELLEY, ROBERT REED",5673.0,82022.0,R,24,high,0.0
COLORADO,3,1996,266.0,476.0,"MCINNIS, SCOTT",183523.0,"GURULE, ALBERT L.",82953.0,100570.0,R,24,high,1002.578947368421
COLORADO,3,1994,208792.0,145365.0,"MCINNIS, SCOTT",63427.0,"POWERS, LINDA",,81938.0,R,24,high,
COLORADO,3,1992,261964.0,143293.0,"MCINNIS, SCOTT",114480.0,"CALUHAN, MIKE",4191.0,28813.0,R,24,high,0.0
COLORADO,4,2000,263006.0,209078.0,"SCHAFFER, BOB",,,53928.0,209078.0,R,24,high,
COLORADO,4,1998,221291.0,131318.0,"SCHAFFER, BOB",89973.0,"KIRKPATRICK, SUSAN",,41345.0,R,24,high,
COLORADO,4,1996,244067.0,137012.0,"SCHAFFER, BOB",92837.0,"KELLEY, GUY",14218.0,,,24,high,0.0
COLORADO,4,1994,188453.0,136251.0,"ALLARD, WAYNE",52202.0,"KIPP,   CATHY",,84049.0,R,24,high,
COLORADO,4,1992,241841.0,139884.0,"ALLARD, WAYNE",101957.0,"REDDER, TOM",,37927.0,R,24,high,
COLORADO,5,2000,306309.0,253330.0,"HEFLEY, JOEL",,,52979.0,253330.0,R,24,high,
COLORADO,5,1998,214270.0,155790.0,"HEFLEY, JOEL",55609.0,"ALFORD, KEN",2871.0,100181.0,R,24,high,0.0
COLORADO,5,1996,262465.0,188805.0,"HEFLEY, JOEL",73660.0,"ROBINSON, MIKE",,115145.0,R,24,high,
COLORADO,5,1994,138674.0,138674.0,"HEFLEY, JOEL",,,,138674.0,R,24,high,
COLORADO,5,1992,243415.0,173096.0,"HEFLEY, OEL",62550.0,"ORIEZ, CHARLES A.",7769.0,110546.0,R,24,high,0.0
COLORADO,6,2000,262.0,477.0,"TANCREDO, TOM",141410.0,"TOLTZ, KENNETH A.",110568.0,30842.0,R,24,high,962.5687022900763
COLORADO,6,1998,199188.0,111374.0,"TANCREDO, TOM",82662.0,"STRAUSS, HENRY L",5152.0,28712.0,R,24,high,0.0
COLORADO,6,1996,234618.0,146018.0,"SCHAEFER, DANIEL L",88600.0,"FITZGERALD, OAN",,57418.0,R,24,high,
COLORADO,6,1994,177709.0,124079.0,"SCHAEFER, DANIEL L.",49701.0,"HALLEN, JOHN",3929.0,74378.0,R,24,high,0.0
COLORADO,6,1992,233097.0,142021.0,"SCHAEFER, DANIEL L.",91073.0,"KOLBE, TOM",,50948.0,R,24,high,
CONNECTICUT,1,2000,211263.0,59331.0,"BACKLUND, BOB",151932.0,"LARSON, JOHN B.                                  D",,,,24,high,
CONNECTICUT,1,1998,168264.0,69668.0,"O'CONNOR, KEVIN",97681.0,"LARSON, JOHN B.",915.0,,,24,high,0.0
CONNECTICUT,1,1996,215136.0,53666.0,"SLEATH, KENT",158222.0,"KENNELLY, BARBARA B.",3248.0,104556.0,D,24,high,0.0
CONNECTICUT,1,1994,188907.0,46865.0,"PUTNAM, DOUGLAS T.",138637.0,"'KENNELLY, BARBARA B.",3405.0,91772.0,D,24,high,0.0
CONNECTICUT,1,1992,245430.0,75113.0,"STEELE, PHILIP L",164735.0,"KENNELLY, BARBARA B.",5582.0,89622.0,D,24,high,0.0
CONNECTICUT,2,2000,225900.0,114380.0,"SIMMONS, ROB",111520.0,"GEDENSON, SAMUEL",,2860.0,R,24,high,
CONNECTICUT,2,1998,163202.0,57860.0,"KOVAL, GARY M.",99567.0,"GEJDENSON, SAMUEL",5775.0,41707.0,D,24,high,0.0
CONNECTICUT,2,1996,223249.0,100332.0,"MUNSTER, EDWARD W.",115175.0,"GEJDENSON, SAMUEL",7742.0,14843.0,D,24,high,0.0
CONNECTICUT,2,1994,186073.0,79167.0,"MUNSTER, EDWARD W.",79188.0,"GEJDENSON, SAMUEL",27718.0,,,24,high,0.0
CONNECTICUT,2,1992,242707.0,119416.0,"MUNSTER, EDWARD W.",123291.0,"GEJDENSON, SAMUEL",,3875.0,D,24,high,
CONNECTICUT,3,2000,218205.0,60037.0,"GOLD, JUNE M.",156910.0,"DELAURO, ROSA L.",1258.0,96873.0,D,24,high,0.0
CONNECTICUT,3,1998,153851.0,42090.0,"REUST, MARTIN T",109726.0,"DELAURO, ROSA L.",2035.0,67636.0,D,24,high,0.0
CONNECTICUT,3,1996,211352.0,59335.0,"COPPOLA, JOHN",150798.0,"DELAURO, ROSA L.",1219.0,91463.0,D,24,high,0.0
CONNECTICUT,3,1994,175355.0,64094.0,"JOHNSON, SUSAN E.",111261.0,"DELAURO, ROSA L.",,47167.0,D,24,high,
CONNECTICUT,3,1992,247531.0,84952.0,"SCOTT, THOMAS",162568.0,"DELAURO, ROSA L.",11.0,77616.0,D,24,high,0.0
CONNECTICUT,5,2000,221821.0,98229.0,"NIELSEN, MARK",118932.0,"MALONEY, JAMES H.",4660.0,20703.0,D,24,high,0.0
CONNECTICUT,5,1998,157157.0,76051.0,"NIELSEN, MARK",78394.0,"MALONEY, JAMES H.",2712.0,2343.0,D,24,high,0.0
CONNECTICUT,5,1996,215130.0,98782.0,"FRANKS, GARY A.",111974.0,"MALONEY, JAMES H.",4374.0,13192.0,D,24,high,0.0
CONNECTICUT,5,1994,179053.0,93471.0,"FRANKS, GARY A.",81523.0,"MALONEY, JAMES H.",4059.0,11948.0,R,24,high,0.0
CONNECTICUT,5,1992,240283.0,104891.0,"FRANKS, GARY A.",74791.0,"LAWLOR, JAMES   J.",,,,24,high,
CONNECTICUT,6,2000,229543.0,143698.0,"IOHNSON, NANCY L",75471.0,"VALENTI, PAUL",10374.0,68227.0,R,24,high,0.0
CONNECTICUT,6,1998,174781.0,101630.0,"JOHNSON, NANCY L",69201.0,"KOSKOFF, CHARLOTTE",3950.0,32429.0,R,24,high,0.0
CONNECTICUT,6,1996,227756.0,113020.0,"IOHNSON, NANCY L",111433.0,"KOSKOFF, CHARLOTTE",3303.0,1587.0,R,24,high,0.0
CONNECTICUT,6,1994,192717.0,123101.0,"JOHNSON, NANCY L",60701.0,"KOSKOFF, CHARLOTTE",8915.0,62400.0,R,24,high,0.0
CONNECTICUT,6,1992,239597.0,166967.0,"JOHNSON, NANCY L",60373.0,"SLASON, EUGENE F.",12257.0,106594.0,R,24,high,0.0
DELAWARE,AL,2000,313171.0,211797.0,"CASTLE, MICHAEL N.",96488.0,"MILLER, MICHEAL C.",4886.0,115309.0,R,24,high,0.0
DELAWARE,AL,1998,180527.0,119811.0,"CASTLE, MICHAEL N.",57446.0,"WILLIAMS, DENNIS E.",3270.0,62365.0,R,24,high,0.0
DELAWARE,AL,1996,266836.0,185576.0,"CASTLE, MICHAEL N.",73253.0,"WILLIAMS, DENNIS E.",8007.0,112323.0,R,24,high,0.0
DELAWARE,AL,1994,195037.0,37960.0,"CASTLE, MICHAEL N.",51803.0,"DESANTIS, CAROL ANN",5274.0,86157.0,R,24,high,0.5127232268749007
DELAWARE,AL,1992,276157.0,153037.0,"CASTLE, MICHAEL N.",117426.0,"WOO, S. B.",5694.0,35611.0,R,24,high,0.0
DELAWARE,AL,1990,177432.0,58037.0,"WILLIAMS, RALPH .",116274.0,"CARPER, THOMAS R.",3121.0,58237.0,D,24,high,0.0
DELAWARE,AL,1988,234517.0,761.0,"KRAPF, JAMES P.",79.0,"CARPER, THOMAS R.",158338.0,82159.0,D,24,high,0.3212517642644243
DELAWARE,AL,1986,160757.0,53767.0,"NEUBERGER, THOMAS S.",106351.0,"CARPER, THOMAS R.",639.0,52584.0,D,24,high,0.0
DELAWARE,AL,1984,243014.0,100650.0,"DUPONT, ELISE",142070.0,"CARPER, THOMAS R.",294.0,41420.0,D,24,high,0.0
DELAWARE,AL,1982,188064.0,87153.0,"EVANS, THOMAS B.",98533.0,"CARPER, THOMAS R.",2378.0,11380.0,D,24,high,0.0
DELAWARE,AL,1980,216629.0,33842.0,"EVANS, THOMAS B.",81227.0,"MAXWELL, ROBERT L.",1560.0,52615.0,R,24,high,0.4616187121761168
DELAWARE,AL,1978,157566.0,91689.0,"EVANS, THOMAS B.",64863.0,"HINDES, GARY E.",1014.0,26826.0,R,24,high,0.0
DELAWARE,AL,1976,214799.0,110677.0,"EVANS, THOMAS B.",102431.0,"SHIPLEY, SAMUEL L.",1691.0,8246.0,R,24,high,0.0
DELAWARE,AL,1974,160328.0,93826.0,"DUPONT, PIERRE",63490.0,"SOLES, JAMES",3012.0,30336.0,R,24,high,0.0
DELAWARE,AL,1972,225851.0,141237.0,"DUPONT, PIERRE",83230.0,"HANDLOFF, NORMA",1384.0,58007.0,R,24,high,0.0
DELAWARE,AL,1970,160313.0,86125.0,"DUPONT, PIERRE",71429.0,"DANIELLO, JOHN D.",2759.0,14696.0,R,24,high,0.0
DELAWARE,AL,1968,200820.0,117827.0,"ROTH, WILLIAM V.",82993.0,"MCDOWELL, HARRIS B.",,34834.0,R,24,high,
DELAWARE,AL,1966,163103.0,90961.0,"ROTH, WILLIAM V.",72142.0,"MCDOWELL, HARRIS B.",,18819.0,R,24,high,
DELAWARE,AL,1964,198691.0,86254.0,"SNOWDEN, JAMES H.",112361.0,"MCDOWELL, HARRIS B.",76.0,26107.0,D,24,high,0.0
DELAWARE,AL,1962,153356.0,71934.0,"WILLIAMS, WILMER F.",81166.0,"MCDOWELL, HARRIS B.",256.0,9232.0,D,24,high,0.0
DELAWARE,AL,1960,194564.0,96337.0,"MCKINSTRY, JAMES T.",98227.0,"MCDOWELL, HARRIS B.",,1890.0,D,24,high,
DELAWARE,AL,1958,152896.0,76099.0,"HASKELL, HARRY C.",76797.0,"MCDOWELL, HARRIS B.",698.0,,,24,high,0.004565194642109669
DELAWARE,AL,1956,176182.0,91538.0,"HASKELL, HARRY G.",84644.0,"MCDOWELL, HARRIS B.",,6894.0,R,24,high,
DELAWARE,AL,1954,144236.0,65035.0,"MARTIN, LILLIAN",79201.0,"MCDOWELL, HARRIS B.",,14166.0,D,24,high,
DELAWARE,AL,1952,170015.0,88285.0,"WARBURTON, H. B.",81730.0,"SCANNELL, JOSEPH S.",,6555.0,R,24,high,
DELAWARE,AL,1950,129404.0,73313.0,"BOGGS, J. CALEB",56091.0,"WINCHESTER, H. M.",,17222.0,R,24,high,
FLORIDA,1,2000,227539.0,,,,,1066.0,,,24,high,
FLORIDA,1,1998,141188.0,140525.0,"SCARBOROUGH, JOE",,,663.0,140525.0,R,24,high,
FLORIDA,1,1996,242545.0,75946.0,"SCARBOROUGH, JOE",6649.0,"BECK, KEVIN",104.0,109451.0,R,24,high,0.6590364674596466
FLORIDA,1,1994,183420.0,112901.0,"SCARBOROUGH, JOE",7038.0,"S     WHIBBS, VINCE",130.0,42512.0,R,24,high,0.345387634936212
FLORIDA,1,1992,228632.0,100349.0,"KETCHEL, TERRY",118941.0,"HUTTO, EARL D.",9342.0,18592.0,D,24,high,0.0
FLORIDA,2,2000,257403.0,71754.0,"DODD, DOUG",185579.0,"BOYD, ALLEN",70.0,113825.0,D,24,high,0.0
FLORIDA,2,1998,145420.0,,,38440.0,"BOYD, ALLEN",6980.0,138440.0,D,24,high,
FLORIDA,2,1996,232400.0,94122.0,"SUTTON, BILL",138151.0,"BOYD, ALLEN",127.0,44029.0,D,24,high,0.0
FLORIDA,4,2000,303286.0,203090.0,"CRENSHAW, ANDER",94587.0,"SULLIVAN, TOM",5609.0,108503.0,R,24,high,0.0
FLORIDA,4,1998,,,,,,,,,24,high,
FLORIDA,4,1996,,,,,,,,,24,high,
FLORIDA,5,2000,280598.0,100244.0,"ENWALL, PETE",180338.0,"THURMAN, KAREN L",16.0,80094.0,D,24,high,0.0
FLORIDA,5,1998,199152.0,,,132005.0,"THURMAN, KAREN L.",67147.0,32005.0,D,24,high,
FLORIDA,5,1996,261101.0,100051.0,"GENTRY, DAVE",161050.0,"THURMAN, KAREN L",,60999.0,D,24,high,
FLORIDA,6,2000,178972.0,178789.0,"STEARNS, CLIFFORD B.",,,183.0,178789.0,R,24,high,
FLORIDA,6,1998,,,,,,,,,24,high,
FLORIDA,6,1996,240442.0,161527.0,"STEARNS, CLIFFORD B.",78908.0,"O'BRIEN, NEWELL",,82619.0,R,24,high,
FLORIDA,7,2000,270560.0,171018.0,"MICA, JOHN L",99531.0,"VAUGHEN, DAN",11.0,71487.0,R,24,high,0.0
FLORIDA,7,1998,,,,,,,,,24,high,
FLORIDA,7,1996,231557.0,143667.0,"MICA, JOHN L",87832.0,"STUART, GEORGE JR.",58.0,55835.0,R,24,high,0.0
FLORIDA,7,1994,179458.0,131711.0,"MICA, JOHN L",47747.0,"GODDARD, EDWARD D.",,83964.0,R,24,high,
FLORIDA,7,1992,223023.0,125823.0,"MICA, OHN L",96945.0,"WEBSTER, DAN",255.0,28878.0,R,24,high,0.0
FLORIDA,8,2000,246593.0,125253.0,"KELLER, RIC",121295.0,"CHAPIN, LINDA W.",45.0,3958.0,R,24,high,0.0
FLORIDA,8,1998,158575.0,104298.0,"MCCOLLUM, BILL",54245.0,"KRULICK, AL",32.0,50053.0,R,24,high,0.0
FLORIDA,8,1996,202326.0,136515.0,"MCCOLLUM, BILL",65794.0,"KRULICK, AL",17.0,70721.0,R,24,high,0.0
FLORIDA,8,1994,131815.0,131376.0,"MCCOLLUM, BILL",,,439.0,131376.0,R,24,high,
FLORIDA,8,1992,207122.0,141977.0,"MCCOLLUM, BILL",65145.0,"KOVALESKI, CHUCK",,76832.0,R,24,high,
FLORIDA,9,2000,256794.0,210318.0,"BILIRAKIS, MICHAEL",,,46476.0,210318.0,R,24,high,
FLORIDA,9,1998,,,,,,,,,24,high,
FLORIDA,9,1996,235517.0,161708.0,"BILIRAKIS, MICHAEL",73809.0,"PROVENZANO, JERRY",,87899.0,R,24,high,
FLORIDA,9,1994,177405.0,177253.0,"BILIRAKIS, MICHAEL",,,152.0,177253.0,R,24,high,
FLORIDA,9,1992,268163.0,158028.0,"BILIRAKIS, MICHAEL",110135.0,"KNAPP, CHERYL D.",,47893.0,R,24,high,
FLORIDA,10,2000,194003.0,146799.0,"YOUNG, C. W.",,,47204.0,146799.0,R,24,high,
FLORIDA,10,1998,,,,,,,,,24,high,
FLORIDA,10,1996,171820.0,114443.0,"YOUNG, C. W.",57375.0,"GREEN, HENRY",,57068.0,R,24,high,
FLORIDA,10,1994,,,,,,,,,24,high,
FLORIDA,10,1992,264415.0,149606.0,"YOUNG, C. W.",114809.0,MOFFITT KAREN,,34797.0,R,24,high,
FLORIDA,11,2000,76683.0,,,149465.0,"DAVIS, JIM",27218.0,149465.0,D,24,high,
FLORIDA,11,1998,131438.0,46176.0,"CHILLURA, JOE",85262.0,"DAVIS, JIM",,39086.0,D,24,high,
FLORIDA,11,1996,187403.0,78881.0,"SHARPE, MARK",108522.0,"DAVIS, JIM",,29641.0,D,24,high,
FLORIDA,11,1994,148942.0,72119.0,"SHARPE, MARK",76814.0,"GIBBONS, SAM M.",,4695.0,D,24,high,
FLORIDA,11,1992,191354.0,77640.0,"SHARPE, MARK",100984.0,"GIBBONS, SAM M.",12730.0,23344.0,D,24,high,0.0
FLORIDA,12,2000,219625.0,125224.0,"PUTNAM, ADAM H.",94395.0,"STEDEM, MIKE",,30829.0,R,24,high,
FLORIDA,12,1998,,,,,,,,,24,high,
FLORIDA,12,1996,199097.0,122584.0,"CANADY, CHARLES T.",76513.0,"CANADY, MIKE",,46071.0,R,24,high,
FLORIDA,12,1994,163326.0,106123.0,"CANADY, CHARLES T.",57203.0,"CONNORS, ROBERT",,48920.0,R,24,high,
FLORIDA,12,1992,192830.0,100484.0,"CANADY, CHARLES T.",92346.0,"MIMS, TOM",,8138.0,R,24,high,
FLORIDA,13,2000,275587.0,175918.0,"MILLER, DAN",99568.0,"DUNN, DANIEL E.",101.0,76350.0,R,24,high,0.0
FLORIDA,13,1998,,,,,,,,,24,high,
FLORIDA,13,1996,269904.0,173671.0,"MILLER, DAN",96098.0,"GORDON, SANFORD",135.0,77573.0,R,24,high,0.0
FLORIDA,13,1994,,,,,,,,,24,high,
FLORIDA,13,1992,274648.0,158881.0,"MILLER, DAN",115767.0,"SNELL, RAND",,43114.0,R,24,high,
FLORIDA,14,2000,284615.0,242614.0,"GOSS, PORTER .",,,42001.0,242614.0,R,24,high,
FLORIDA,14,1998,,,,,,,,,24,high,
FLORIDA,14,1996,240834.0,76992.0,"GOSS, PORTER J.",63842.0,"NOLAN, JIM",,113150.0,R,24,high,
FLORIDA,14,1994,,,,,,,,,24,high,
FLORIDA,14,1992,268511.0,220351.0,"GOSS, PORTER J.",,,48160.0,220351.0,R,24,high,
FLORIDA,19,2000,238869.0,67789.0,"THOMPSON, MORRIS KENT",171080.0,"WEXLER, ROBERT",,103291.0,D,24,high,
FLORIDA,19,1998,,,,,,,,,24,high,
FLORIDA,19,1996,287867.0,99101.0,"KENNEDY, BEVERLY",188766.0,"WEXLER, ROBERT",,89665.0,D,24,high,
FLORIDA,19,1994,223370.0,,,,,,,,24,high,
FLORIDA,19,1992,281294.0,103867.0,"METZ, LARRY",77423.0,"JOHNSTON, HARRY",,73556.0,D,24,high,
FLORIDA,20,2000,156952.0,,,156765.0,"DEUTSCH, PETER",187.0,156765.0,D,24,high,
FLORIDA,20,1998,,,,,,,,,24,high,
FLORIDA,20,1996,245033.0,85777.0,"JACOBS, JIM",159256.0,"DEUTSCH, PETER",,73479.0,D,24,high,
FLORIDA,20,1994,187131.0,72516.0,"KENNEDY, BEVERLY",114615.0,"DEUTSCH, PETER",,42099.0,D,24,high,
FLORIDA,20,1992,237889.0,91589.0,"KENNEDY, BEVERLY",30959.0,"DEUTSCH, PETER",15341.0,39370.0,D,24,high,0.4203641194002245
FLORIDA,21,2000,132342.0,132317.0,"DIAZBALART, LINCOLN",,,25.0,132317.0,R,24,high,
FLORIDA,21,1998,112396.0,84018.0,"DIAZBALART, LINCOLN",28378.0,"CUSACK, PATRICK",,55640.0,R,24,high,
FLORIDA,21,1996,125473.0,125469.0,"DIAZBALART, LINCOLN",,,,125469.0,R,24,high,
FLORIDA,21,1994,90950.0,90948.0,"DIAZBALART, LINCOLN",,,,90948.0,R,24,high,
FLORIDA,21,1992,,,,,,,,,24,high,
FLORIDA,22,2000,211112.0,105855.0,"SHAW, CLAY",105256.0,"BLOOM, ELAINE",599.0,,,24,high,0.0028326196521277804
FLORIDA,22,1998,,,,,,,,,24,high,
FLORIDA,22,1996,221618.0,37098.0,"SHAW, CLAY",8451.0,"COOPER, KENNETH D.",,52581.0,R,24,high,
FLORIDA,22,1994,188905.0,119690.0,"SHAW, CLAY",69215.0,"WIENER, HERMINE L                                        R",63.0,,,24,high,0.00033350096609406843
FLORIDA,22,1992,247088.0,128400.0,"SHAW, CLAY",91625.0,"MARGOLIS, GWEN",27063.0,36775.0,R,24,high,0.0
FLORIDA,23,2000,116813.0,27630.0,"LAMBERT, BILL",89179.0,"HASTINGS, ALCEE     L",,61549.0,D,24,high,
FLORIDA,23,1998,,,,,,,,,24,high,
FLORIDA,23,1996,39089.0,36907.0,"BROWN, ROBERT PAUL",102161.0,"HASTINGS, ALCEE     L",21.0,65254.0,D,24,high,2.558264473381258
FLORIDA,23,1994,,,,,,,,,24,high,
FLORIDA,23,1992,143935.0,44807.0,"FIELDING, ED",84249.0,"HASTINGS, ALCEE     L",14879.0,,,24,high,0.0
GEORGIA,1,2000,190460.0,131684.0,"KINGSTON, JACK",58776.0,"GRIGGS, JOYCE",,72908.0,R,24,high,
GEORGIA,1,1998,92229.0,92229.0,"KINGSTON, JACK",,,,92229.0,R,24,high,
GEORGIA,1,1996,159238.0,108616.0,"KINGSTON, JACK",50622.0,"KASZANS, ROSEMARY D.",,57994.0,R,24,high,
GEORGIA,2,2000,180300.0,83870.0,"GLENN, DYLAN",96430.0,"BISHOP, SANFORD",,12560.0,D,24,high,
GEORGIA,2,1998,137258.0,59305.0,"MCCORMICK, JOE",77953.0,"BISHOP, SANFORD",,18648.0,D,24,high,
GEORGIA,2,1996,163538.0,75282.0,"EALUM, DARREL",88256.0,"BISHOP, SANFORD",,12974.0,D,24,high,
GEORGIA,3,2000,236706.0,150200.0,"COLLINS, MAC",86309.0,"NOTTI, GAIL",197.0,63891.0,R,24,high,0.0
GEORGIA,3,1998,123064.0,123064.0,"COLLINS, MAC",,,,123064.0,R,24,high,
GEORGIA,3,1996,196789.0,120251.0,"COLLINS, MAC",76538.0,"CHAFIN, JIM",,43713.0,R,24,high,
GEORGIA,9,2000,243531.0,183171.0,"DEAL, NATHAN",60360.0,"HARRINGTON, JAMES",,122811.0,R,24,high,
GEORGIA,9,1998,122713.0,122713.0,"DEAL, NATHAN",,,,122713.0,R,24,high,
GEORGIA,9,1996,202194.0,132532.0,"DEAL, NATHAN",69662.0,"POSTON, KEN",,62870.0,R,24,high,
GEORGIA,10,2000,193899.0,122590.0,"NORWOOD, CHARLIE",71309.0,"FREEMAN, DENISE",,51281.0,R,24,high,
GEORGIA,10,1998,148531.0,88527.0,"NORWOOD, CHARLIE",60004.0,"FREEMAN, DENISE",,28523.0,R,24,high,
GEORGIA,10,1996,184777.0,96723.0,"NORWOOD, CHARLIE",88054.0,"BELL, DAVID",,8669.0,R,24,high,
GEORGIA,11,2000,199652.0,199652.0,"UNDER, JOHN",,,,199652.0,R,24,high,
GEORGIA,11,1998,174419.0,120909.0,"UNDER, JOHN",53510.0,"LITTMAN, VINCE",,67399.0,R,24,high,
GEORGIA,11,1996,226761.0,145821.0,"UNDER, JOHN",80940.0,"STEPHENSON, TOMMY",,64881.0,R,24,high,
HAWAII,1,2000,157194.0,44989.0,"MEYERS, PHIL",108517.0,"ABERCROMBIE, NEIL",3688.0,63528.0,D,24,high,0.0
HAWAII,1,1998,189571.0,68905.0,"WARD, GENE",116693.0,"ABERCROMBIE, NEIL",3973.0,47788.0,D,24,high,0.0
HAWAII,1,1996,72206.0,80053.0,"SWINDLE, ORSON",86732.0,"ABERCROMBIE, NEIL",5421.0,6679.0,D,24,high,1.3849264604049525
HAWAII,1,1994,176706.0,76623.0,"SWINDLE, ORSON",94754.0,"ABERCROMBIE, NEIL",5329.0,18131.0,D,24,high,0.0
HAWAII,1,1992,177476.0,41575.0,"SUTTON, WARNER C. K.",129332.0,"ABERCROMBIE, NEIL",6569.0,87757.0,D,24,high,0.0
IDAHO,1,2000,268116.0,173743.0,"OTTER, C.L. ""BUTCH""",84080.0,"PALL, LINDA",10293.0,89663.0,R,24,high,0.0
IDAHO,1,1998,204884.0,113231.0,"CHENOWETH, HELEN",91653.0,"WILLIAMS, DAN",,21578.0,R,24,high,
IDAHO,1,1996,264778.0,132344.0,"CHENOWETH, HELEN",125899.0,"WILLIAMS, DAN",6535.0,6445.0,R,24,high,0.0
IDAHO,1,1994,201554.0,111728.0,"CHENOWETH, HELEN",89826.0,"LAROCCO, LARRY",,21902.0,R,24,high,
IDAHO,1,1992,242790.0,90983.0,"GILBERT, RACHEL S.",140985.0,"LAROCCO, LARRY",10822.0,50002.0,D,24,high,0.0
IDAHO,2,2000,224719.0,158912.0,"SIMPSON, MIKE",58265.0,"WILLIAMS, CRAIG",7542.0,100647.0,R,24,high,0.0
IDAHO,2,1998,73945.0,91337.0,"SIMPSON, MIKE",77736.0,"STALLINGS, RICHARD H.",4872.0,13601.0,R,24,high,1.352356481168436
IDAHO,2,1996,229248.0,157646.0,"CRAPO, MICHAEL D.",67625.0,"SEIDL, JOHN D.",3977.0,90021.0,R,24,high,0.0
IDAHO,2,1994,191529.0,143593.0,"CRAPO, MICHAEL D",47936.0,"FLETCHER, PENNY",,95657.0,R,24,high,
IDAHO,2,1992,229957.0,139783.0,"CRAPO, MICHAEL D.",81450.0,"WILLIAMS, j. D.",8724.0,58333.0,R,24,high,0.0
ILLINOIS,11,2000,234869.0,132384.0,"WELLER, GERALD C.",102485.0,"STEVENSON, JAMES P.",,29899.0,R,24,high,
ILLINOIS,11,1998,171055.0,100597.0,"WELLER, GERALD C.",70458.0,"MUELLER, GARY S.",,30139.0,R,24,high,
ILLINOIS,11,1996,212284.0,109896.0,"WELLER, GERALD C.",102388.0,"BALANOFF, CLEM",,7508.0,R,24,high,
ILLINOIS,11,1994,160395.0,97241.0,"WELLER, GERALD C.",63150.0,"GIGLIO, FRANK",,34091.0,R,24,high,
ILLINOIS,11,1992,243247.0,107860.0,"HERBOLSHEIMER, ROBERT T.",135387.0,"SANGMEISTER, GEORGE E.",,27527.0,D,24,high,
ILLINOIS,12,2000,183257.0,,,183208.0,"COSTELLO, JERRY F.",49.0,183208.0,D,24,high,
ILLINOIS,12,1998,165014.0,65409.0,"PRICE, WILLIAM MELVIN",99605.0,"COSTELLO, JERRY F.",,34196.0,D,24,high,
ILLINOIS,12,1996,209519.0,55690.0,"HUNTER, SHAPLEY R.",150005.0,"COSTELLO, JERRY F.",3824.0,94315.0,D,24,high,0.0
ILLINOIS,12,1994,153810.0,52419.0,"MORRIS, JAN",101391.0,"COSTELLO, JERRY F.",,48972.0,D,24,high,
ILLINOIS,12,1992,236877.0,68115.0,"STARR, MIKE",168762.0,"COSTELLO, JERRY F.",,100647.0,D,24,high,
ILLINOIS,13,2000,292018.0,193250.0,"BIGGERT, JUDY",98768.0,"MASON, THOMAS",,94482.0,R,24,high,
ILLINOIS,13,1998,199767.0,121889.0,"BIGGERT, JUDY",77878.0,"HYNES, SUSAN W.",,44011.0,R,24,high,
ILLINOIS,13,1996,236344.0,141651.0,"FAWELL, HARRIS W.",94693.0,"HYNES, SUSAN W.",,46958.0,R,24,high,
ILLINOIS,13,1994,70021.0,124312.0,"FAWELL, HARRIS W.",45709.0,"RILEY, WILLIAM A.",,78603.0,R,24,high,
ILLINOIS,13,1992,262255.0,179257.0,"FAWELL, HARRIS W.",82985.0,"TEMPLE, DENNIS M.",13.0,96272.0,R,24,high,0.0
ILLINOIS,14,2000,254909.0,188597.0,"HASTERT, J. DENNIS",66309.0,"DELJONSON, VERN",,122288.0,R,24,high,
ILLINOIS,14,1998,168148.0,117304.0,"HASTERT, . DENNIS",50844.0,"COZZI, ROBERT A. R.",,66460.0,R,24,high,
ILLINOIS,14,1996,208764.0,134432.0,"HASTERT, J. DENNIS",74332.0,"MAINS, DOUG",,60100.0,R,24,high,
ILLINOIS,14,1994,144095.0,110204.0,"HASTERT, . DENNIS",33891.0,"DENARI, STEVE",,76313.0,R,24,high,
ILLINOIS,14,1992,230624.0,155271.0,"HASTERT, J. DENNIS",75294.0,"REICH, JONATHAN A.",59.0,79977.0,R,24,high,0.0
ILLINOIS,15,2000,236622.0,125943.0,"JOHNSON, TIM",110679.0,"KELLEHER, F. MICHAEL JR.",,15264.0,R,24,high,
ILLINOIS,15,1998,169309.0,104255.0,"EWING, THOMAS",65054.0,"PRUSSING, LAUREL L",,39201.0,R,24,high,
ILLINOIS,15,1996,211084.0,121019.0,"EWING, THOMAS",90065.0,"PRUSSING, LAUREL L.",,30954.0,R,24,high,
ILLINOIS,15,1994,159731.0,108857.0,"EWING, THOMAS",50874.0,"ALEXANDER, PAUL",,57983.0,R,24,high,
ILLINOIS,15,1992,239586.0,142167.0,"EWING, THOMAS",97190.0,"MATTIS, CHARLES D.",229.0,44977.0,R,24,high,0.0
ILLINOIS,16,2000,267071.0,178174.0,"MANZULLO, DONALD",88781.0,"HENDRICKSON, CHARLES W.",116.0,89393.0,R,24,high,0.0
ILLINOIS,16,1998,143686.0,143686.0,"MANZULLO, DONALD",,,,143686.0,R,24,high,
ILLINOIS,16,1996,228100.0,137523.0,"MANZULLO, DONALD",90575.0,"LEE, CATHERINE M.",,46948.0,R,24,high,
ILLINOIS,16,1994,165974.0,117238.0,"MANZULLO, DONALD",48736.0,"SULLIVAN, PETE",,68502.0,R,24,high,
ILLINOIS,16,1992,255943.0,142388.0,"MANZULLO, DONALD",113555.0,"COX, JOHN W.",,28833.0,R,24,high,
ILLINOIS,17,2000,241347.0,108853.0,"BAKER, MARK",32494.0,"EVANS, LANE",,23641.0,D,24,high,
ILLINOIS,17,1998,194200.0,94072.0,"BAKER, MARK",100128.0,"EVANS, LANE",,6056.0,D,24,high,
ILLINOIS,17,1996,231173.0,109240.0,"BAKER, MARK",120008.0,"EVANS, LANE",1925.0,10768.0,D,24,high,0.0
ILLINOIS,17,1994,74783.0,79471.0,"ANDERSON, JIM",95312.0,"EVANS, LANE",,15841.0,D,24,high,
ILLINOIS,17,1992,259952.0,103719.0,"SCHLOEMER, KEN",156233.0,"EVANS, LANE",,52514.0,D,24,high,
ILLINOIS,18,2000,259023.0,173706.0,"LAHOOD, RAY",85317.0,"HARANT, JOYCE",,88389.0,R,24,high,
ILLINOIS,18,1998,158177.0,158175.0,"LAHOOD, RAY",,,,158175.0,R,24,high,
ILLINOIS,18,1996,241523.0,143110.0,"LAHOOD, RAY",98413.0,"CURRAN, MIKE",,44697.0,R,24,high,
ILLINOIS,18,1994,199125.0,119838.0,"LAHOOD, RAY",78332.0,"STEPHENS, G. DOUGLAS",955.0,41506.0,R,24,high,0.0
ILLINOIS,18,1992,270976.0,156533.0,"MICHEL, ROBERT H.",114413.0,"HAWKINS, RONALD C.",30.0,42120.0,R,24,high,0.0
ILLINOIS,19,2000,240238.0,85137.0,"EATHERLY, JAMES",155101.0,"PHELPS, DAVID D.",,69964.0,D,24,high,
ILLINOIS,19,1998,210044.0,87614.0,"WINTERS, BRENT",122430.0,"PHELPS, DAVID D.",,34816.0,D,24,high,
ILLINOIS,19,1996,237955.0,75751.0,"WINTERS, BRENT",158668.0,"POSHARD, GLENN",3536.0,82917.0,D,24,high,0.0
ILLINOIS,19,1994,197040.0,81995.0,"WINTERS, BRENT",115045.0,"POSHARD, GLENN",,33050.0,D,24,high,
ILLINOIS,19,1992,270685.0,83526.0,"LEE, DOUGLAS E.",187156.0,"POSHARD, GLENN",,103630.0,D,24,high,
ILLINOIS,20,2000,255775.0,161393.0,"SHIMKUS, JOHN M.",94382.0,"COOPER, JEFFREY S.",,67011.0,R,24,high,
ILLINOIS,20,1998,197578.0,121103.0,"SHIMKUS, JOHN M.",76475.0,"VERTICCHIO, RICK",,44628.0,R,24,high,
ILLINOIS,20,1996,240618.0,120926.0,"SHIMKUS, JOHN M.",119688.0,"HOFFMAN, JAY C.",,1238.0,R,24,high,
ILLINOIS,20,1994,196998.0,88964.0,"OWENS, BILL",108034.0,"DURBIN, RICHARD J.",,19070.0,D,24,high,
ILLINOIS,20,1992,274088.0,119219.0,"SHIMKUS, JOHN M.",154869.0,"DURBIN, RICHARD J.",,35650.0,D,24,high,
INDIANA,1,2000,207790.0,56200.0,"REYNOLDS, ACK",148683.0,"VISCLOSKY, PETER .",2907.0,92483.0,D,24,high,0.0
INDIANA,1,1998,127754.0,33503.0,"PETYO, MICHAEL",92634.0,"VISCLOSKY, PETER J.",1617.0,59131.0,D,24,high,0.0
INDIANA,1,1996,193113.0,56418.0,"PETYO, MICHAEL",133553.0,"VISCLOSKY, PETER J.",3142.0,77135.0,D,24,high,0.0
INDIANA,1,1994,121532.0,52920.0,"LARSON, JOHN",68612.0,"VISCLOSKY, PETER J.",,15692.0,D,24,high,
INDIANA,1,1992,211824.0,64770.0,"VUCICH, DAVID J.",147054.0,"VISCLOSKY, PETER J.",,82284.0,D,24,high,
INDIANA,2,2000,208407.0,106023.0,"PENCE, MIKE",80885.0,"ROCK, ROBERT W.",21499.0,25138.0,R,24,high,0.0
INDIANA,2,1998,164296.0,99608.0,"MCINTOSH, DAVID M.",62452.0,"BOLES, SHERMAN A.",2236.0,37156.0,R,24,high,0.0
INDIANA,2,1996,212883.0,123113.0,"MCINTOSH, DAVID M.",85105.0,"CARMICHAEL, R. MARC",4665.0,38008.0,R,24,high,0.0
INDIANA,2,1994,171833.0,93592.0,"MCINTOSH, DAVID M.",78241.0,"HOGSETT, JOSEPH H.",,15351.0,R,24,high,
INDIANA,2,1992,229295.0,90593.0,"FRAZIER, WILLIAM G.",30881.0,"SHARP, PHILIP R.",7821.0,40288.0,D,24,high,0.43611940949431954
INDIANA,3,2000,208315.0,98822.0,"CHOCOLA, CHRIS",107438.0,"ROEMER, TIMOTHY       .",2055.0,8616.0,D,24,high,0.0
INDIANA,3,1998,145666.0,61041.0,"HOLTZ, DANIEL A.",84625.0,"ROEMER, TIMOTHY       .",,23584.0,D,24,high,
INDIANA,3,1996,197312.0,80699.0,"ZAKAS, OE",114288.0,"ROEMER, TIMOTHY       J.",,,,24,high,
INDIANA,3,1994,131375.0,58878.0,"BURKETT, RICHARD",72497.0,"ROEMER, TIMOTHY J.",,13619.0,D,24,high,
INDIANA,3,1992,211103.0,89834.0,"BAXMEYER, CARL H.",121269.0,"ROEMER, TIMOTHY       .",,31435.0,D,24,high,
INDIANA,4,2000,210430.0,131051.0,"SOUDER, MARK E.",74492.0,"FOSTER, MICHAEL DEWAYNE",4887.0,56559.0,R,24,high,0.0
INDIANA,4,1998,147957.0,93671.0,"SOUDER, MARK E.",54286.0,"WEHRLE, MARK J.",,39385.0,R,24,high,
INDIANA,4,1996,207880.0,121344.0,"SOUDER, MARK E.",81740.0,"HOUSEMAN, GERALD L.",4796.0,39604.0,R,24,high,0.0
INDIANA,4,1994,159819.0,88584.0,"SOUDER, MARK E.",71235.0,"LONG, JILL L.",,17349.0,R,24,high,
INDIANA,4,1992,217375.0,82468.0,"PIERSON, CHARLES W.",134907.0,"LONG, JILL L",,52439.0,D,24,high,
INDIANA,5,2000,216985.0,132051.0,"BUYER, STEVE",81427.0,"GOODNIGHT, GREG",3507.0,50624.0,R,24,high,0.0
INDIANA,5,1998,162388.0,101567.0,"BUYER, STEVE",58504.0,"STEELE, DAVID",2317.0,43063.0,R,24,high,0.0
INDIANA,5,1996,216008.0,133627.0,"BUYER, STEVE",77128.0,"CLARK, DOUGLAS L.",5253.0,56499.0,R,24,high,0.0
INDIANA,5,1994,159658.0,111031.0,"BUYER, STEVE",45224.0,"BEATTY, . D.",3403.0,65807.0,R,24,high,0.0
INDIANA,5,1992,220465.0,112492.0,"BUYER, STEVE",107973.0,"ONTZ, IM",,4519.0,R,24,high,
INDIANA,6,2000,283.0,175.0,"BURTON, DAN",199207.0,"GRIESEY, DARIN PATRICK",74881.0,124326.0,R,24,high,968.1272084805654
INDIANA,6,1998,187827.0,135250.0,"BURTON, DAN",31472.0,"KERN, BOB",21105.0,103778.0,R,24,high,0.0
INDIANA,6,1996,258888.0,194224.0,"BURTON, DAN",59661.0,"DILLARDTRAMMELL, CARRIE   J.",5003.0,134563.0,R,24,high,0.0
INDIANA,6,1994,177691.0,136876.0,"BURTON, DAN",40815.0,"BRUNER, NATALIE M.",,96061.0,R,24,high,
INDIANA,6,1992,258455.0,186499.0,"BURTON, DAN",71952.0,"BRUNER, NATALIE M.",,114547.0,R,24,high,
INDIANA,9,2000,233283.0,102219.0,"BAILEY, MICHAEL E.",126420.0,"HILL,   BARON",4644.0,24201.0,D,24,high,0.0
INDIANA,9,1998,183.0,176.0,"LEISING, JEAN",87797.0,"HILL, BARON",92973.0,5176.0,D,24,high,987.775956284153
INDIANA,9,1996,226872.0,96442.0,"LEISING, JEAN",128123.0,"HAMILTON, LEE H.",2307.0,31681.0,D,24,high,0.0
INDIANA,9,1994,175774.0,84315.0,"LEISING, JEAN",91459.0,"HAMILTON, LEE H.",,7144.0,D,24,high,
INDIANA,9,1992,231037.0,70057.0,"BAILEY, MICHAEL E.",160980.0,"HAMILTON, LEE H.",,90923.0,D,24,high,
INDIANA,10,2000,156702.0,62233.0,"SCOTT, MARVIN B.",91689.0,"CARSON, JULIA M.",2780.0,29456.0,D,24,high,0.0
INDIANA,10,1998,9436.0,4701.0,"HOFMEISTER, GARY A.",69682.0,"CARSON, JULIA M.",2737.0,22665.0,D,24,high,7.1729546417973715
INDIANA,10,1996,162373.0,72796.0,"BLANKENBAKER, VIRGINIA",85965.0,"CARSON, JULIA M.",3612.0,13169.0,D,24,high,0.0
INDIANA,10,1994,109571.0,50998.0,"SCOTT, MARVIN B.",58573.0,"JACOBS, ANDREW, JR.",,7575.0,D,24,high,
INDIANA,10,1992,183831.0,64378.0,"HORVATH, JANOS",7604.0,"JACOBS, ANDREW, JR.",1849.0,53226.0,D,24,high,0.598375682012283
IOWA,1,2000,266990.0,164972.0,"LEACH, JAMES A.",96283.0,"SIMPSON, BOB",5735.0,68689.0,R,24,high,0.0
IOWA,1,1998,188208.0,106419.0,"LEACH, JAMES A.",79529.0,"RUSH, BOB",2260.0,26890.0,R,24,high,0.0
IOWA,1,1996,244596.0,129242.0,"LEACH, AMES A.",111595.0,"RUSH, BOB",3759.0,17647.0,R,24,high,0.0
IOWA,1,1994,183461.0,110448.0,"LEACH, AMES A.",69461.0,"WINEKAUF, GLEN",3552.0,40987.0,R,24,high,0.0
IOWA,1,1992,261309.0,178042.0,"LEACH, AMES A.",81600.0,"ZONNEVELD, JAN",1667.0,96442.0,R,24,high,0.0
IOWA,2,2000,252567.0,139906.0,"NUSSLE, JIM",110327.0,"SMITH, DONNA L.",2334.0,29579.0,R,24,high,0.0
IOWA,2,1998,189574.0,104613.0,"NUSSLE, JIM",83405.0,"TULLY, ROB",1556.0,21208.0,R,24,high,0.0
IOWA,2,1996,239299.0,127827.0,"NUSSLE, JIM",109731.0,"SMITH, DONNA L.",1741.0,18096.0,R,24,high,0.0
IOWA,2,1994,198487.0,111076.0,"NUSSLE, JIM",86087.0,"NAGLE, DAVID R.",1324.0,24989.0,R,24,high,0.0
IOWA,2,1992,267892.0,134536.0,"NUSSLE, JIM",131570.0,"NAGLE, DAVID R.",1786.0,2966.0,R,24,high,0.0
IOWA,3,2000,248926.0,83810.0,"MARCUS, JAY",156327.0,"BOSWELL, LEONARD L.",8789.0,7251.0,D,24,high,0.0
IOWA,3,1998,189752.0,78063.0,"MCKIBBEN, LARRY",107947.0,"BOSWELL, LEONARD L.",3742.0,29884.0,D,24,high,0.0
IOWA,3,1996,234875.0,111895.0,"MAHAFFEY, MIKE",115914.0,"BOSWELL, LEONARD L.",7066.0,4019.0,D,24,high,0.0
IOWA,3,1994,193531.0,111862.0,"LIGHTFOOT, IM R.",79310.0,"BAXTER, ELAINE",2359.0,32552.0,R,24,high,0.0
IOWA,3,1992,257276.0,125931.0,"LIGHTFOOT, JIM R.",121063.0,"BAXTER, ELAINE",10282.0,4868.0,R,24,high,0.0
IOWA,4,2000,275645.0,169267.0,"GANSKE, GREG",101112.0,"HUSTON, MICHAEL L.",5266.0,68155.0,R,24,high,0.0
IOWA,4,1998,199396.0,129942.0,"GANSKE, GREG",67550.0,"DVORAK, JON",1904.0,62392.0,R,24,high,0.0
IOWA,4,1996,256509.0,133419.0,"GANSKE, GREG",119790.0,"MCBURNEY, CONNIE",3300.0,13629.0,R,24,high,0.0
IOWA,4,1994,213206.0,111935.0,"GANSKE, GREG",98824.0,"SMITH, NEAL",2447.0,13111.0,R,24,high,0.0
IOWA,4,1992,257593.0,94045.0,"LUNDE, PAUL",158610.0,"SMITH, NEAL",4938.0,64565.0,D,24,high,0.0
IOWA,5,2000,231806.0,159367.0,"LATHAM, TOM",67593.0,"PALECEK, MIKE",4846.0,91774.0,R,24,high,0.0
IOWA,5,1998,133771.0,132730.0,"LATHAM, TOM",,,1041.0,132730.0,R,24,high,
IOWA,5,1996,225479.0,147576.0,"LATHAM, TOM",75785.0,"SMITH, MACDONALD",2118.0,71791.0,R,24,high,0.0
IOWA,5,1994,188721.0,114796.0,"LATHAM, TOM",73627.0,"MCGUIRE, SHELIA",298.0,41169.0,R,24,high,0.0
IOWA,5,1992,198366.0,196942.0,"GRANDY, FRED",,,1424.0,196942.0,R,24,high,
KANSAS,1,2000,242327.0,216484.0,"MORAN, JERRY",,,25843.0,216484.0,R,24,high,
KANSAS,1,1998,189393.0,152775.0,"MORAN, JERRY",36618.0,"PHILLIPS, JIM",,116157.0,R,24,high,
KANSAS,1,1996,261145.0,191899.0,"MORAN, JERRY",63948.0,"DIVINE, JOHN",5298.0,127951.0,R,24,high,0.0
KANSAS,1,1994,219008.0,169531.0,"ROBERTS, PAT",49477.0,"NICHOLS, TERRY L.",,120054.0,R,24,high,
KANSAS,1,1992,285297.0,194912.0,"ROBERTS, PAT",83620.0,"WEST, DUANE",6765.0,111292.0,R,24,high,0.0
KANSAS,2,2000,244759.0,164951.0,"RYUN, JIM",71709.0,"WILES, STANLEY",8099.0,93242.0,R,24,high,0.0
KANSAS,2,1998,178048.0,108527.0,"RYUN, JIM",69521.0,"CLARK, JIM",,39006.0,R,24,high,
KANSAS,2,1996,252078.0,131592.0,"RYUN, JIM",114644.0,"FRIEDEN, JOHN",5842.0,16948.0,R,24,high,0.0
KANSAS,2,1994,206750.0,135725.0,"BROWNBACK, SAM",71025.0,"CARLIN, JOHN",,64700.0,R,24,high,
KANSAS,2,1992,268806.0,109801.0,"VAN SLYKE, JIM",151019.0,"SLATTERY, JIM",7986.0,41218.0,D,24,high,0.0
KANSAS,3,2000,308710.0,144672.0,"KLINE, PHILL",154505.0,"MOORE, DENNIS",9533.0,9833.0,D,24,high,0.0
KANSAS,3,1998,197314.0,93938.0,"SNOWBARGER, VINCE",103376.0,"MOORE, DENNIS",,9438.0,D,24,high,
KANSAS,3,1996,279264.0,139169.0,"SNOWBARGER, VINCE",126848.0,"HANCOCK, JUDY",13247.0,12321.0,R,24,high,0.0
KANSAS,3,1994,180619.0,102218.0,"MEYERS, JAN",78401.0,"HANCOCK, JUDY",,23817.0,R,24,high,
KANSAS,3,1992,292796.0,169929.0,"MEYERS, JAN",110076.0,"LOVE, TOM",12791.0,59853.0,R,24,high,0.0
KANSAS,4,2000,242583.0,131871.0,"TIAHRT, TODD",101980.0,"NOLLA, CARLOS",8732.0,29891.0,R,24,high,0.0
KANSAS,4,1998,162693.0,94785.0,"TIAHRT, TODD",62737.0,"LAWING, JIM",5171.0,32048.0,R,24,high,0.0
KANSAS,4,1996,256391.0,128486.0,"TIAHRT, TODD",119544.0,"RATHBUN, RANDY",8361.0,8942.0,R,24,high,0.0
KANSAS,4,1994,211019.0,111653.0,"TIAHRT, TODD",99366.0,"GLICKMAN, DAN",,12287.0,R,24,high,
KANSAS,4,1992,278016.0,117070.0,"YOST, ERIC R.",143671.0,"GLICKMAN, DAN",17275.0,26601.0,D,24,high,0.0
KENTUCKY,1,2000,227921.0,132115.0,"WHITFIELD, EDWARD",95806.0,"ROY, BRIAN S.",,36309.0,R,24,high,
KENTUCKY,1,1998,172710.0,95308.0,"WHITFIELD, EDWARD",77402.0,"BARLOW, TOM",,7906.0,R,24,high,
KENTUCKY,1,1996,208157.0,111473.0,"WHITFIELD, EDWARD",96684.0,"NULL, DENNIS L.",,14789.0,R,24,high,
KENTUCKY,1,1994,127236.0,64849.0,"WHITFIELD, EDWARD",62387.0,"BARLOW, TOM",,2462.0,R,24,high,
KENTUCKY,1,1992,212574.0,83088.0,"HAMRICK, STEVE",128524.0,"BARLOW, TOM",962.0,45436.0,D,24,high,0.0
KENTUCKY,2,2000,237462.0,160800.0,"LEWIS, RON",74537.0,"PEDIGO, BRIAN",2125.0,86263.0,R,24,high,0.0
KENTUCKY,2,1998,77966.0,3285.0,"LEWIS, RON",62848.0,"EVANS, BOB",1833.0,50437.0,R,24,high,0.12826103686222198
KENTUCKY,2,1996,215916.0,125433.0,"LEWIS, RON",90483.0,"WRIGHT, JOE",,34950.0,R,24,high,
KENTUCKY,2,1994,151402.0,90535.0,"LEWIS, RON",60867.0,"ADKISSON, DAVID",,29668.0,R,24,high,
KENTUCKY,2,1992,206578.0,79684.0,"BARTLEY, BRUCE R.",126894.0,"NATCHER, WILLIAM H.",,47210.0,D,24,high,
KENTUCKY,3,2000,268785.0,142106.0,"NORTHUP, ANNE M.",118875.0,"JORDAN, ELEANOR",7804.0,23231.0,R,24,high,0.0
KENTUCKY,3,1998,195436.0,100690.0,"NORTHUP, ANNE M.",92865.0,"GORMAN, CHRIS",1881.0,7825.0,R,24,high,0.0
KENTUCKY,3,1996,251951.0,126625.0,"NORTHUP, ANNE M.",125326.0,"WARD, MIKE",,1299.0,R,24,high,
KENTUCKY,3,1994,152523.0,67238.0,"STOKES, SUSAN B.",67663.0,"WARD, MIKE",17622.0,,,24,high,0.0
KENTUCKY,3,1992,280770.0,32689.0,"STOKES, SUSAN B.",148066.0,"MAZZOLI, RAMANO L",15.0,15377.0,D,24,high,0.3561634077714856
KENTUCKY,4,2000,231963.0,100943.0,"BELL,   DON",125872.0,"LUCAS, KEN",5148.0,24929.0,D,24,high,0.0
KENTUCKY,4,1998,175032.0,81547.0,"WILLIAMS, CEX ""JAY""",93485.0,"LUCAS, KEN",,11938.0,D,24,high,
KENTUCKY,4,1996,218074.0,149135.0,"BUNNING, JIM",68939.0,"BOWMAN, DENNY",,80196.0,R,24,high,
KENTUCKY,4,1994,130412.0,96695.0,"BUNNINC, JIM",33717.0,"SKAGGS, SALLY H.",,62978.0,R,24,high,
KENTUCKY,4,1992,226524.0,139634.0,"BUNNINC, JIM",86890.0,"POORE, FLOYD G.",,52744.0,R,24,high,
KENTUCKY,5,2000,198475.0,145980.0,"ROGERS, HAROLD",52495.0,"BAILEY, SIDNEY JANE",,93485.0,R,24,high,
KENTUCKY,5,1998,181800.0,142215.0,"ROGERS, HAROLD",39585.0,"BAILEYBAMER, SIDNEY",,102630.0,R,24,high,
KENTUCKY,5,1996,117853.0,117842.0,"ROGERS, HAROLD",,,11.0,117842.0,R,24,high,
KENTUCKY,5,1994,103609.0,82291.0,"ROGERS, HAROLD",21318.0,"BLEVINS, WALTER",,60973.0,R,24,high,
KENTUCKY,5,1992,211015.0,115255.0,"ROGERS, HAROLD",95760.0,"HAYS, JOHN D.",,19495.0,R,24,high,
KENTUCKY,6,2000,270803.0,142971.0,"FLETCHER, ERNEST",94167.0,"BAESLER, SCOTT",33665.0,48804.0,R,24,high,0.0
KENTUCKY,6,1998,195918.0,104046.0,"FLETCHER, ERNEST",90033.0,"SCORSONE, ERNESTO",1839.0,14013.0,R,24,high,0.0
KENTUCKY,6,1996,226230.0,100231.0,"FLETCHER, ERNEST",125999.0,"BAESLER, SCOTT",,25768.0,D,24,high,
KENTUCKY,6,1994,119117.0,49032.0,"WILLS, MATTHEW E.",70085.0,"BAESLER, SCOn",,21053.0,D,24,high,
KENTUCKY,6,1992,223450.0,87816.0,"ELLINGER, CHARLES W.",135613.0,"BAESLER, SCOn",21.0,47797.0,D,24,high,0.0
LOUISIANA,1,2000,237810.0,191379.0,"VITTER, DAVID",40917.0,ARMATODEATON,5514.0,161444.0,R,24,high,0.0
LOUISIANA,1,1998,,,,,,,,,24,high,
LOUISIANA,1,1996,,,,,,,,,24,high,
LOUISIANA,3,2000,183960.0,143446.0,"TAUZIN, W.J. ""BILLY""",,,40514.0,143446.0,R,24,high,
LOUISIANA,3,1998,,,,,,,,,24,high,
LOUISIANA,3,1996,,,,,,,,,24,high,
LOUISIANA,4,2000,173967.0,122678.0,"MCCRERY, JIM",43600.0,"GREEN, PHILLIP R.",7689.0,79078.0,R,24,high,0.0
LOUISIANA,4,1998,,,,,,,,,24,high,
LOUISIANA,4,1996,,,,,,,,,24,high,
LOUISIANA,5,2000,179473.0,123975.0,"COOKSEY, OHN C.",50163.0,BEALLMELTON,5335.0,80998.0,R,24,high,0.0
LOUISIANA,5,1998,,,,,,,,,24,high,
LOUISIANA,5,1996,233353.0,135990.0,"COOKSEY, JOHN C.",97363.0,"THOMPSON, FRANCIS",,38627.0,R,24,high,
LOUISIANA,6,2000,243478.0,165637.0,"BAKER, RICHARD H.",72192.0,"ROGILLIO, KATHY J.",5649.0,93445.0,R,24,high,0.0
LOUISIANA,6,1998,191245.0,97044.0,"BAKER, RICHARD H.",94201.0,"MCKEITHEN, MARORIE",,2843.0,R,24,high,
LOUISIANA,6,1996,,,,,,,,,24,high,
LOUISIANA,7,2000,183483.0,,,152796.0,"JOHN, CHRIS",30687.0,152796.0,D,24,high,
LOUISIANA,7,1998,,,,,,,,,24,high,
LOUISIANA,7,1996,241800.0,,,,,,,,24,high,
MAINE,1,2000,339094.0,123915.0,"AMERO, JANE A.",202823.0,"ALLEN, THOMAS H.",12356.0,78908.0,D,24,high,0.0
MAINE,1,1998,222677.0,,,,,,,,24,high,
MAINE,1,1996,314164.0,140354.0,"LONGLEY, JAMES B.,R.",173745.0,"ALLEN, THOMAS H.",65.0,33391.0,D,24,high,0.0
MAINE,1,1994,262769.0,136316.0,"LONGLEY, JAMES B.JR.",126373.0,"DUTREMBLE, DENNIS L",80.0,9943.0,R,24,high,0.0
MAINE,2,2000,299305.0,79522.0,"CAMPBELL, RICHARD H.",219783.0,"BALDACCI, JOHN",,140261.0,D,24,high,
MAINE,2,1998,191876.0,45674.0,"REISMAN, JONATHAN",146202.0,"BALDACCI, JOHN",,100528.0,D,24,high,
MAINE,2,1996,285636.0,70856.0,"YOUNG, PAUL R.",205439.0,"BALDACCI, JOHN",9341.0,134583.0,D,24,high,0.0
MAINE,2,1994,239894.0,97754.0,"BENNETT, RICHARD A.",109615.0,"BALDACCI, JOHN",32525.0,11861.0,D,24,high,0.0
MARYLAND,1,2000,256682.0,165293.0,"GILCHREST, WAYNE T.",91022.0,"BOZMAN, BENNETT",367.0,74271.0,R,24,high,0.0
MARYLAND,1,1998,196221.0,135771.0,"GILCHREST, WAYNE T.",60450.0,"PINDER, IRVING",,75321.0,R,24,high,
MARYLAND,1,1996,212876.0,131033.0,"GILCHREST, WAYNE T.",81825.0,"EASTAUGH, STEVEN R.",18.0,49208.0,R,24,high,0.0
MARYLAND,1,1994,178814.0,120975.0,"GILCHREST, WAYNE T.",57712.0,"GIES, RALPH T.",127.0,63263.0,R,24,high,0.0
MARYLAND,1,1992,234203.0,120084.0,"GILCHREST, WAYNE T",112771.0,"MCMILLEN, THOMAS",1348.0,7313.0,R,24,high,0.0
MARYLAND,2,2000,260.0,432.0,"EHRLICH, ROBERT L",178556.0,"BOSLEY, KENNETH T.",81591.0,96965.0,R,24,high,1001.2269230769231
MARYLAND,2,1998,210206.0,145711.0,"EHRLICH, ROBERT L.",64474.0,"BOSLEY, KENNETH T",21.0,81237.0,R,24,high,0.0
MARYLAND,2,1996,231419.0,143075.0,"EHRLICH, ROBERT L.",88344.0,"DEJULIIS, CONNIE G.",,54731.0,R,24,high,
MARYLAND,2,1994,199480.0,125162.0,"EHRLICH, ROBERT L.",74275.0,"BREWSTER, GERRY L.",43.0,50887.0,R,24,high,0.0
MARYLAND,2,1992,254106.0,165443.0,"BENTLEY, HELEN D.",88658.0,"HICKEY, MICHAEL C.",,76785.0,R,24,high,
MARYLAND,3,2000,223818.0,53827.0,"HARBY, COLIN",169347.0,"CARDIN, BENJAMIN L",644.0,115520.0,D,24,high,0.0
MARYLAND,3,1998,177168.0,39667.0,"HARBY, COLIN",137501.0,"CARDIN, BENJAMIN L.",,97834.0,D,24,high,
MARYLAND,3,1996,193.0,433.0,"MCDONOUGH, PATRICK L.",63229.0,"CARDIN, BENJAMIN L",130204.0,66975.0,D,24,high,1003.4870466321244
MARYLAND,3,1994,165235.0,47966.0,"TOUSEY, ROBERT R.",117269.0,"CARDIN, BENJAMIN L",,69303.0,D,24,high,
MARYLAND,3,1992,222255.0,58869.0,"BRICKER, WILLIAM T. S.",163354.0,"CARDIN, BENJAMIN L",32.0,104485.0,D,24,high,0.0
MARYLAND,4,2000,197969.0,24973.0,"KIMBLE, OHN B.",172624.0,"WYNN, ALBERT R.",372.0,147651.0,D,24,high,0.0
MARYLAND,4,1998,150657.0,21518.0,"KIMBLE, OHN B.",129139.0,"WYNN, ALBERT R.",,107621.0,D,24,high,
MARYLAND,4,1996,166794.0,24700.0,"KIMBLE, OHN B.",142094.0,"WYNN, ALBERT R.",,117394.0,D,24,high,
MARYLAND,4,1994,124147.0,30999.0,"DYSON, MICHELE",93148.0,"WYNN, ALBERT R.",,62149.0,D,24,high,
MARYLAND,4,1992,182185.0,45166.0,"DYSON, MICHELE",36902.0,"WYNN, ALBERT R.",117.0,91736.0,D,24,high,0.5488926091610177
MARYLAND,5,2000,255375.0,89019.0,"HUTCHINS, THOMAS E. ""TIM""",166231.0,"HOYER, STENY H.",125.0,77212.0,D,24,high,0.0
MARYLAND,5,1998,193968.0,67176.0,"OSTROM, ROBERT B.",126792.0,"HOYER, STENY H.",,59616.0,D,24,high,
MARYLAND,5,1996,213094.0,91806.0,"MORGAN, OHN S.",121288.0,"HOYER, STENY H.",,29482.0,D,24,high,
MARYLAND,5,1994,168045.0,69211.0,"DEVINE, DONALD",98821.0,"HOYER, STENY H.",13.0,29610.0,D,24,high,0.0
MARYLAND,5,1992,223326.0,97982.0,"HOGAN, LAWRENCE      J.,   JR.",118312.0,"HOYER, STENY H.",7032.0,20330.0,D,24,high,0.0
MARYLAND,6,2000,278045.0,168624.0,"BARTLETT, ROSCOE",109136.0,"DEARMON, DONALD M.",285.0,59488.0,R,24,high,0.0
MARYLAND,6,1998,201530.0,127802.0,"BARTLETT, ROSCOE",73728.0,"MCCOWN, TIMOTHY D.",,54074.0,R,24,high,
MARYLAND,6,1996,233788.0,132853.0,"BARTLETT, ROSCOE",100910.0,"CRAWFORD, STEPHEN",25.0,31943.0,R,24,high,0.0
MARYLAND,6,1994,186220.0,122809.0,"BARTLETT, ROSCOE",63411.0,"MULDOWNEY, PAUL",,59398.0,R,24,high,
MARYLAND,6,1992,231959.0,125564.0,"BARTLETT, ROSCOE",106224.0,"HATTERY, THOMAS H.",171.0,19340.0,R,24,high,0.0
MARYLAND,7,2000,153974.0,19773.0,"KONDNER, KENNETH",134066.0,"CUMMINGS, ELIJAH E.",135.0,114293.0,D,24,high,0.0
MARYLAND,7,1998,131447.0,18742.0,"KONDNER, KENNETH",112699.0,"CUMMINGS, ELIJAH E.",,93957.0,D,24,high,
MARYLAND,7,1996,38695.0,22929.0,"KONDNER, KENNETH",115764.0,"CUMMINGS, ELIJAH E.",,92835.0,D,24,high,
MARYLAND,7,1994,119023.0,22007.0,"KONDNER, KENNETH",97016.0,"MFUME, KWEISI",,75009.0,D,24,high,
MARYLAND,7,1992,78998.0,26304.0,"KONDNER, KENNETH",152689.0,"MFUME, KWEISI",,126385.0,D,24,high,
MARYLAND,8,2000,300469.0,156241.0,"MORELLA, CONSTANCE A.",36840.0,"LIERMAN, TERRY",7388.0,19401.0,R,24,high,0.3328130356209792
MARYLAND,8,1998,220748.0,133145.0,"MORELLA, CONSTANCE A.",87497.0,"NEAS, RALPH G.",106.0,45648.0,R,24,high,0.0
MARYLAND,8,1996,249146.0,152538.0,"MORELLA, CONSTANCE A.",96229.0,"MOOERS, DONALD",379.0,56309.0,R,24,high,0.0
MARYLAND,8,1994,204109.0,143449.0,"MORELLA, CONSTANCE A.",60660.0,"VANGRACK, STEVEN",,82789.0,R,24,high,
MARYLAND,8,1992,280475.0,203377.0,"MORELLA, CONSTANCE A.",77042.0,"HEFFERNAN, EDWARD     j",,,,24,high,
MASSACHUSETTS,1,2000,248201.0,73580.0,"ABAIR, PETER J.",169375.0,"OLVER, OHN",5246.0,95795.0,D,24,high,0.0
MASSACHUSETTS,1,1998,169976.0,48055.0,"MORGAN, GREGORY L.",121863.0,"OLVER, OHN",58.0,73808.0,D,24,high,0.0
MASSACHUSETTS,1,1996,245144.0,115805.0,"SWIFT, JANE MARIA",129261.0,"OLVER, OHN",78.0,13456.0,D,24,high,0.0
MASSACHUSETTS,1,1994,151018.0,,,150047.0,"OLVER, OHN",971.0,150047.0,D,24,high,
MASSACHUSETTS,1,1992,262120.0,3828.0,"LARKIN, PATRICK",135049.0,"OLVER, OHN",13243.0,21221.0,D,24,high,0.41965511979246145
MASSACHUSETTS,2,2000,198846.0,,,196670.0,"NEAL, RICHARD E.",2176.0,196670.0,D,24,high,
MASSACHUSETTS,2,1998,131933.0,,,130550.0,"NEAL, RICHARD E.",1383.0,130550.0,D,24,high,
MASSACHUSETTS,2,1996,227430.0,49887.0,"STEELE, MARK",163010.0,"NEAL, RICHARD E.",14533.0,113123.0,D,24,high,0.0
MASSACHUSETTS,2,1994,200077.0,72732.0,"BRIARE, OHN M.",117178.0,"NEAL, RICHARD E.",10167.0,44446.0,D,24,high,0.0
MASSACHUSETTS,2,1992,247151.0,76795.0,"RAVOSA, ANTHONY W.",131215.0,"NEAL, RICHARD E.",39141.0,54420.0,D,24,high,0.0
MASSACHUSETTS,3,2000,215561.0,,,213065.0,"MCGOVERN, JAMES",2496.0,213065.0,D,24,high,
MASSACHUSETTS,3,1998,190878.0,791.0,"AMORELLO, MATTHEW       .",74.0,"MCGOVERN, AMES",108613.0,29439.0,D,24,high,0.4264504028751349
MASSACHUSETTS,3,1996,255102.0,115695.0,"BLUTE, PETER",35047.0,"MCGOVERN, JAMES",4360.0,19352.0,D,24,high,0.39200006272001003
MASSACHUSETTS,3,1994,212035.0,115810.0,"BLUTE, PETER",93689.0,"O'SULLIVAN, KEVIN",2536.0,4360.0,R,24,high,0.0
MASSACHUSETTS,3,1992,260941.0,131476.0,"BLUTE, PETER",115592.0,"EARLY, JOSEPH D.",13873.0,15884.0,R,24,high,0.0
MASSACHUSETTS,4,2000,267880.0,56553.0,"TRAVIS, MARTIN D.",200638.0,"FRANK, BARNEY",10689.0,144085.0,D,24,high,0.0
MASSACHUSETTS,4,1998,150720.0,,,148340.0,"FRANK, BARNEY",2380.0,148340.0,D,24,high,
MASSACHUSETTS,4,1996,256648.0,72702.0,"RAYMOND, JONATHAN P.",183854.0,"FRANK, BARNEY",92.0,111152.0,D,24,high,0.0
MASSACHUSETTS,4,1994,169795.0,,,168942.0,"FRANK, BARNEY",853.0,168942.0,D,24,high,
MASSACHUSETTS,4,1992,269814.0,70666.0,"MCCORMICK, EDWARD        .,   Ill",182633.0,"FRANK, BARNEY",16515.0,111967.0,D,24,high,0.0
MASSACHUSETTS,5,2000,203641.0,,,199601.0,"MEEHAN, MARTIN T.",4040.0,199601.0,D,24,high,
MASSACHUSETTS,5,1998,180230.0,52725.0,"COLEMAN, DAVID E.",127418.0,"MEEHAN, MARTIN T.",87.0,74693.0,D,24,high,0.0
MASSACHUSETTS,5,1996,185165.0,,,183457.0,"MEEHAN, MARTIN T.",1708.0,183457.0,D,24,high,
MASSACHUSETTS,5,1994,201459.0,60734.0,"COLEMAN, DAVID E.",140725.0,"MEEHAN, MARTIN T.",,79991.0,D,24,high,
MASSACHUSETTS,5,1992,256564.0,96206.0,"CRONIN, PAUL W.",133844.0,"MEEHAN, MARTIN T.",26514.0,37638.0,D,24,high,0.0
MASSACHUSETTS,6,2000,289043.0,83501.0,"MCCARTHY, PAUL",205324.0,"TIERNEY, JOHN F.",218.0,121823.0,D,24,high,0.0
MASSACHUSETTS,6,1998,214706.0,90986.0,"TORKILDSEN, PETER",117132.0,"TIERNEY, OHN F.",6588.0,26146.0,D,24,high,0.0
MASSACHUSETTS,6,1996,277451.0,133315.0,"TORKILDSEN, PETER",133687.0,"TIERNEY, JOHN F.",10449.0,,,24,high,0.0
MASSACHUSETTS,6,1994,239393.0,120952.0,"TORKILDSEN, PETER",113481.0,"TIERNEY, OHN F.",4960.0,7471.0,R,24,high,0.0
MASSACHUSETTS,6,1992,290312.0,159165.0,"TORKILDSEN, PETER",30248.0,"MAVROULES, NICHOLAS",899.0,28917.0,R,24,high,0.34445699798837115
MASSACHUSETTS,7,2000,213811.0,,,211543.0,"MARKEY, EDWARD J.",2268.0,211543.0,D,24,high,
MASSACHUSETTS,7,1998,194305.0,56977.0,"LONG, PATRICIA",137178.0,"MARKEY, EDWARD J.",150.0,80201.0,D,24,high,0.0
MASSACHUSETTS,7,1996,253570.0,76407.0,"LONG, PATRICIA",177053.0,"MARKEY, EDWARD J.",110.0,100646.0,D,24,high,0.0
MASSACHUSETTS,7,1994,226920.0,80674.0,"BAILEY, BRAD",146246.0,"MARKEY, EDWARD .",,65572.0,D,24,high,
MASSACHUSETTS,7,1992,281558.0,78262.0,"SOHN, STEPHEN A.",174837.0,"MARKEY, EDWARD J.",28459.0,96575.0,D,24,high,0.0
MASSACHUSETTS,8,2000,145072.0,,,144031.0,"CAPUANO, MICHAEL E.",1041.0,144031.0,D,24,high,
MASSACHUSETTS,8,1998,121887.0,14125.0,"HYDE, PHILIP",99603.0,"CAPUANO, MICHAEL E.",8159.0,85478.0,D,24,high,0.0
MASSACHUSETTS,8,1996,174752.0,27315.0,"HYDE, PHILIP",147246.0,"KENNEDY, JOSEPH P.",191.0,119931.0,D,24,high,0.0
MASSACHUSETTS,8,1994,114423.0,,,3224.0,"KENNEDY, JOSEPH P.",1199.0,113224.0,D,24,high,
MASSACHUSETTS,8,1992,180492.0,,,149907.0,"KENNEDY, JOSEPH P.",30585.0,149907.0,D,24,high,
MASSACHUSETTS,9,2000,248756.0,48672.0,"IEGHELIAN, ANET E.",193020.0,"MOAKLEY, JOHN .",7064.0,144348.0,D,24,high,0.0
MASSACHUSETTS,9,1998,151555.0,,,150667.0,"MOAKLEY, JOHN J.",888.0,150667.0,D,24,high,
MASSACHUSETTS,9,1996,238158.0,66080.0,"GRYSKA, PAUL",172012.0,"MOAKLEY, JOHN J.",66.0,105932.0,D,24,high,0.0
MASSACHUSETTS,9,1994,209656.0,63369.0,"MURPHY, MICHAEL M.",146287.0,"MOAKLEY, JOHN J.",,82918.0,D,24,high,
MASSACHUSETTS,9,1992,253634.0,54291.0,"CONBOY, MARTIN D.",175550.0,"MOAKLEY, JOHN J.",23793.0,121259.0,D,24,high,0.0
MASSACHUSETTS,10,2000,316564.0,81192.0,"BLEICKEN, ERIC V.",234675.0,"DELAHUNT, BILL",697.0,153483.0,D,24,high,0.0
MASSACHUSETTS,10,1998,235563.0,70466.0,"BLEICKEN, ERIC V.",164917.0,"DELAHUNT, BILL",180.0,94451.0,D,24,high,0.0
MASSACHUSETTS,10,1996,295932.0,123523.0,"TEAGUE, EDWARD",160747.0,"DELAHUNT, BILL",11662.0,37224.0,D,24,high,0.0
MASSACHUSETTS,10,1994,251240.0,,,,,,,,24,high,
MASSACHUSETTS,10,1992,311651.0,75887.0,"DALY, DANIEL W.",189343.0,"STUDDS, GERRY E.",46421.0,3456.0,D,24,high,0.0
MICHIGAN,1,2000,290569.0,117300.0,"YOB, CHUCK",169649.0,"STUPAK, BART",3620.0,52349.0,D,24,high,0.0
MICHIGAN,1,1998,221796.0,87630.0,"MCMANUS, MICHELLE",130129.0,"STUPAK, BART",4037.0,42499.0,D,24,high,0.0
MICHIGAN,1,1996,256791.0,69957.0,"CARR, BOB",181486.0,"STUPAK, BART",5348.0,111529.0,D,24,high,0.0
MICHIGAN,1,1994,21.0,3492.0,"ZIEGLER, GIL",89660.0,"STUPAK, BART",121433.0,31773.0,D,24,high,10217.333333333334
MICHIGAN,1,1992,268619.0,7056.0,"RUPPE, PHILIP E.",144857.0,"STUPAK, BART",6706.0,27801.0,D,24,high,0.4095019339659518
MICHIGAN,2,2000,289925.0,186762.0,"HOEKSTRA, PETER",96370.0,"SHRAUGER, BOB",6793.0,90392.0,R,24,high,0.0
MICHIGAN,2,1998,213622.0,146854.0,"HOEKSTRA, PETER",63573.0,"SHRAUGER, BOB",3195.0,83281.0,R,24,high,0.0
MICHIGAN,2,1996,253699.0,165608.0,"HOEKSTRA, PETER",83603.0,"KRUSZYNSKI, DAN",4488.0,82005.0,R,24,high,0.0
MICHIGAN,2,1994,194153.0,146164.0,"HOEKSTRA, PETER",46097.0,"HOOVER, MARCUS P.",1892.0,100067.0,R,24,high,0.0
MICHIGAN,2,1992,246761.0,155577.0,"HOEKSTRA, PETER",86265.0,"MILTNER, JOHN H.",4919.0,69312.0,R,24,high,0.0
MICHIGAN,3,2000,276263.0,179539.0,"EHLERS, VERNON J.",91309.0,"STEELE, TIMOTHY",5415.0,88230.0,R,24,high,0.0
MICHIGAN,3,1998,200251.0,146364.0,"EHLERS, VERNON J.",49489.0,"FERGUSON, JOHN JR.",4398.0,96875.0,R,24,high,0.0
MICHIGAN,3,1996,247043.0,169466.0,"EHLERS, VERNON J.",72791.0,"FLORY, BETSY j.",4786.0,96675.0,R,24,high,0.0
MICHIGAN,3,1994,185066.0,136711.0,"EHLERS, VERNON J.",43580.0,"FLORY, BETSY j.",4775.0,93131.0,R,24,high,0.0
MICHIGAN,3,1992,264948.0,162451.0,"HENRY, PAUL",95927.0,"KOOISTRA, CAROL S.",6570.0,66524.0,R,24,high,0.0
MICHIGAN,4,2000,267819.0,182128.0,"CAMP, DAVE",78019.0,"HOLLENBECK, LAWRENCE",7672.0,104109.0,R,24,high,0.0
MICHIGAN,4,1998,170109.0,155343.0,"CAMP, DAVE",,,14766.0,155343.0,R,24,high,
MICHIGAN,4,1996,243645.0,159561.0,"CAMP, DAVE",79691.0,"DONALDSON, LISA",4393.0,79870.0,R,24,high,0.0
MICHIGAN,4,1994,198517.0,145176.0,"CAMP, DAVE",50544.0,"FRASIER, DAMION",2797.0,94632.0,R,24,high,0.0
MICHIGAN,4,1992,251539.0,157337.0,"CAMP, DAVE",87573.0,"DONALDSON, LISA",6629.0,69764.0,R,24,high,0.0
MICHIGAN,5,2000,247737.0,59274.0,"ACTIS, RONALD",184048.0,"BARCIA, AMES A.",4415.0,124774.0,D,24,high,0.0
MICHIGAN,5,1998,189971.0,51442.0,"BREWSTER, DONALD",35254.0,"BARCIA, JAMES A.        .",275.0,83812.0,D,24,high,0.5421880181711946
MICHIGAN,5,1996,232451.0,65542.0,"SIMS, LAWRENCE",162675.0,"BARCIA, JAMES A.",4234.0,97133.0,D,24,high,0.0
MICHIGAN,5,1994,193143.0,61342.0,"ANDERSON, WILLIAM T.",126456.0,"BARCIA, JAMES A.",5345.0,65114.0,D,24,high,0.0
MICHIGAN,5,1992,244992.0,93098.0,"MUXLOW, KEITH",147618.0,"BARCIA, JAMES A.        .",276.0,54520.0,D,24,high,0.016327063740856844
MICHIGAN,6,2000,234640.0,159373.0,"UPTON, FRED",68532.0,"BUPP, JAMES",6735.0,90841.0,R,24,high,0.0
MICHIGAN,6,1998,161627.0,113292.0,"UPTON, FRED",45358.0,"ANNEN, CLARENCE",2977.0,67934.0,R,24,high,0.0
MICHIGAN,6,1996,215834.0,146170.0,"UPTON, FRED",66243.0,"ANNEN, CLARENCE",3421.0,79927.0,R,24,high,0.0
MICHIGAN,6,1994,165938.0,121923.0,"UPTON, FRED",42348.0,"TAYLOR, DAVID",1667.0,79575.0,R,24,high,0.0
MICHIGAN,6,1992,233112.0,144083.0,"UPTON, FRED",89020.0,"DAVIS, ANDY",,55063.0,R,24,high,
MICHIGAN,8,2000,297609.0,145190.0,"ROGERS, MIKE",145079.0,"BYRUM, DIANNE",7340.0,,,24,high,0.0
MICHIGAN,8,1998,218040.0,84254.0,"MUNSELL, SUSAN",125169.0,"STABENOW, DEBBIE",8617.0,40915.0,D,24,high,0.0
MICHIGAN,8,1996,262421.0,115836.0,"CHRYSLER, DICK",141086.0,"STABENOW, DEBBIE",5499.0,25250.0,D,24,high,0.0
MICHIGAN,8,1994,212470.0,109663.0,"CHRYSLER, DICK",95383.0,"MITCHELL, BOB",7424.0,14280.0,R,24,high,0.0
MICHIGAN,8,1992,284707.0,131906.0,"CHRYSLER, DICK",135517.0,"CARR, M. ROBERT",17284.0,3611.0,D,24,high,0.0
MICHIGAN,9,2000,258928.0,92926.0,"GARRETT, GRANT",158184.0,"KILDEE, DALE E.",7818.0,65258.0,D,24,high,0.0
MICHIGAN,9,1998,188525.0,79062.0,"MCMILUN, TOM",105457.0,"KILDEE, DALE E.",4006.0,26395.0,D,24,high,0.0
MICHIGAN,9,1996,231200.0,89733.0,"NOWAK, PATRICK",136856.0,"KILDEE, DALE E.",4611.0,47123.0,D,24,high,0.0
MICHIGAN,9,1994,189484.0,89148.0,"O'NEILL, MEGAN",97096.0,"KILDEE, DALE E.",3240.0,7948.0,D,24,high,0.0
MICHIGAN,9,1992,249530.0,111798.0,"O'NEILL, MEGAN",133956.0,"KILDEE, DALE E.",3776.0,22158.0,D,24,high,0.0
MICHIGAN,12,2000,245169.0,78795.0,"BARON, BART",157720.0,"LEVIN, SANDER",8654.0,78925.0,D,24,high,0.0
MICHIGAN,12,1998,189428.0,79619.0,"TOUMA, LESLIE",105824.0,"LEVIN, SANDER",3985.0,26205.0,D,24,high,0.0
MICHIGAN,12,1996,232475.0,94235.0,"PAPPAGEORGE, JOHN",33436.0,"LEVIN, SANDER",4804.0,39201.0,D,24,high,0.4301537799763415
MICHIGAN,12,1994,198996.0,92762.0,"PAPPAGEORGE, OHN",103508.0,"LEVIN, SANDER",2726.0,10746.0,D,24,high,0.0
MICHIGAN,12,1992,261349.0,119357.0,"PAPPAGEORGE, JOHN",137514.0,"LEVIN, SANDER",4478.0,18157.0,D,24,high,0.0
MICHIGAN,13,1998,171.0,887.0,"HICKEY, TOM",68328.0,"RIVERS, LYNN",99935.0,31607.0,D,24,high,988.1812865497076
MICHIGAN,13,1996,217658.0,89907.0,"FITZSIMMONS, JOE",123133.0,"RIVERS, LYNN",4618.0,33226.0,D,24,high,0.0
MICHIGAN,13,1994,72661.0,77908.0,"SCHALL, JOHN A.",89573.0,"RIVERS, LYNN",5180.0,11665.0,D,24,high,1.3762541115591582
MICHIGAN,13,1992,245.0,888.0,"GEAKE, R. ROBERT",105169.0,"FORD, WILLIAM D.",127642.0,22473.0,D,24,high,952.8734693877551
MICHIGAN,14,2000,189707.0,7582.0,"ASHE, WILLIAM",168982.0,"CONYERS, JOHN, JR.",3143.0,151400.0,D,24,high,0.05271286773814356
MICHIGAN,14,1998,145305.0,16140.0,"COLLINS, VENDELLA",126321.0,"CONYERS, JOHN, JR.",2844.0,110181.0,D,24,high,0.0
MICHIGAN,14,1996,183695.0,22152.0,"ASHE, WILLIAM",157722.0,"CONYERS, JOHN, JR.",3821.0,135570.0,D,24,high,0.0
MICHIGAN,14,1994,157631.0,26215.0,"FOURNIER, RICHARD C.",128463.0,"CONYERS, JOHN, JR.",2953.0,102248.0,D,24,high,0.0
MICHIGAN,14,1992,200879.0,32036.0,"GORDON, JOHN W.",165496.0,"CONYERS, JOHN, JR.",3347.0,133460.0,D,24,high,0.0
MICHIGAN,15,2000,158751.0,14336.0,"BOYDFIELDS, CHRYSANTHEA",140609.0,"KILPATRICK, CAROLYN",3806.0,126273.0,D,24,high,0.0
MICHIGAN,15,1998,124860.0,12887.0,"BOYDFIELDS, CHRYSANTHEA",108582.0,"KILPATRICK, CAROLYN",3391.0,95695.0,D,24,high,0.0
MICHIGAN,15,1996,162600.0,16009.0,"HUME, STEPHEN",143683.0,"KILPATRICK, CAROLYN",2908.0,127674.0,D,24,high,0.0
MICHIGAN,15,1994,142005.0,20074.0,"SAVAGE, JOHN",119442.0,"COLLINS, BARBARAROSE",2489.0,99368.0,D,24,high,0.0
MICHIGAN,15,1992,184964.0,31849.0,"VINCENT, CHARLES C.",148908.0,"COLLINS, BARBARAROSE",4207.0,117059.0,D,24,high,0.0
MICHIGAN,16,2000,235517.0,62469.0,"MORSE, WILLIAM",167142.0,"DINGELL, JOHN D., JR.",5906.0,104673.0,D,24,high,0.0
MICHIGAN,16,1998,174357.0,54121.0,"MORSE, WILLIAM",116145.0,"DINGELL, JOHN D., JR.",4091.0,62024.0,D,24,high,0.0
MICHIGAN,16,1996,220612.0,78723.0,"DESANA, JAMES",36854.0,"DINGELL, JOHN D., JR.",5035.0,58131.0,D,24,high,0.45328449948325567
MICHIGAN,16,1994,178976.0,71159.0,"LARKIN, KEN",105849.0,"DINGELL, JOHN D., JR.",1968.0,34690.0,D,24,high,0.0
MICHIGAN,16,1992,240936.0,75694.0,"BEAUMONT, FRANK",156964.0,"DINGELL, JOHN D., JR.",8278.0,81270.0,D,24,high,0.0
MINNESOTA,1,2000,283221.0,159835.0,"GUTKNECHT, GIL",7946.0,"RIEDER, MARY",5440.0,41889.0,R,24,high,0.38838927904357373
MINNESOTA,1,1998,239903.0,131233.0,"GUTKNECHT, GIL",108420.0,"BECKMAN, TRACY L.",250.0,22813.0,R,24,high,0.0
MINNESOTA,1,1996,261162.0,137545.0,"GUTKNECHT, GIL",123188.0,"RIEDER, MARY",429.0,14357.0,R,24,high,0.0
MINNESOTA,1,1994,213218.0,117613.0,"GUTKNECHT, GIL",95328.0,"HOTTINGER, OHN C.",277.0,22285.0,R,24,high,0.0
MINNESOTA,1,1992,279430.0,72367.0,"DROOGSMA, TIMOTHY R.",206369.0,"PENNY, TIMOTHY J.",694.0,134002.0,D,24,high,0.0
MINNESOTA,2,2000,288900.0,38957.0,"KENNEDY, MARK",38802.0,"MINGE, DAVID",11141.0,,,24,high,0.6922810661128418
MINNESOTA,2,1998,261127.0,99490.0,"DUEHRING, CRAIG",148933.0,"MINGE, DAVID",12704.0,49443.0,D,24,high,0.0
MINNESOTA,2,1996,262353.0,107807.0,"REVIER, GARY B.",144083.0,"MINGE, DAVID",10463.0,36276.0,D,24,high,0.0
MINNESOTA,2,1994,219785.0,98881.0,"REVIER, GARY B.",114289.0,"MINGE, DAVID",6615.0,15408.0,D,24,high,0.0
MINNESOTA,2,1992,276303.0,131587.0,"LUDEMAN, CAL R.",132156.0,"MINGE, DAVID",12560.0,,,24,high,0.0
MINNESOTA,3,2000,329062.0,222571.0,"RAMSTAD, JIM",98219.0,"SHUFF, SUE",8272.0,124352.0,R,24,high,0.0
MINNESOTA,3,1998,283309.0,203731.0,"RAMSTAD, JIM",66505.0,"LEINO, STANLEY J.",13073.0,137226.0,R,24,high,0.0
MINNESOTA,3,1996,293621.0,205845.0,"RAMSTAD, JIM",87359.0,"LEINO, STANLEY .",417.0,118486.0,R,24,high,0.0
MINNESOTA,3,1994,236531.0,173223.0,"RAMSTAD, JIM",62211.0,"OLSON, BOB",1097.0,111012.0,R,24,high,0.0
MINNESOTA,3,1992,314731.0,200240.0,"RAMSTAD, JIM",104606.0,"MANDELL, PAUL",9885.0,95634.0,R,24,high,0.0
MINNESOTA,4,2000,271439.0,83852.0,"RUNBECK, LINDA",30403.0,"MCCOLLUM, BETTY",57184.0,46551.0,D,24,high,0.3684068980507591
MINNESOTA,4,1998,238560.0,94923.0,"NEWINSKI, DENNIS",128005.0,"VENTO, BRUCE F.",15632.0,33082.0,D,24,high,0.0
MINNESOTA,4,1996,255759.0,94110.0,"NEWINSKI, DENNIS",145831.0,"VENTO, BRUCE F.",15818.0,51721.0,D,24,high,0.0
MINNESOTA,4,1994,210630.0,88344.0,"NEWINSKI, DENNIS",115638.0,"VENTO, BRUCE F.",6648.0,27294.0,D,24,high,0.0
MINNESOTA,4,1992,277956.0,101744.0,"MAITLAND, IAN",159796.0,"VENTO, BRUCE F.",16416.0,58052.0,D,24,high,0.0
MINNESOTA,5,2000,255145.0,58191.0,"TAYLOR, FRANK",176629.0,"SABO, MARTIN O.",20325.0,118438.0,D,24,high,0.0
MINNESOTA,5,1998,217612.0,60035.0,"TAYLOR, FRANK",145535.0,"SABO, MARTIN O.",12042.0,85500.0,D,24,high,0.0
MINNESOTA,5,1996,246061.0,70115.0,"ULDRICH, JACK",158275.0,"SABO, MARTIN O.",17671.0,88160.0,D,24,high,0.0
MINNESOTA,5,1994,196172.0,73258.0,"LEGRAND, DOROTHY",121515.0,"SABO, MARTIN O.",1399.0,48257.0,D,24,high,0.0
MINNESOTA,5,1992,277094.0,77093.0,"MORIARTY, STEPHEN A.",174139.0,"SABO, MARTIN O.",25862.0,97046.0,D,24,high,0.0
MINNESOTA,6,2000,355824.0,70900.0,"KLINE, OHN",176340.0,"LUTHER, WILLIAM P.",8584.0,5440.0,D,24,high,0.28103781644858133
MINNESOTA,6,1998,297701.0,136866.0,"KLINE, OHN",148728.0,"LUTHER, WILLIAM P.",12107.0,11862.0,D,24,high,0.0
MINNESOTA,6,1996,295482.0,129989.0,"UDE, TAD",164921.0,"LUTHER, WILLIAM P.",572.0,34932.0,D,24,high,0.0
MINNESOTA,6,1994,227775.0,113190.0,"UDE, TAD",113740.0,"LUTHER, WILLIAM P.",845.0,,,24,high,0.0
MINNESOTA,6,1992,301023.0,133564.0,"GRAMS, ROD",100016.0,"SIKORSKI, GERRY",67443.0,33548.0,R,24,high,0.0
MINNESOTA,7,2000,270496.0,79175.0,"MENZE, GLEN",185771.0,"PETERSON, COLLIN C.",5550.0,106596.0,D,24,high,0.0
MINNESOTA,7,1998,236942.0,66562.0,"EDIN, ALETA",169907.0,"PETERSON, COLLIN C.",473.0,103345.0,D,24,high,0.0
MINNESOTA,7,1996,251599.0,80132.0,"MCKIGNEY, DARRELL",170936.0,"PETERSON, COLLIN C.",531.0,90804.0,D,24,high,0.0
MINNESOTA,7,1994,211003.0,102623.0,"OMANN, BERNIE",108023.0,"PETERSON, COLLIN C.",357.0,5400.0,D,24,high,0.0
MINNESOTA,7,1992,265524.0,130396.0,"OMANN, BERNIE",133886.0,"PETERSON, COLLIN C.",1242.0,3490.0,D,24,high,0.0
MINNESOTA,8,2000,309651.0,79890.0,"LEMEN, BOB",210094.0,"OBERSTAR, JAMES L.",19667.0,130204.0,D,24,high,0.0
MINNESOTA,8,1998,263263.0,69667.0,"SHUSTER, JERRY",173734.0,"OBERSTAR, JAMES L.",19862.0,104067.0,D,24,high,0.0
MINNESOTA,8,1996,275338.0,69460.0,"LARSON, ANDY",185333.0,"OBERSTAR, JAMES L.",20545.0,115873.0,D,24,high,0.0
MINNESOTA,8,1994,233271.0,79818.0,"HERWIG, PHIL",153161.0,"OBERSTAR, JAMES L.",292.0,73343.0,D,24,high,0.0
MINNESOTA,8,1992,283031.0,83823.0,"HERWIG, PHIL",167104.0,"OBERSTAR, JAMES L.",32104.0,83281.0,D,24,high,0.0
MISSISSIPPI,1,2000,209040.0,145967.0,"WICKER, ROGER F.",59763.0,"GRIST, JOE T., JR.",3310.0,86204.0,R,24,high,0.0
MISSISSIPPI,1,1998,99333.0,66738.0,"WICKER, ROGER F.",30438.0,"WEATHERS, REX N.",2157.0,36300.0,R,24,high,0.0
MISSISSIPPI,1,1996,182966.0,123724.0,"WICKER, ROGER F.",55998.0,"BOYD, HENRY JR.",3244.0,67726.0,R,24,high,0.0
MISSISSIPPI,1,1994,127745.0,80553.0,"WICKER, ROGER F.",47192.0,"WHEELER, BILL",,33361.0,R,24,high,
MISSISSIPPI,1,1992,204616.0,82952.0,"WHITAKER, CLYDE E.",121664.0,"WHITTEN, JAMIE L.",,38712.0,D,24,high,
MISSISSIPPI,2,2000,173307.0,54090.0,"CARAWAY, HARDY",112777.0,"THOMPSON, BENNIE",6440.0,58687.0,D,24,high,0.0
MISSISSIPPI,2,1998,3040.0,,,80507.0,"THOMPSON, BENNIE",32533.0,80507.0,D,24,high,
MISSISSIPPI,2,1996,171933.0,65263.0,"COVINGTON, DANNY",102503.0,"THOMPSON, BENNIE",4167.0,37240.0,D,24,high,0.0
MISSISSIPPI,2,1994,126692.0,49270.0,"JORDAN, BILL",68014.0,"THOMPSON, BENNIE",9408.0,18744.0,D,24,high,0.0
MISSISSIPPI,2,1992,74609.0,41248.0,"BENFORD, DOROTHY",133361.0,"EPSY, MIKE",,92113.0,D,24,high,
MISSISSIPPI,3,2000,210363.0,153899.0,"PICKERING, CHARLES W.",54151.0,"THRASH, WILLIAM",2313.0,99748.0,R,24,high,0.0
MISSISSIPPI,3,1998,100250.0,84785.0,"PICKERING, CHARLES W.",,,15465.0,84785.0,R,24,high,
MISSISSIPPI,3,1996,188144.0,115443.0,"PICKERING, CHARLES W.",68658.0,"EAVES, JOHN ARTHUR",4043.0,46785.0,R,24,high,0.0
MISSISSIPPI,3,1994,122989.0,39826.0,"DABBS, DUTCH",83163.0,"MONTGOMERY, G. V.",,43337.0,D,24,high,
MISSISSIPPI,3,1992,200574.0,37710.0,"WILLIAMS, MICHAEL E.",162864.0,"MONTGOMERY, G. V.",,125154.0,D,24,high,
MISSISSIPPI,4,2000,199034.0,79218.0,"LAMPTON, DUNN",115732.0,"SHOWS, RONNIE",4084.0,36514.0,D,24,high,0.0
MISSISSIPPI,4,1998,137199.0,61551.0,"HOSEMANN, DELBERT",73252.0,"SHOWS, RONNIE",2396.0,11701.0,D,24,high,0.0
MISSISSIPPI,4,1996,183663.0,112444.0,"PARKER, MIKE",66836.0,"ANTOINE, KEVIN",4383.0,45608.0,R,24,high,0.0
MISSISSIPPI,4,1994,121139.0,38200.0,"WOOD, MIKE",82939.0,"PARKER, MIKE",,44739.0,D,24,high,
MISSISSIPPI,4,1992,194544.0,43705.0,"MCMILLAN, JACK L.",130927.0,"PARKER, MIKE",19912.0,87222.0,D,24,high,0.0
MISSISSIPPI,5,2000,194395.0,35309.0,"MCCONNELL, RANDY",153264.0,"TAYLOR, GENE",5822.0,117955.0,D,24,high,0.0
MISSISSIPPI,5,1998,101095.0,19341.0,"MCCONNELL, RANDY",78661.0,"TAYLOR, GENE",3093.0,59320.0,D,24,high,0.0
MISSISSIPPI,5,1996,177445.0,71114.0,"DOLLAR, DENNIS",103415.0,"TAYLOR, GENE",2916.0,32301.0,D,24,high,0.0
MISSISSIPPI,5,1994,121754.0,48575.0,"BARLOS, GEORGE",73179.0,"TAYLOR, GENE",,24604.0,D,24,high,
MISSISSIPPI,5,1992,191058.0,67619.0,"HARVEY, PAUL A.",120766.0,"TAYLOR, GENE",2673.0,53147.0,D,24,high,0.0
MISSOURI,1,2000,198347.0,42730.0,"BILLINCSLY, Z. DWIGHT",149173.0,"CLAY, WILLIAM LACY",6444.0,106443.0,D,24,high,0.0
MISSOURI,1,1998,125051.0,30635.0,"SOLUADE, RICHMOND A.",90840.0,"CLAY, WILLIAM",3576.0,60205.0,D,24,high,0.0
MISSOURI,1,1996,187653.0,51857.0,"O'SULLIVAN, DANIEL F. JR.",131659.0,"CLAY, WILLIAM",4137.0,79802.0,D,24,high,0.0
MISSOURI,1,1994,153018.0,50303.0,"COUNTS, DONALD R.",97061.0,"CLAY, WILLIAM",5654.0,46758.0,D,24,high,0.0
MISSOURI,1,1992,233175.0,74482.0,"MONTGOMERY, ARTHUR S.",158693.0,"CLAY, WILLIAM",,84211.0,D,24,high,
MISSOURI,3,2000,254539.0,100967.0,"FEDERER, BILL",147.0,"GEPHARDT, RICHARD A.",222.0,46255.0,D,24,high,0.601884190634834
MISSOURI,3,1998,176099.0,74005.0,"FEDERER, BILL",98287.0,"GEPHARDT, RICHARD A.",3807.0,24282.0,D,24,high,0.0
MISSOURI,3,1996,232755.0,90202.0,"WHEELEHAN, DEBORAH",137300.0,"GEPHARDT, RICHARD A.",5253.0,47098.0,D,24,high,0.0
MISSOURI,3,1994,203940.0,80977.0,"GILL, GARY",7601.0,"GEPHARDT, RICHARD A.",5362.0,36624.0,D,24,high,0.5393743257820928
MISSOURI,3,1992,271834.0,90006.0,"HOLEKAMP, MALCOLM L.",74000.0,"GEPHARDT, RICHARD A.",7828.0,83994.0,D,24,high,0.3678715686779432
MISSOURI,4,2000,269889.0,84406.0,"NOLAND, IM",180634.0,"SKELTON, IKE",4849.0,96228.0,D,24,high,0.0
MISSOURI,4,1998,187616.0,51005.0,"NOLAND, CECILIA D.",133173.0,"SKELTON, IKE",3438.0,82168.0,D,24,high,0.0
MISSOURI,4,1996,240789.0,81650.0,"PHELPS, BILL",153566.0,"SKELTON, IKE",5573.0,71916.0,D,24,high,0.0
MISSOURI,4,1994,203492.0,65616.0,"NOLAND, AMES A.",137876.0,"SKELTON, IKE",,72260.0,D,24,high,
MISSOURI,4,1992,251452.0,74475.0,"CARLEY, JOHN",176977.0,"SKELTON, IKE",,102502.0,D,24,high,
MISSOURI,5,2000,232137.0,66439.0,"GORDON, STEVE",159826.0,"MCCARTHY, KAREN",5872.0,93387.0,D,24,high,0.0
MISSOURI,5,1998,153685.0,47582.0,"BENNETT, PENNY",101313.0,"MCCARTHY, KAREN",4790.0,53731.0,D,24,high,0.0
MISSOURI,5,1996,213971.0,61803.0,"BENNETT, PENNY",144.0,"MCCARTHY, KAREN",223.0,82420.0,D,24,high,0.7094466072505152
MISSOURI,5,1994,177511.0,77120.0,"FREEMAN, RON",100391.0,"MCCARTHY, KAREN",,23271.0,D,24,high,
MISSOURI,5,1992,255312.0,93562.0,"MOODY, EDWARD",151014.0,"WHEAT, ALAN",10736.0,57452.0,D,24,high,0.0
MISSOURI,6,2000,273201.0,138925.0,"GRAVES, SAMUEL B., R.",127792.0,"DANNER, STEVE",6484.0,11133.0,R,24,high,0.0
MISSOURI,6,1998,192777.0,51679.0,"BAILEY, JEFF",136774.0,"DANNER, PAT",4324.0,85095.0,D,24,high,0.0
MISSOURI,6,1996,246282.0,72064.0,"BAILEY, JEFF",169006.0,"DANNER, PAT",5212.0,96942.0,D,24,high,0.0
MISSOURI,6,1994,211817.0,71709.0,"TUCKER, TINA",140108.0,"DANNER, PAT",,68399.0,D,24,high,
MISSOURI,6,1992,268524.0,119637.0,"COLEMAN, E. THOMAS",148887.0,"DANNER, PAT",,29250.0,D,24,high,
MISSOURI,7,2000,273937.0,202305.0,"BLUNT, ROY",65510.0,"CHRISTRUP, CHARLES",6122.0,136795.0,R,24,high,0.0
MISSOURI,7,1998,78801.0,129746.0,"BLUNT, ROY",43416.0,"PERKEL, MARC",5639.0,86330.0,R,24,high,1.2690194286874532
MISSOURI,7,1996,250584.0,162558.0,"BLUNT, ROY",79306.0,"BAMBERGER, RUTH",8720.0,83252.0,R,24,high,0.0
MISSOURI,7,1994,195916.0,112228.0,"HANCOCK, MELTON D.",77836.0,"FOSSARD, JAMES R.",5852.0,34392.0,R,24,high,0.0
MISSOURI,7,1992,260065.0,160303.0,"HANCOCK, MELTON D.",99762.0,"DEATON, THOMAS P.",,60541.0,R,24,high,
MISSOURI,8,2000,234066.0,162239.0,"EMERSON,  ANN",67760.0,"CAMP, BOB",4067.0,94479.0,R,24,high,0.0
MISSOURI,8,1998,166524.0,104271.0,"EMERSON,  ANN",59426.0,"HECKEMEYER, ANTHONY    j.",2827.0,44845.0,R,24,high,0.0
MISSOURI,8,1996,222854.0,23477.0,"KLINE, RICHARD",83084.0,"FIREBAUGH, EMILY",16293.0,,,24,high,0.44872427688082783
MISSOURI,8,1994,184586.0,129320.0,"EMERSON, BILL",48987.0,"THOMPSON, JAMES L.",6279.0,80333.0,R,24,high,0.0
MISSOURI,8,1992,234418.0,147398.0,"EMERSON, BILL",86730.0,"BULLOCK, THAD",290.0,60668.0,R,24,high,0.0
MISSOURI,9,2000,291610.0,172787.0,"HULSHOF, KENNY",111662.0,"CARROLL, STEVEN R.",7161.0,61125.0,R,24,high,0.0
MISSOURI,9,1998,188305.0,117196.0,"HULSHOF, KENNY",66861.0,"VOGT, LINDA",4248.0,50335.0,R,24,high,0.0
MISSOURI,9,1996,250230.0,123580.0,"HULSHOF, KENNY",7685.0,"VOLKMER, HAROLD",8965.0,5895.0,R,24,high,0.4395955720736922
MISSOURI,9,1994,204942.0,92301.0,"HULSHOF, KENNY",103443.0,"VOLKMER, HAROLD",9198.0,11142.0,D,24,high,0.0
MISSOURI,9,1992,261335.0,118811.0,"HARDY, RICK",124694.0,"VOLKMER, HAROLD",17830.0,5883.0,D,24,high,0.0
MONTANA,AL,2000,410523.0,211418.0,"REHBERC, DENNIS",189971.0,"KEENAN, NANCY",9134.0,21447.0,R,24,high,0.0
MONTANA,AL,1998,331551.0,175748.0,"HILL,   RICK",147073.0,"DESCHAMPS, DUSTY",8730.0,28675.0,R,24,high,0.0
MONTANA,AL,1996,404426.0,211975.0,"HILL, RICK",174516.0,"YELLOWTAIL, BILL",17935.0,37459.0,R,24,high,0.0
MONTANA,AL,1994,352133.0,148715.0,"JAMISON, CY",171372.0,"WILLIAMS, PAT",32046.0,22657.0,D,24,high,0.0
MONTANA,AL,1992,403735.0,189570.0,"MARLENEE, RON",203711.0,"WILLIAMS, PAT",10454.0,14141.0,D,24,high,0.0
NEBRASKA,1,2000,234698.0,155485.0,"BEREUTER, DOUGLAS K.",72859.0,"JACOBSEN, ALAN",6354.0,82626.0,R,24,high,0.0
NEBRASKA,1,1998,185227.0,36058.0,"BEREUTER, DOUGLAS K.",48826.0,"ERET,   DON",343.0,87232.0,R,24,high,0.5398780955260303
NEBRASKA,1,1996,224563.0,157108.0,"BEREUTER, DOUGLAS K.",67152.0,"COMBS, PATRICK",303.0,89956.0,R,24,high,0.0
NEBRASKA,1,1994,188550.0,117967.0,"BEREUTER, DOUGLAS K.",70369.0,"COMBS, PATRICK",214.0,47598.0,R,24,high,0.0
NEBRASKA,1,1992,239108.0,142713.0,"BEREUTER, DOUGLAS K.",96309.0,"FINNEGAN, GERRY",86.0,46404.0,R,24,high,0.0
NEBRASKA,2,2000,226280.0,148911.0,"TERRY, LEE",70268.0,"KIEL, SHELLEY",7101.0,78643.0,R,24,high,0.0
NEBRASKA,2,1998,163003.0,106782.0,"TERRY, LEE",55722.0,"SCOTT, MICHAEL",499.0,51060.0,R,24,high,0.0
NEBRASKA,2,1996,220324.0,125201.0,"CHRISTENSEN, JON",88447.0,"DAVIS, JAMES M.",6676.0,36754.0,R,24,high,0.0
NEBRASKA,2,1994,185310.0,92516.0,"CHRISTENSEN, JON",90750.0,"HOAGLAND, PETER",2044.0,1766.0,R,24,high,0.0
NEBRASKA,2,1992,233372.0,3828.0,"STASKIEWICZ, RONALD L.",119512.0,"HOAGLAND, PETER",32.0,5684.0,D,24,high,0.4713504619234527
NEBRASKA,3,2000,222093.0,182117.0,"OSBORNE, TOM",34944.0,"REYNOLDS, ROLAND E.",5032.0,147173.0,R,24,high,0.0
NEBRASKA,3,1998,177729.0,149896.0,"BARRETT, BILL",,,27833.0,149896.0,R,24,high,
NEBRASKA,3,1996,216757.0,167758.0,"BARRETT, BILL",48833.0,"WEBSTER, OHN",166.0,118925.0,R,24,high,0.0
NEBRASKA,3,1994,196862.0,154919.0,"BARRETT, BILL",41943.0,"CHAPIN, GIL",,112976.0,R,24,high,
NEBRASKA,3,1992,238355.0,170857.0,"BARRETT, BILL",67457.0,"FISHER, LOWELL",41.0,103400.0,R,24,high,0.0
NEVADA,1,2000,229235.0,101276.0,"PORTER, JON",118469.0,"BERKLEY, SHELLEY",9490.0,17193.0,D,24,high,0.0
NEVADA,1,1998,161082.0,73540.0,"CHAIREZ, DON",79315.0,"BERKLEY, SHELLEY",8227.0,5775.0,D,24,high,0.0
NEVADA,1,1996,172593.0,86472.0,"ENSIGN, JOHN",75081.0,"COFFIN, BOB",11040.0,11391.0,R,24,high,0.0
NEVADA,1,1994,152167.0,73769.0,"ENSIGN, JOHN",72333.0,"BILBRAY, JAMES",6065.0,1436.0,R,24,high,0.0
NEVADA,1,1992,221488.0,84217.0,"PETTYJOHN, J. COY",128278.0,"BILBRAY, JAMES",8993.0,44061.0,D,24,high,0.0
NEVADA,2,2000,355969.0,229608.0,"GIBBONS, JIM",106379.0,"CAHILL, TIERNEY",19982.0,123229.0,R,24,high,0.0
NEVADA,2,1998,248763.0,201623.0,"GIBBONS, JIM",,,47140.0,201623.0,R,24,high,
NEVADA,2,1996,277192.0,162310.0,"GIBBONS, JIM",97742.0,"WILSON, THOMAS",17140.0,64568.0,R,24,high,0.0
NEVADA,2,1994,223932.0,142202.0,"VUCANOVICH, BARBARA",65390.0,"GREESON, JANET",16340.0,76812.0,R,24,high,0.0
NEVADA,2,1992,270461.0,129575.0,"VUCANOVICH, BARBARA",117199.0,"SFERRAZZA, PETE",23687.0,12376.0,R,24,high,0.0
NEW HAMPSHIRE,1,2000,284862.0,150609.0,"SUNUNU, JOHN E.",128387.0,"CLARK, MARTHA FULLER",5866.0,22222.0,R,24,high,0.0
NEW HAMPSHIRE,1,1998,156369.0,104430.0,"SUNUNU, OHN E.",51783.0,"FLOOD, PETER",156.0,52647.0,R,24,high,0.0
NEW HAMPSHIRE,1,1996,247736.0,123939.0,"SUNUNU, JOHN E.",115462.0,"KEEFE, JOE",8335.0,8477.0,R,24,high,0.0
NEW HAMPSHIRE,1,1994,147822.0,97017.0,"ZELIFF, BILL",42481.0,"VERGE, BILL",8324.0,54536.0,R,24,high,0.0
NEW HAMPSHIRE,1,1992,255853.0,135936.0,"ZELIFF, BILL",108578.0,"PRESTON, ROBERT T",11339.0,27358.0,R,24,high,0.0
NEW HAMPSHIRE,2,2000,271555.0,152581.0,"BASS, CHARLES",110367.0,"BRANNEN, BARNEY",8607.0,42214.0,R,24,high,0.0
NEW HAMPSHIRE,2,1998,161376.0,85740.0,"BASS, CHARLES",72217.0,"RAUH, MARY",3419.0,13523.0,R,24,high,0.0
NEW HAMPSHIRE,2,1996,243587.0,123001.0,"BASS, CHARLES",105867.0,"ARNESEN, DEBORAH",14719.0,17134.0,R,24,high,0.0
NEW HAMPSHIRE,2,1994,161573.0,83121.0,"BASS, CHARLES",74243.0,"SWETT, DICK",4209.0,8878.0,R,24,high,0.0
NEW HAMPSHIRE,2,1992,255185.0,91126.0,"HATCH, BILL",157328.0,"SWETT, DICK",6731.0,66202.0,D,24,high,0.0
NEW JERSEY,1,2000,219612.0,46455.0,"CATHCART, CHARLENE",167327.0,"ANDREWS, ROBERT E",5830.0,120872.0,D,24,high,0.0
NEW JERSEY,1,1998,123342.0,27855.0,"RICHARDS, RONALD L.",90279.0,"ANDREWS, ROBERT E",5208.0,62424.0,D,24,high,0.0
NEW JERSEY,1,1996,210735.0,44286.0,"SUPLEE, MEL",160415.0,"ANDREWS, ROBERT E",6034.0,116129.0,D,24,high,0.0
NEW JERSEY,1,1994,149660.0,41505.0,"HOGAN, JAMES N.",108155.0,"ANDREWS, ROBERT E",,66650.0,D,24,high,
NEW JERSEY,1,1992,228072.0,65123.0,"SOLOMON, LEE A.",153525.0,"ANDREWS, ROBERT E",9424.0,88402.0,D,24,high,0.0
NEW JERSEY,2,2000,233859.0,155187.0,"LOBIONDO, FRANK A.",74632.0,"JANOSIK, EDWARD G.",4040.0,80555.0,R,24,high,0.0
NEW JERSEY,2,1998,141514.0,93248.0,"LOBIONDO, FRANK A.",43563.0,"HUNSBERGER, DEREK",4703.0,49685.0,R,24,high,0.0
NEW JERSEY,2,1996,220739.0,133130.0,"LOBIONDO, FRANK A.",83912.0,"KATZ, RUTH",3697.0,49218.0,R,24,high,0.0
NEW JERSEY,2,1994,158717.0,102566.0,"LOBIONDO, FRANK A.",56151.0,"MAGAZZU, LOUIS N.",,46415.0,R,24,high,
NEW JERSEY,2,1992,237027.0,98315.0,"LOBIONDO, FRANK A.",32465.0,"HUGHES, WILLIAM       .",6247.0,34150.0,D,24,high,0.4218928645259823
NEW JERSEY,3,2000,274083.0,157053.0,"SAXTON, H. JAMES",112848.0,"LEVIN, SUSAN BASS",4182.0,44205.0,R,24,high,0.0
NEW JERSEY,3,1998,157239.0,97508.0,"SAXTON, H. JAMES",55248.0,"POLANSKY, STEVEN J.",4483.0,42260.0,R,24,high,0.0
NEW JERSEY,3,1996,245278.0,157503.0,"SAXTON, H. JAMES",81590.0,"LEONARDI, JOHN",6185.0,75913.0,R,24,high,0.0
NEW JERSEY,3,1994,174328.0,115750.0,"SAXTON, H. JAMES",54441.0,"SMITH, JAMES B.",4137.0,61309.0,R,24,high,0.0
NEW JERSEY,3,1992,255798.0,151368.0,"SAXTON, H. JAMES",94012.0,"RYAN, TIMOTHY E.",10418.0,57356.0,R,24,high,0.0
NEW JERSEY,4,2000,250810.0,158515.0,"SMITH, CHRISTOPHER H.",87956.0,"GUSCIORA, REED",4339.0,70559.0,R,24,high,0.0
NEW JERSEY,4,1998,149577.0,92991.0,"SMITH, CHRISTOPHER H.",52281.0,"SCHNEIDER, LARRY",4305.0,40710.0,R,24,high,0.0
NEW JERSEY,4,1996,230114.0,146404.0,"SMITH, CHRISTOPHER H.",77565.0,"MEARA, KEVIN    J.",,,,24,high,
NEW JERSEY,4,1994,161767.0,109818.0,"SMITH, CHRISTOPHER H.",49537.0,"WALSH, RALPH",2412.0,60281.0,R,24,high,0.0
NEW JERSEY,4,1992,241225.0,149095.0,"SMITH, CHRISTOPHER H.",84514.0,"HUGHES, BRIAN M.",7616.0,64581.0,R,24,high,0.0
NEW JERSEY,5,2000,268524.0,175546.0,"ROUKEMA, MARGARET S.",81715.0,"MERCURIO, LINDA A.",11263.0,93831.0,R,24,high,0.0
NEW JERSEY,5,1998,166818.0,106304.0,"ROUKEMA, MARGARET S.",55487.0,"SCHNEIDER, MIKE",5027.0,50817.0,R,24,high,0.0
NEW JERSEY,5,1996,254333.0,181323.0,"ROUKEMA, MARGARET S.",62956.0,"AUER, BILL",10054.0,118367.0,R,24,high,0.0
NEW JERSEY,5,1994,188505.0,39964.0,"ROUKEMA, MARGARET S.",41275.0,"AUER, BILL",7266.0,98689.0,R,24,high,0.5304899074295112
NEW JERSEY,5,1992,274371.0,196198.0,"ROUKEMA, MARGARET S.",67579.0,"LUCAS, FRANK R.",10594.0,128619.0,R,24,high,0.0
NEW JERSEY,6,2000,209852.0,62454.0,"KENNEDY, BRIAN T.",141698.0,"PALLONE, FRANK",5700.0,79244.0,D,24,high,0.0
NEW JERSEY,6,1998,137012.0,55180.0,"FERGUSON, MICHAEL",78102.0,"PALLONE, FRANK",3730.0,22922.0,D,24,high,0.0
NEW JERSEY,6,1996,203478.0,,,,,,,,24,high,
NEW JERSEY,6,1994,147331.0,55287.0,"HERSON, MIKE",88922.0,"PALLONE, FRANK",3122.0,33635.0,D,24,high,0.0
NEW JERSEY,6,1992,226093.0,100949.0,"KYRILLOS, JOSEPH M.",118266.0,"PALLONE, FRANK",6878.0,17317.0,D,24,high,0.0
NEW JERSEY,7,2000,248999.0,128434.0,"FERGUSON, MIKE",3479.0,"CONNELLY, MARYANNE",7086.0,14955.0,R,24,high,0.44176884244515036
NEW JERSEY,7,1998,148042.0,77751.0,"FRANKS, BOB",65776.0,"CONNELLY, MARYANNE",4515.0,11975.0,R,24,high,0.0
NEW JERSEY,7,1996,232565.0,128817.0,"FRANKS, BOB",97283.0,"LERNER, LARRY",6465.0,31534.0,R,24,high,0.0
NEW JERSEY,7,1994,165857.0,98814.0,"FRANKS, BOB",64231.0,"CARROLL, KAREN",2812.0,34583.0,R,24,high,0.0
NEW JERSEY,7,1992,248082.0,132174.0,"FRANKS, BOB",105761.0,"SENDELSKY, LEONARD R.",10147.0,26413.0,R,24,high,0.0
NEW JERSEY,8,2000,200132.0,60606.0,"FUSCO, ANTHONY, JR.",34074.0,"PASCRELL, BILL, JR.",5452.0,73468.0,D,24,high,0.49967021765634684
NEW JERSEY,8,1998,30588.0,46289.0,"KIRNAN, MATTHEW J.",81068.0,"PASCRELL, BILL, JR.",3231.0,34779.0,D,24,high,3.2692559173532105
NEW JERSEY,8,1996,193078.0,92604.0,"MARTINI, BILL",98853.0,"PASCRELL, BILL, JR.",1621.0,6249.0,D,24,high,0.0
NEW JERSEY,8,1994,141368.0,70494.0,"MARTINI, BILL",68661.0,"KLEIN, HERBERT C.",2213.0,1833.0,R,24,high,0.0
NEW JERSEY,8,1992,205828.0,84674.0,"BUBBA, JOSEPH L.",96742.0,"KLEIN, HERBERT C.",24412.0,12068.0,D,24,high,0.0
NEW JERSEY,9,2000,206771.0,61984.0,"TEDESCHI, JOSEPH",140462.0,"ROTHMAN, STEVEN R.",4325.0,78478.0,D,24,high,0.0
NEW JERSEY,9,1998,141459.0,47817.0,"LONEGAN, STEVE",91330.0,"ROTHMAN, STEVEN R.",2312.0,43513.0,D,24,high,0.0
NEW JERSEY,9,1996,210930.0,89005.0,"DONOVAN, KATHLEEN A.",7646.0,"ROTHMAN, STEVEN R.",4279.0,28641.0,D,24,high,0.5215000237045465
NEW JERSEY,9,1994,159888.0,57651.0,"RUSSO, PETER .",99984.0,"TORRICELLI, ROBERT G.",2253.0,42333.0,D,24,high,0.0
NEW JERSEY,9,1992,238704.0,881.0,"ROMA, PATRICK     .",79.0,"TORRICELLI, ROBERT G.",139188.0,51009.0,D,24,high,0.41287954956766537
NEW JERSEY,12,2000,299942.0,145511.0,"ZIMMER, DICK",146162.0,"HOLT, RUSH",8269.0,,,24,high,0.0
NEW JERSEY,12,1998,184610.0,87221.0,"PAPPAS, MICHAEL",92528.0,"HOLT, RUSH",4861.0,5307.0,D,24,high,0.0
NEW JERSEY,12,1996,269221.0,3581.0,"PAPPAS, MICHAEL",125594.0,"DEL VECCHIO, DAVID M.",7816.0,10217.0,R,24,high,0.4911578220123987
NEW JERSEY,12,1994,184280.0,125939.0,"ZIMMER, DICK",55977.0,"YOUSSOUF, JOSEPH D.",2364.0,69962.0,R,24,high,0.0
NEW JERSEY,12,1992,272757.0,174216.0,"ZIMMER, DICK",83035.0,"ABATE, FRANK G.",15506.0,91181.0,R,24,high,0.0
NEW JERSEY,13,2000,149766.0,27849.0,"DE LEON, THERESA",117856.0,"MENENDEZ, ROBERT",4061.0,90007.0,D,24,high,0.0
NEW JERSEY,13,1998,87823.0,14615.0,"DE LEON, THERESA",70308.0,"MENENDEZ, ROBERT",2900.0,55693.0,D,24,high,0.0
NEW JERSEY,13,1996,146470.0,25426.0,"MUNOZ, CARLOS E.",115457.0,"MENENDEZ, ROBERT",5587.0,90031.0,D,24,high,0.0
NEW JERSEY,13,1994,95467.0,24071.0,"ALONSO, FERNANDO A.",67688.0,"MENENDEZ, ROBERT",3708.0,43617.0,D,24,high,0.0
NEW JERSEY,13,1992,145714.0,,,,,,,,24,high,
NEW YORK,1,2000,239604.0,133020.0,"'GRUCCI, FELIX ., JR.",97299.0,"SELTZER, REGINA",9285.0,35721.0,R,24,high,0.0
NEW YORK,1,1998,155090.0,99460.0,"FORBES, MICHAEL P.",55630.0,"HOLST, WILLIAM G.",,43830.0,R,24,high,
NEW YORK,1,1996,213116.0,116620.0,"*FORBES, MICHAEL P.",96496.0,"BREDES, NORAL",,20124.0,R,24,high,
NEW YORK,1,1994,172240.0,90491.0,"FORBES, MICHAEL P.",80146.0,"HOCHBRUECKNER, GEORGE.",1603.0,10345.0,R,24,high,0.0
NEW YORK,1,1992,227983.0,110043.0,"ROMAINE, EDWARD P.",7940.0,"HOCHBRUECKNER, GEORGE     J.",,,,24,high,
NEW YORK,2,2000,188632.0,65880.0,"JOHNSON, JOAN B.",90438.0,"ISRAEL, STEVE J.",32314.0,24558.0,D,24,high,0.0
NEW YORK,2,1998,128438.0,85089.0,"LAZIO, RICK A.",37949.0,"BACE, JOHN C.",5400.0,47140.0,R,24,high,0.0
NEW YORK,2,1996,74594.0,112135.0,"LAZIO, RICK A.",57953.0,"HERMAN, KENNETH      J.",,,,24,high,
NEW YORK,2,1994,146776.0,100107.0,"LAZIO, RICK A.",41102.0,"MANFRE, IAMESL",5567.0,59005.0,R,24,high,0.0
NEW YORK,2,1992,205714.0,109386.0,"LAZIO, RICK A.",96328.0,"DOWNEY, THOMAS.",,13058.0,R,24,high,
NEW YORK,3,2000,240428.0,143126.0,"KING, PETER T.",95787.0,"LAMAGNA, DAL",1515.0,47339.0,R,24,high,0.0
NEW YORK,3,1998,182383.0,117258.0,"KING, PETER T.",63628.0,"LANGBERG, KEVIN N.",1497.0,53630.0,R,24,high,0.0
NEW YORK,3,1996,231426.0,127972.0,"KING, PETER T.",97518.0,"LAMAGNA, DAL A.",5936.0,30454.0,R,24,high,0.0
NEW YORK,3,1994,194532.0,115236.0,"KING, PETER T.",77774.0,"GRILL,   NORMA",1522.0,37462.0,R,24,high,0.0
NEW YORK,3,1992,251622.0,124727.0,"KING, PETER T",116915.0,"ORLINS, STEVE A.",9980.0,7812.0,R,24,high,0.0
NEW YORK,4,2000,225755.0,87830.0,"BECKER, GREGORY R.",136703.0,"MCCARTHY, CAROLYN",1222.0,48873.0,D,24,high,0.0
NEW YORK,4,1998,171583.0,79984.0,"BECKER, GREGORY R.",90256.0,"MCCARTHY, CAROLYN",1343.0,10272.0,D,24,high,0.0
NEW YORK,4,1996,221016.0,89542.0,"FRISA, DANIEL",127060.0,"MCCARTHY, CAROLYN",4414.0,37518.0,D,24,high,0.0
NEW YORK,4,1994,74963.0,87815.0,"FRISA,   DANIEL",65286.0,"SCHILIRO, PHILIP",21862.0,22529.0,R,24,high,1.3339914357749822
NEW YORK,4,1992,220644.0,110710.0,"LEVY, DAVID A.",100386.0,"SCHILIRO, PHILIP",9548.0,10324.0,R,24,high,0.0
NEW YORK,5,2000,202614.0,61084.0,"ELKOWITZ, EDWARD",137684.0,"ACKERMAN, GARY L",3846.0,76600.0,D,24,high,0.0
NEW YORK,5,1998,149862.0,49586.0,"PINZON, DAVID C.",97404.0,"ACKERMAN, GARY L",2872.0,47818.0,D,24,high,0.0
NEW YORK,5,1996,197785.0,69244.0,"LALLY, GRANT M.",125918.0,"ACKERMAN, GARY L",2623.0,56674.0,D,24,high,0.0
NEW YORK,5,1994,70642.0,73884.0,"LALLY, GRANT M.",93896.0,"ACKERMAN, GARY L",2862.0,20012.0,D,24,high,1.415588460122873
NEW YORK,5,1992,210831.0,94907.0,"BINDER, ALLAN E.",110476.0,"ACKERMAN, GARY L",5448.0,15569.0,D,24,high,0.0
NEW YORK,6,2000,120818.0,,,120818.0,"MEEKS, GREGORY W.",,120818.0,D,24,high,
NEW YORK,6,1998,76122.0,,,76122.0,"MEEKS, GREGORY W.",,76122.0,D,24,high,
NEW YORK,6,1996,121147.0,18348.0,"MISIR, JORAWAR",102799.0,"FLAKE, FLOYD H.",,84451.0,D,24,high,
NEW YORK,6,1994,85271.0,16675.0,"BHAGWANDIN, DIANAND D.",68596.0,"FLAKE, FLOYD H.",,51921.0,D,24,high,
NEW YORK,6,1992,119659.0,22687.0,"BHAGWANDIN, DIANANDD.",96972.0,"FLAKE, FLOYD H.",,74285.0,D,24,high,
NEW YORK,7,2000,109101.0,24592.0,"BIRTLEY, ROSE",78207.0,"CROWLEY, JOSEPH",6302.0,53615.0,D,24,high,0.0
NEW YORK,7,1998,73780.0,18896.0,"DILLON, JAMES J.",50924.0,"CROWLEY, JOSEPH",3960.0,32028.0,D,24,high,0.0
NEW YORK,7,1996,110940.0,32092.0,"BIRTLEY, ROSE",78848.0,"MANTON, THOMAS       J.",,,,24,high,
NEW YORK,7,1994,67633.0,,,,,,,,24,high,
NEW YORK,7,1992,126919.0,54639.0,"SHEA, DENNIS C.",72280.0,"MANTON, THOMAS       .",,7641.0,D,24,high,
NEW YORK,8,2000,184969.0,27057.0,"HENRY, MARIAN S.",150273.0,"NADLER, JERROLD",7639.0,123216.0,D,24,high,0.0
NEW YORK,8,1998,131331.0,18383.0,"HOWARD, THEODORE",112948.0,"NADLER, JERROLD",,94565.0,D,24,high,
NEW YORK,8,1996,160352.0,26028.0,"BENJAMIN, MICHAEL",131943.0,"NADLER, JERROLD",2381.0,105915.0,D,24,high,0.0
NEW YORK,8,1994,34086.0,21132.0,"ASKREN, DAVID L.",109946.0,"NADLER, JERROLD",3008.0,88814.0,D,24,high,2.9337557941676935
NEW YORK,8,1992,70248.0,25548.0,"ASKREN, DAVID L.",138296.0,"NADLER, JERROLD",6404.0,112748.0,D,24,high,1.4235280719735792
NEW YORK,9,2000,144632.0,45649.0,"DEAR, NOACH",98983.0,"WEINER, ANTHONY",,53334.0,D,24,high,
NEW YORK,9,1998,104522.0,24486.0,"TELANO, LOUIS",69439.0,"WEINER, ANTHONY",10597.0,44953.0,D,24,high,0.0
NEW YORK,9,1996,143213.0,30488.0,"VERGA, ROBERT J.",107107.0,"SCHUMER, CHARLES E.",5618.0,76619.0,D,24,high,0.0
NEW YORK,9,1994,131019.0,35880.0,"MCCALL, JAMES P.",95139.0,"SCHUMER, CHARLES E.",,59259.0,D,24,high,
NEW YORK,9,1992,131530.0,,,116545.0,"SCHUMER, CHARLES E.",14985.0,116545.0,D,24,high,
NEW YORK,10,2000,133884.0,6852.0,"BROWN, ERNESTINE M.",120700.0,"TOWNS, EDOLPHUS",6332.0,3848.0,D,24,high,0.0
NEW YORK,10,1998,90501.0,5577.0,"BROWN, ERNESTINE M.",83528.0,"TOWNS, EDOLPHUS",1396.0,77951.0,D,24,high,0.0
NEW YORK,10,1996,109442.0,8660.0,"SMITHPARKER, AMELIA",99889.0,"TOWNS, EDOLPHUS",893.0,91229.0,D,24,high,0.0
NEW YORK,10,1994,86510.0,7995.0,"PARKER, AMELIA S.",77026.0,"TOWNS, EDOLPHUS",1489.0,69031.0,D,24,high,0.0
NEW YORK,10,1992,101824.0,,,97509.0,"TOWNS, EDOLPHUS",4315.0,97509.0,D,24,high,
NEW YORK,11,2000,128784.0,8406.0,"*CLEARY, SUSAN",112050.0,"OWENS, MAORR.",8328.0,103644.0,D,24,high,0.0
NEW YORK,11,1998,84201.0,7284.0,"GREENE, DAVID",75773.0,"OWENS, MAJOR R.",1144.0,68489.0,D,24,high,0.0
NEW YORK,11,1996,97771.0,7866.0,"*HAYLE, CLAUDETTE",89905.0,"OWENS, MAORR.",,82039.0,D,24,high,
NEW YORK,11,1994,69700.0,6605.0,"*POPKIN, GARYS.",61945.0,"OWENS, MAOR R.",1150.0,55340.0,D,24,high,0.0
NEW YORK,11,1992,85494.0,,,80028.0,"OWENS, MAORR.",5466.0,80028.0,D,24,high,
NEW YORK,12,2000,99080.0,10052.0,"MARKGRAF, ROSEMARY",86288.0,"VELAZQUEZ, NYDIA M.",2740.0,76236.0,D,24,high,0.0
NEW YORK,12,1998,63706.0,7405.0,"MARKGRAF, ROSEMARIE",53269.0,"VELAZQUEZ, NYDIA M.",3032.0,45864.0,D,24,high,0.0
NEW YORK,12,1996,73174.0,9978.0,"PRADO, MIGUEL       I.",61913.0,"VELAZQUEZ, NYDIA M.",1283.0,51935.0,D,24,high,0.0
NEW YORK,12,1994,43265.0,,,39929.0,"VELAZQUEZ, NYDIA M.",3336.0,39929.0,D,24,high,
NEW YORK,12,1992,73067.0,14976.0,"* DIAZ,    ANGEL",55926.0,"VELAZQUEZ, NYDIA M.",2165.0,40950.0,D,24,high,0.0
NEW YORK,13,2000,170062.0,109806.0,"*FOSSELLA, VITOJ.",57603.0,"JOHNSTONE, KATINA M.",2653.0,52203.0,R,24,high,0.0
NEW YORK,13,1998,117550.0,76138.0,"*FOSSELLA, VITOJ.",40167.0,"PRISCO, EUGENE V.",1245.0,35971.0,R,24,high,0.0
NEW YORK,13,1996,153769.0,94660.0,"MOLINARI, SUSAN",53376.0,"BUTLER, TYRONE G.",5733.0,41284.0,R,24,high,0.0
NEW YORK,13,1994,135083.0,96491.0,"MOLINARI, SUSAN",33937.0,"BUTLER, TYRONE G.",4655.0,62554.0,R,24,high,0.0
NEW YORK,13,1992,192248.0,107903.0,"*MOLINARI, SUSAN",73520.0,"ALBANESE, SAL F.",10825.0,34383.0,R,24,high,0.0
NEW YORK,14,2000,200348.0,45453.0,"RHODES, C. ADRIENNE",148080.0,"MALONEY, CAROLYN B",6815.0,102627.0,D,24,high,0.0
NEW YORK,14,1998,143530.0,32458.0,"KUPFERMAN, STEPHANIE E.",111072.0,"MALONEY, CAROLYN B",,78614.0,D,24,high,
NEW YORK,14,1996,179737.0,42641.0,"LIVINGSTON, JEFFREY E.",130175.0,"MALONEY, CAROLYN B",6921.0,87534.0,D,24,high,0.0
NEW YORK,14,1994,153322.0,54277.0,"* MILLARD,    CHARLES",98479.0,"MALONEY, CAROLYN B",566.0,44202.0,D,24,high,0.0
NEW YORK,14,1992,201837.0,97215.0,"* GREEN, S. WILLIAM",101652.0,"MALONEY, CAROLYN B",2970.0,4437.0,D,24,high,0.0
NEW YORK,15,2000,141664.0,7346.0,"*SUERO, OSE AGUSTIN",130161.0,"RANGEL, CHARLES B.",4157.0,122815.0,D,24,high,0.0
NEW YORK,15,1998,97139.0,5633.0,"CUNNINGHAM, DAVID E.",90424.0,"RANGEL, CHARLES B.",1082.0,84791.0,D,24,high,0.0
NEW YORK,15,1996,124734.0,5951.0,"ADAMS, EDWARD R.",3898.0,"RANGEL, CHARLES B.",4885.0,107947.0,D,24,high,0.881876633476037
NEW YORK,15,1994,80642.0,,,77830.0,"RANGEL, CHARLES B.",2812.0,77830.0,D,24,high,
NEW YORK,15,1992,110693.0,,,105011.0,"RANGEL, CHARLES B.",5682.0,105011.0,D,24,high,
NEW YORK,16,2000,107546.0,3934.0,"JUSTICE, AARON",103041.0,"SERRANO, JOSE E.",571.0,99107.0,D,24,high,0.0
NEW YORK,16,1998,70580.0,2457.0,"BAYLEY, THOMAS W. JR.",67367.0,"SERRANO, JOSE E.",756.0,64910.0,D,24,high,0.0
NEW YORK,16,1996,99233.0,2878.0,"TORRES, RODNEY",95568.0,"SERRANO, JOSE E.",787.0,92690.0,D,24,high,0.0
NEW YORK,16,1994,60829.0,,,58572.0,"SERRANO, JOSE E.",2257.0,58572.0,D,24,high,
NEW YORK,16,1992,93197.0,7975.0,"'WALTERS, MICHAEL",85222.0,"SERRANO, JOSE E.",,77247.0,D,24,high,
NEW YORK,17,2000,128294.0,13201.0,"MCMANUS, PATRICK",115093.0,"ENGEL, ELIOT L",,101892.0,D,24,high,
NEW YORK,17,1998,91984.0,11037.0,"FLUMEFREDDO, PETER",80947.0,"ENGEL, ELIOT L.",,69910.0,D,24,high,
NEW YORK,17,1996,119187.0,15892.0,"*   MCCARTHY, DENIS",101287.0,"ENGEL, ELIOT L",2008.0,85395.0,D,24,high,0.0
NEW YORK,17,1994,94479.0,16896.0,"MARSHALL, EDWARD T.",73321.0,"ENGEL, ELIOT L.",4262.0,56425.0,D,24,high,0.0
NEW YORK,17,1992,122381.0,16511.0,"RICHMAN, MARTIN",98068.0,"ENGEL, ELIOT L.",7802.0,81557.0,D,24,high,0.0
NEW YORK,18,2000,188647.0,58022.0,"VONGLIS, OHN G.",126878.0,"LOWEY, NITA M.",3747.0,68856.0,D,24,high,0.0
NEW YORK,18,1998,110702.0,,,91623.0,"LOWEY, NITA M.",19079.0,91623.0,D,24,high,
NEW YORK,18,1996,185722.0,59487.0,"'KATSORHIS, KERRY.",118194.0,"LOWEY, NITA M.",8041.0,58707.0,D,24,high,0.0
NEW YORK,18,1994,160053.0,65517.0,"'HARTZELL, ANDREW C.",91663.0,"LOWEY, NITA M.",2873.0,26146.0,D,24,high,0.0
NEW YORK,18,1992,208528.0,92687.0,"DIOGUARDI, JOSEPH.",115841.0,"LOWEY, NITA M.",,23154.0,D,24,high,
NEW YORK,19,2000,239151.0,145532.0,"'KELLY, SUE W.",85871.0,"GRAHAM, LARRY OTIS",7748.0,59661.0,R,24,high,0.0
NEW YORK,19,1998,167832.0,104467.0,"'KELLY, SUE W.",56378.0,"COLLINS, DICK",6987.0,48089.0,R,24,high,0.0
NEW YORK,19,1996,220596.0,,,,,,,,24,high,
NEW YORK,19,1994,192309.0,100173.0,"KELLY, SUE W.",70696.0,"FISH, HAMILTON, JR.",21440.0,29477.0,R,24,high,0.0
NEW YORK,19,1992,232464.0,139610.0,"FISH, HAMILTON",92854.0,"MCCARTHY, CORNELIU SP",,46756.0,R,24,high,
NEW YORK,20,2000,236033.0,136016.0,"GILMAN, BENJAMIN A.",94646.0,"FEINER, PAUL.",5371.0,41370.0,R,24,high,0.0
NEW YORK,20,1998,168904.0,98546.0,"GILMAN, BENJAMIN A.",65589.0,"FEINER, PAUL.",4769.0,32957.0,R,24,high,0.0
NEW YORK,20,1996,214612.0,122479.0,"CILMAN, BENJAMIN A.",80761.0,"AGGARWAL, YASH P.",11372.0,41718.0,R,24,high,0.0
NEW YORK,20,1994,178291.0,120334.0,"CILMAN, BENJAMIN A.",52345.0,"JULIAN, GREGORY B.",5612.0,67989.0,R,24,high,0.0
NEW YORK,20,1992,227331.0,150301.0,"CILMAN, BENJAMIN A.",66826.0,"LEVINE, JOHATHAN L.",10204.0,83475.0,R,24,high,0.0
NEW YORK,21,2000,235672.0,60333.0,"PILLSWORTH, THOMAS G.",175339.0,"MCNULTY, MICHAEL R.",,115006.0,D,24,high,
NEW YORK,21,1998,197570.0,50931.0,"AYERS, LAUREN",146639.0,"MCNULTY, MICHAEL R.",,95708.0,D,24,high,
NEW YORK,21,1996,239756.0,64471.0,"*   NORMAN, NANCY",158491.0,"MCNULTY, MICHAEL R.",16794.0,94020.0,D,24,high,0.0
NEW YORK,21,1994,220674.0,68745.0,"GOMEZ, JOSEPH A.",147804.0,"MCNULTY, MICHAEL R.",4125.0,79059.0,D,24,high,0.0
NEW YORK,21,1992,265278.0,91184.0,"*   NORMAN, NANCY",166371.0,"MCNULTY, MICHAEL R.",7723.0,75187.0,D,24,high,0.0
NEW YORK,22,2000,246479.0,167368.0,"SWEENEY, JOHN E.",79111.0,"MCCALLION, KENNETH      F.",,88257.0,R,24,high,
NEW YORK,22,1998,193266.0,106919.0,"SWEENEY, JOHN E.",81296.0,"BORDEWICH, JEAN P.",5051.0,25623.0,R,24,high,0.0
NEW YORK,22,1996,238317.0,144125.0,"SOLOMON, GERALD B.",94192.0,"JAMES, STEVE",,49933.0,R,24,high,
NEW YORK,22,1994,214781.0,157717.0,"SOLOMON, GERALD B.",57064.0,"LAWRENCE, L. ROBERT",,100653.0,R,24,high,
NEW YORK,22,1992,251332.0,164436.0,"SOLOMON, GERALD B.",86896.0,"ROBERTS, DAVID",,77540.0,R,24,high,
NEW YORK,23,2000,205035.0,124132.0,"BOEHLERT, SHERWOOD L.",38049.0,"ENCLEBRECHT, RICHARD W.",42854.0,86083.0,R,24,high,0.0
NEW YORK,23,1998,137735.0,111242.0,"BOEHLERT, SHERWOOD L.",,,26493.0,111242.0,R,24,high,
NEW YORK,23,1996,193687.0,124626.0,"BOEHLERT, SHERWOOD L.",50436.0,"HAPANOWICZ, BRUCE W.",18625.0,74190.0,R,24,high,0.0
NEW YORK,23,1994,76488.0,124486.0,"BOEHLERT, SHERWOOD L.",40786.0,"SKEELE, CHARLES W.",11216.0,83700.0,R,24,high,1.307394623993306
NEW YORK,23,1992,219662.0,139774.0,"BOEHLERT, SHERWOOD L.",61835.0,"DIPERNA, PAULA",18053.0,77939.0,R,24,high,0.0
NEW YORK,24,2000,186187.0,138322.0,"MCHUGH, JOHNM.",42698.0,"TALLON, NEIL P.",5167.0,95624.0,R,24,high,0.0
NEW YORK,24,1998,147693.0,116682.0,"MCHUCH, JOHNM.",31011.0,"TALLON, NEIL P.",,85671.0,R,24,high,
NEW YORK,24,1996,74682.0,124240.0,"MCHUGH, JOHNM.",43692.0,"RAVENSCROFT, DONALD",6750.0,80548.0,R,24,high,1.3390107388661256
NEW YORK,24,1994,158677.0,124645.0,"MCHUCH, JOHNM.",34032.0,"FRANCIS, DANNY M.",,90613.0,R,24,high,
NEW YORK,24,1992,201069.0,122257.0,"MCHUCH, JOHN M.",47675.0,"RAVENSCROFT, MARGARET M.",31137.0,74582.0,R,24,high,0.0
NEW YORK,25,2000,220243.0,151880.0,"WALSH, JAMES T",64533.0,"GAVIN, FRANCIS J.",3830.0,87347.0,R,24,high,0.0
NEW YORK,25,1998,74665.0,121204.0,"WALSH, JAMES T",53461.0,"ROTHENBERC, YVONNE",,67743.0,R,24,high,
NEW YORK,25,1996,229890.0,126691.0,"WALSH, JAMES T.",103199.0,"MACK, MARTY",,23492.0,R,24,high,
NEW YORK,25,1994,197802.0,3949.0,"WALSH, JAMES T.",83853.0,"JEZER, RHEA",,30096.0,R,24,high,
NEW YORK,25,1992,242386.0,135076.0,"WALSH, JAMES T.",107310.0,"JEZER, RHEA",,27766.0,R,24,high,
NEW YORK,26,2000,226579.0,83856.0,"MOPPERT, BOB",140395.0,"HINCHEY, MAURICE D.",2328.0,56539.0,D,24,high,0.0
NEW YORK,26,1998,175140.0,54776.0,"WALKER, WILLIAM H.",108204.0,"HINCHEY, MAURICE D.",12160.0,53428.0,D,24,high,0.0
NEW YORK,26,1996,222506.0,94125.0,"WITTIC, SUE",122850.0,"HINCHEY, MAURICE D.",5531.0,28725.0,D,24,high,0.0
NEW YORK,26,1994,194508.0,94244.0,"MOPPERT, BOB",95492.0,"HINCHEY, MAURICE D.",4772.0,1248.0,D,24,high,0.0
NEW YORK,26,1992,237116.0,110738.0,"MOPPERT, BOB",119557.0,"HINCHEY, MAURICE D.",6821.0,8819.0,D,24,high,0.0
NEW YORK,27,2000,227564.0,157694.0,"REYNOLDS, THOMAS M.",69870.0,"PECORARO, THOMAS W.",,87824.0,R,24,high,
NEW YORK,27,1998,78020.0,102042.0,"REYNOLDS, THOMAS M.",75978.0,"COOK, BILL",,26064.0,R,24,high,
NEW YORK,27,1994,204770.0,152610.0,"PAXON, L.WILLIAM",52160.0,"LONG, WILLIAM A.",,100450.0,R,24,high,
NEW YORK,27,1992,246502.0,156596.0,"PAXON, L.WILLIAM",89906.0,"CALL, W. DOUGLAS",,66690.0,R,24,high,
NEW YORK,28,2000,230856.0,75348.0,"JOHNS, MARK C.",151688.0,"SLAUGHTER, LOUISE M.",3820.0,76340.0,D,24,high,0.0
NEW YORK,28,1998,183458.0,56443.0,"KAPLAN, RICHARD A.",118856.0,"SLAUGHTER, LOUISE M.",8159.0,6241.0,D,24,high,0.0
NEW YORK,28,1996,232450.0,99366.0,"ROSENBERGER, GEOFF H.",33084.0,"SLAUGHTER, LOUISE M.",,33718.0,D,24,high,
NEW YORK,28,1994,195967.0,78516.0,"DAVISON, RENEEF.",110987.0,"SLAUGHTER, LOUISE M.",6464.0,32471.0,D,24,high,0.0
NEW YORK,28,1992,255078.0,112273.0,"POLITO, WILLIAM P.",140908.0,"SLAUGHTER, LOUISE M.",1897.0,28635.0,D,24,high,0.0
NEW YORK,29,2000,209487.0,81159.0,"SOMMER, BRETT M.",128328.0,"LAFALCE, JOHN.",,47169.0,D,24,high,
NEW YORK,29,1998,170529.0,69481.0,"COLLINS, CHRIS",97235.0,"LAFALCE, JOHN.",3813.0,27754.0,D,24,high,0.0
NEW YORK,29,1996,213452.0,81135.0,"CALLARD, DAVID B.",132317.0,"LAFALCE, JOHN J.",,51182.0,D,24,high,
NEW YORK,29,1994,186704.0,80355.0,"MILLER, WILLIAM E., R.",103053.0,"*LAFALCE, JOHN J.",3296.0,22698.0,D,24,high,0.0
NEW YORK,29,1992,235458.0,98031.0,"MILLER, WILLIAM E., JR.",128230.0,"*LAFALCE, JOHN J.",9197.0,30199.0,D,24,high,0.0
NEW YORK,30,2000,206271.0,138452.0,"*QUINN, JACK",67819.0,"FEE, JOHN",,70633.0,R,24,high,
NEW YORK,30,1998,171292.0,116093.0,QUINNJACK,55199.0,"PEOPLES, CRYSTAL D.",,60894.0,R,24,high,
NEW YORK,30,1996,221409.0,121369.0,QUINNJACK,100040.0,"PORDUM, FRANCIS.",,21329.0,R,24,high,
NEW YORK,30,1994,186130.0,124738.0,QUINNJACK,61392.0,"FRANCZYK, DAVID A.",,63346.0,R,24,high,
NEW YORK,30,1992,243204.0,125734.0,"QUINN, JACK",111445.0,"GORSKI, DENNIS T.",6025.0,14289.0,R,24,high,0.0
NEW YORK,31,2000,199431.0,154238.0,"HOUGHTON, AMORY",45193.0,"PETERS, KISUN J.",,109045.0,R,24,high,
NEW YORK,31,1998,158252.0,107615.0,"HOUGHTON, AMORY",40091.0,"ROSSITER, CALEB",10546.0,67524.0,R,24,high,0.0
NEW YORK,31,1996,195267.0,139734.0,"HOUGHTON, AMORY",49502.0,"MACBAIN, BRUCE D.",6031.0,90232.0,R,24,high,0.0
NEW YORK,31,1994,142925.0,121178.0,"HOUGHTON, AMORY",,,21747.0,121178.0,R,24,high,
NEW YORK,31,1992,213554.0,150696.0,"HOUGHTON, AMORY",52010.0,"LEAHEY, JOSEPH P.",10848.0,98686.0,R,24,high,0.0
NORTH CAROLINA,1,2000,189168.0,62198.0,"KRATZER, DUANE E R.",124171.0,"CLAYTON, EVA",2799.0,61973.0,D,24,high,0.0
NORTH CAROLINA,1,1998,136747.0,50578.0,"TYLER, TED",85125.0,"CLAYTON, EVA",1044.0,34547.0,D,24,high,0.0
NORTH CAROLINA,5,2000,185855.0,172489.0,"BURR, RICHARD M.",,,13366.0,172489.0,R,24,high,
NORTH CAROLINA,6,2000,215085.0,195727.0,"COBLE, HOWARD",,,19358.0,195727.0,R,24,high,
NORTH CAROLINA,7,2000,229666.0,66463.0,"ADAMS, JAMES R.",160185.0,"MCINTYRE, MIKE",3018.0,93722.0,D,24,high,0.0
NORTH CAROLINA,7,1998,136290.0,,,124366.0,"MCINTYRE, MIKE",11924.0,124366.0,D,24,high,
NORTH CAROLINA,8,2000,203464.0,111950.0,"HAYES, ROBIN",89505.0,"TAYLOR, MIKE",2009.0,22445.0,R,24,high,0.0
NORTH CAROLINA,8,1998,133124.0,67505.0,"HAYES, ROBIN",64127.0,"TAYLOR, MIKE",1492.0,3378.0,R,24,high,0.0
NORTH CAROLINA,9,2000,264220.0,181161.0,"MYRICK, SUE",79382.0,"MCGUIRE, ED",3677.0,101779.0,R,24,high,0.0
NORTH CAROLINA,10,2000,240658.0,164182.0,"BALLENCER, CASS",70877.0,"PARKER, DELMAS",5599.0,93305.0,R,24,high,0.0
NORTH CAROLINA,11,2000,266377.0,146677.0,"TAYLOR, CHARLES H.",112234.0,"NEILL, SAM",7466.0,34443.0,R,24,high,0.0
NORTH CAROLINA,11,1998,199423.0,112908.0,"TAYLOR, CHARLES H.",84256.0,"YOUNG, DAVID",2259.0,28652.0,R,24,high,0.0
NORTH CAROLINA,12,2000,209144.0,69596.0,"MITCHELL, CHAD",135570.0,"WATT, MELVIN",3978.0,65974.0,D,24,high,0.0
NORTH DAKOTA,AL,2000,285658.0,127251.0,"DORSO, JOHN",151173.0,"POMEROY, EARL",7234.0,23922.0,D,24,high,0.0
NORTH DAKOTA,AL,1998,215469.0,75013.0,"CRAMER, KEVIN",34747.0,"POMEROY, EARL",5709.0,59734.0,D,24,high,0.46410388501362143
NORTH DAKOTA,AL,1996,263010.0,3684.0,"CRAMER, KEVIN",144833.0,"POMEROY, EARL",4493.0,31149.0,D,24,high,0.41823504809703055
NORTH DAKOTA,AL,1994,235389.0,105988.0,"PORTER, GARY",123134.0,"POMEROY, EARL",6267.0,17146.0,D,24,high,0.0
NORTH DAKOTA,AL,1992,297898.0,7442.0,"KORSMO, JOHN T.",169273.0,"POMEROY, EARL",11183.0,51831.0,D,24,high,0.3692539056992662
NORTH DAKOTA,AL,1990,233979.0,81443.0,"SCHAFER, EDWARD T.",152530.0,"DORGAN, BYRON L.",,71087.0,D,24,high,
NORTH DAKOTA,AL,1988,299982.0,84475.0,"SYDNESS, STEVE",212583.0,"DORGAN, BYRON L.",2924.0,128108.0,D,24,high,0.0
NORTH DAKOTA,AL,1986,286361.0,66989.0,"VINJE, SYVER",216258.0,"DORGAN, BYRON L.",3114.0,149269.0,D,24,high,0.0
NORTH DAKOTA,AL,1984,308729.0,65761.0,"ALTENBURG, LOIS   I.",242968.0,"DORGAN, BYRON L.",,177207.0,D,24,high,
NORTH DAKOTA,AL,1982,260499.0,72241.0,"JONES, KENT",186534.0,"DORGAN, BYRON L.",1724.0,114293.0,D,24,high,0.0
NORTH DAKOTA,AL,1980,293076.0,124707.0,"SMYKOWSKI, JIM",166437.0,"DORGAN, BYRON L.",1932.0,41730.0,D,24,high,0.0
NORTH DAKOTA,AL,1978,220348.0,147746.0,"ANDREWS, MARK",68016.0,"HAGEN, BRUCE",4586.0,79730.0,R,24,high,0.0
NORTH DAKOTA,AL,1976,289881.0,181018.0,"ANDREWS, MARK",104263.0,"OMDAHL, LLOYD B.",4600.0,76755.0,R,24,high,0.0
NORTH DAKOTA,AL,1974,233688.0,130184.0,"ANDREWS, MARK",103504.0,"DORGAN, BYRON L.",,26680.0,R,24,high,
NORTH DAKOTA,AL,1972,268721.0,195360.0,"ANDREWS, MARK",72850.0,"ISTA,   RICHARD",511.0,122510.0,R,24,high,0.0
OHIO,1,2000,220428.0,116768.0,"CHABOT, STEVE",98328.0,"CRANLEY, JOHN",5332.0,18440.0,R,24,high,0.0
OHIO,1,1998,74424.0,92421.0,"CHABOT, STEVE",82003.0,"QUALLS, ROXANNE",,10418.0,R,24,high,
OHIO,1,1996,218424.0,118324.0,"CHABOT, STEVE",94719.0,"LONGABAUCH, MARK P.",5381.0,23605.0,R,24,high,0.0
OHIO,1,1994,165819.0,92997.0,"CHABOT, STEVE",72822.0,"MANN, DAVID",201.0,,,24,high,0.0012121650715539232
OHIO,1,1992,234433.0,,,120190.0,"MANN, DAVID",114243.0,120190.0,D,24,high,
OHIO,2,2000,277541.0,204184.0,"PORTMAN, ROB",64091.0,"SANDERS, CHARLES W.",9266.0,140093.0,R,24,high,0.0
OHIO,2,1998,203637.0,154344.0,"PORTMAN, ROB",49293.0,"SANDERS, CHARLES W.",,105051.0,R,24,high,
OHIO,2,1996,259473.0,186853.0,"PORTMAN, ROB",58715.0,"CHANDLER, THOMAS R",13905.0,128138.0,R,24,high,0.0
OHIO,2,1994,193858.0,150128.0,"PORTMAN, ROB",43730.0,"MANN, LES",,106398.0,R,24,high,
OHIO,2,1992,253651.0,177720.0,"GRADISON, WILLIS D.",75924.0,"CHANDLER, THOMAS R",,101796.0,R,24,high,
OHIO,3,2000,214247.0,,,177731.0,"HALL, TONY P.",36516.0,177731.0,D,24,high,
OHIO,3,1998,164742.0,50544.0,"SHONDEL, JOHN S.",114198.0,"HALL, TONY P.",,63654.0,D,24,high,
OHIO,3,1996,227203.0,75732.0,"WESTBROCK, DAVID A.",144583.0,"HALL, TONY P.",6888.0,68851.0,D,24,high,0.0
OHIO,3,1994,177656.0,72314.0,"WESTBROCK, DAVID A.",105342.0,"HALL, TONY P.",,33028.0,D,24,high,
OHIO,3,1992,244811.0,98733.0,"DAVIS, PETER W.",146072.0,"HALL, TONY P.",,47339.0,D,24,high,
OHIO,4,2000,232118.0,156510.0,"OXLEY, MICHAEL G.",67330.0,"DICKMAN, DANIEL",8278.0,89180.0,R,24,high,0.0
OHIO,4,1998,175540.0,112011.0,"OXLEY, MICHAEL G.",63529.0,"MCCLAIN, PAUL",,48482.0,R,24,high,
OHIO,4,1996,227761.0,147608.0,"OXLEY, MICHAEL G.",69096.0,"MCCLAIN, PAUL",11057.0,78512.0,R,24,high,0.0
OHIO,4,1994,139841.0,139841.0,"OXLEY, MICHAEL G.",,,,139841.0,R,24,high,
OHIO,4,1992,240440.0,147346.0,"OXLEY, MICHAEL G.",92608.0,"BALL, RAYMOND M.",486.0,54738.0,R,24,high,0.0
OHIO,5,2000,243340.0,169857.0,"GILLMOR, PAUL E.",62138.0,"EDMON, DANNIE",11345.0,107719.0,R,24,high,0.0
OHIO,5,1998,185905.0,123979.0,"GILLMOR, PAUL E.",61926.0,"DARROW, SUSAN D.",,62053.0,R,24,high,
OHIO,5,1996,238323.0,145692.0,"GILLMOR, PAUL E.",81170.0,"SAUNDERS, ANNIE",11461.0,64522.0,R,24,high,0.0
OHIO,5,1994,185214.0,135879.0,"GILLMOR, PAUL E.",49335.0,"TUDOR, ARROD",,86544.0,R,24,high,
OHIO,5,1992,187860.0,187860.0,"GILLMOR, PAUL E.",,,,187860.0,R,24,high,
OHIO,6,2000,240574.0,96966.0,"AZINCER, MIKE",38849.0,"STRICKLAND, TED",4759.0,41883.0,D,24,high,0.4156725165645498
OHIO,6,1998,180563.0,77711.0,"HOLLISTER, NANCY P.",102852.0,"STRICKLAND, TED",,25141.0,D,24,high,
OHIO,6,1996,229926.0,111907.0,"CREMEANS, FRANK A.",118003.0,"STRICKLAND, TED",16.0,6096.0,D,24,high,0.0
OHIO,6,1994,179124.0,91263.0,"CREMEANS, FRANK A.",87861.0,"STRICKLAND, TED",,3402.0,R,24,high,
OHIO,6,1992,241972.0,119252.0,"MCEWEN, BOB",122720.0,"STRICKLAND, TED",,3468.0,D,24,high,
OHIO,7,2000,242186.0,163646.0,"HOBSON, DAVID L",60755.0,"MINOR, DONALD E.",17785.0,102891.0,R,24,high,0.0
OHIO,7,1998,179697.0,120765.0,"HOBSON, DAVID L",49780.0,"MINOR, DONALD E.",9152.0,70985.0,R,24,high,0.0
OHIO,7,1996,233001.0,158087.0,"HOBSON, DAVID L",61419.0,"BLAIN, RICHARD K.",13495.0,96668.0,R,24,high,0.0
OHIO,7,1994,140124.0,140124.0,"HOBSON, DAVID L",,,,140124.0,R,24,high,
OHIO,7,1992,230432.0,164195.0,"HOBSON, DAVID L",66237.0,"HESKETT, CLIFFORD S.",,97958.0,R,24,high,
OHIO,8,2000,253303.0,79756.0,"BOEHNER, OHN A.",66293.0,"PARKS, JOHN",7254.0,113463.0,R,24,high,0.3947841123081843
OHIO,8,1998,180891.0,127979.0,"BOEHNER, JOHN A.",52912.0,"GRIFFIN, JOHN W.",,75067.0,R,24,high,
OHIO,8,1996,235943.0,165815.0,"BOEHNER, OHN A",61515.0,"KITCHEN, JEFFREY D.",8613.0,104300.0,R,24,high,0.0
OHIO,8,1994,148425.0,148338.0,"BOEHNER, JOHN A",,,87.0,148338.0,R,24,high,
OHIO,8,1992,238395.0,76362.0,"BOEHNER, OHN A",62033.0,"STENNET, FRED",,114329.0,R,24,high,
OHIO,9,2000,225328.0,49446.0,"BRYAN, DWICHT",168547.0,"KAPTUR, MARCY",7335.0,119101.0,D,24,high,0.0
OHIO,9,1998,161105.0,30312.0,"EMERY, EDWARD S.",130793.0,"KAPTUR, MARCY",,100481.0,D,24,high,
OHIO,9,1996,221334.0,46040.0,"WHITMAN, RANDY",170617.0,"KAPTUR, MARCY",4677.0,124577.0,D,24,high,0.0
OHIO,9,1994,156785.0,38665.0,"WHITMAN, RANDY",118120.0,"KAPTUR, MARCY",,79455.0,D,24,high,
OHIO,9,1992,243102.0,53011.0,"BROWN, KEN D.",178879.0,"KAPTUR, MARCY",11212.0,125868.0,D,24,high,0.0
OHIO,13,2000,263298.0,84295.0,"JERIC,   RICK",70058.0,"BROWN, SHERROD",8945.0,85763.0,D,24,high,0.379797795653594
OHIO,13,1998,188975.0,72666.0,"DRAKE, GRACE L",116309.0,"BROWN, SHERROD",,43643.0,D,24,high,
OHIO,13,1996,242505.0,87108.0,"BLAIR,   KENNETH C.",146690.0,"BROWN, SHERROD",8707.0,59582.0,D,24,high,0.0
OHIO,13,1994,189776.0,86422.0,"WHITE, GREGORY A.",93147.0,"BROWN, SHERROD",10207.0,6725.0,D,24,high,0.0
OHIO,13,1992,252258.0,88889.0,"MUELLER, MARGARET R.",134486.0,"BROWN, SHERROD",28883.0,45597.0,D,24,high,0.0
OHIO,15,1996,221441.0,156776.0,"PRYCE, DEBORAH",64665.0,"ARNEBECK, CLIFF",,92111.0,R,24,high,
OHIO,15,1994,159696.0,112912.0,"PRYCE, DEBORAH",46480.0,"BUCKEL, BILL",304.0,66432.0,R,24,high,0.0
OHIO,15,1992,250205.0,110390.0,"PRYCE, DEBORAH",94907.0,"CORDRAY, RICHARD",44908.0,15483.0,R,24,high,0.0
OHIO,16,2000,234400.0,162294.0,"REGULA, RALPH S.",62709.0,"SMITH, WILLIAM",9397.0,99585.0,R,24,high,0.0
OHIO,16,1998,183473.0,117426.0,"RECULA, RALPH S.",66047.0,"FERGUSON, PETER D.",,51379.0,R,24,high,
OHIO,16,1996,231827.0,159314.0,"RECULA, RALPH S.",64902.0,"BURKHART, THOMAS E.",7611.0,94412.0,R,24,high,0.0
OHIO,16,1994,183103.0,137322.0,"RECULA, RALPH S.",45781.0,"FINN, . MICHAEL",,91541.0,R,24,high,
OHIO,16,1992,248713.0,158489.0,"RECULA, RALPH S.",90224.0,"MENDENHALL, WARNER D.",,68265.0,R,24,high,
OHIO,18,2000,236505.0,152325.0,"NEY, BOB",79232.0,"GUTHRIE, MARC",4948.0,73093.0,R,24,high,0.0
OHIO,18,1998,187690.0,113119.0,"NEY, BOB",74571.0,"BURCH, ROBERT L.",,38548.0,R,24,high,
OHIO,18,1996,233843.0,117365.0,"NEY, BOB",108332.0,"BURCH, ROBERT L.",8146.0,9033.0,R,24,high,0.0
OHIO,18,1994,191041.0,103115.0,"NEY, BOB",87926.0,"DIDONATO, GREG L",,15189.0,R,24,high,
OHIO,18,1992,243418.0,77229.0,"RESS, BILL",66.0,"APPLEGATE, DOUGLAS",89.0,88960.0,D,24,high,0.6820941754512814
OHIO,19,2000,251648.0,174262.0,"LATOURETTE, STEVEN C.",70429.0,"BLANCHARD, DALE",6957.0,103833.0,R,24,high,0.0
OHIO,19,1998,190876.0,126786.0,"LATOURETTE, STEVEN C.",64090.0,"KELLEY, ELIZABETH",,62696.0,R,24,high,
OHIO,19,1996,24681.0,3501.0,"LATOURETTE, STEVEN C.",101152.0,"COYNE, THOMAS       .",10655.0,33860.0,R,24,high,3.6719338762610914
OHIO,19,1994,206242.0,99997.0,"LATOURETTE, STEVEN C.",89701.0,"FINCERHUT, ERIC D.",16544.0,10296.0,R,24,high,0.0
OHIO,19,1992,263083.0,124606.0,"GARDNER, ROBERT A.",138465.0,"FINGERHUT, ERIC D.",12.0,13859.0,D,24,high,0.0
OKLAHOMA,1,2000,200005.0,138528.0,"LARGENT, STEVE",58493.0,"LOWE, DAN",2984.0,80035.0,R,24,high,0.0
OKLAHOMA,1,1998,147340.0,91031.0,"LARGENT, STEVE",56309.0,"PLOWMAN, HOWARD",,34722.0,R,24,high,
OKLAHOMA,1,1996,210407.0,143415.0,"LARGENT, STEVE",57996.0,"AMEN, OHN R.",8996.0,85419.0,R,24,high,0.0
OKLAHOMA,1,1994,170838.0,107085.0,"LARGENT, STEVE",63753.0,"PRICE, STUART",,43332.0,R,24,high,
OKLAHOMA,1,1992,225830.0,119211.0,"INHOFE, JAMES M.",106619.0,"SELPH, JOHN",,12592.0,R,24,high,
OKLAHOMA,2,2000,195412.0,81672.0,"EWING, ANDY",107273.0,"CARSON, BRAD",6467.0,25601.0,D,24,high,0.0
OKLAHOMA,2,1998,148264.0,85581.0,"COBURN, TOM",59042.0,"PHARAOH, KENT",3641.0,26539.0,R,24,high,0.0
OKLAHOMA,2,1996,202393.0,112273.0,"COBURN, TOM",90120.0,"JOHNSON, GLEN D.",,22153.0,R,24,high,
OKLAHOMA,2,1994,158422.0,82479.0,"COBURN, TOM",75943.0,"COOPER, VIRGIL R.",,6536.0,R,24,high,
OKLAHOMA,2,1992,213513.0,87657.0,"HILL, JERRY",118542.0,"SYNAR, MIKE",7314.0,30885.0,D,24,high,0.0
OKLAHOMA,3,2000,159216.0,137826.0,"WATKINS, WES",,,21390.0,137826.0,R,24,high,
OKLAHOMA,3,1998,144995.0,89832.0,"WATKINS, WES",55163.0,"ROBERTS, WALT",,34669.0,R,24,high,
OKLAHOMA,3,1996,191508.0,98526.0,"WATKINS, WES",86647.0,"ROBERTS, DARRYL",6335.0,11879.0,R,24,high,0.0
OKLAHOMA,3,1994,156878.0,41147.0,"TALLANT, DARREL D.",115731.0,"BREWSTER, BILL",,74584.0,D,24,high,
OKLAHOMA,3,1992,207659.0,51725.0,"STOKES, ROBERT W.",155934.0,"BREWSTER, BILL",,104209.0,D,24,high,
OKLAHOMA,4,2000,175684.0,114000.0,"WATTS, . C.",54808.0,"WEATHERFORD, LARRY",6876.0,59192.0,R,24,high,0.0
OKLAHOMA,4,1998,135379.0,83272.0,"WATTS, j. C.",52107.0,"ODOM, BEN",,31165.0,R,24,high,
OKLAHOMA,4,1996,185373.0,106923.0,"WATTS, j. C.",73950.0,"CROCKER, ED",4500.0,32973.0,R,24,high,0.0
OKLAHOMA,4,1994,155401.0,80251.0,"WATTS, J. C.",67237.0,"PERRYMAN, DAVID",7913.0,13014.0,R,24,high,0.0
OKLAHOMA,4,1992,199076.0,58235.0,"BELL, HOWARD",140841.0,"MCCURDY, DAVE",,82606.0,D,24,high,
OKLAHOMA,5,2000,196022.0,134159.0,"ISTOOK, ERNEST J.",53275.0,"MCWATTERS, GARLAND",8588.0,80884.0,R,24,high,0.0
OKLAHOMA,5,1998,151399.0,103217.0,"ISTOOK, ERNEST J.",48182.0,"SMOTHERMON, M.C.",,55035.0,R,24,high,
OKLAHOMA,5,1996,212791.0,148362.0,"ISTOOK, ERNEST J.",57594.0,"FORSYTHE, JAMES L.",6835.0,90768.0,R,24,high,0.0
OKLAHOMA,5,1994,175147.0,136877.0,"ISTOOK, ERNEST j.",,,38270.0,136877.0,R,24,high,
OKLAHOMA,5,1992,230816.0,123237.0,"ISTOOK, ERNEST j.",107579.0,"WILLIAMS, LAURIE",,15658.0,R,24,high,
OKLAHOMA,6,2000,161176.0,95635.0,"LUCAS, FRANK D.",63106.0,"BEUTLER, RANDY",2435.0,32529.0,R,24,high,0.0
OKLAHOMA,6,1998,131271.0,85261.0,"LUCAS, FRANK D.",43555.0,"BARBY, PAUL M.",2455.0,41706.0,R,24,high,0.0
OKLAHOMA,6,1996,177672.0,3499.0,"LUCAS, FRANK D.",64173.0,"BARBY, PAUL M.",,49326.0,R,24,high,
OKLAHOMA,6,1994,152360.0,106961.0,"LUCAS, FRANK D.",45399.0,"TOLLETT, JEFFREY S.",,61562.0,R,24,high,
OKLAHOMA,6,1992,198802.0,64068.0,"ANTHONY, BOB",134734.0,"ENGLISH, GLENN",,70666.0,D,24,high,
OREGON,1,2000,303521.0,115303.0,"STARR, CHARLES",76902.0,"WU, DAVID",11316.0,61599.0,D,24,high,0.3294664949048007
OREGON,1,1998,239496.0,112827.0,"BORDONARO, MOLLY",119993.0,"WU, DAVID",6676.0,7166.0,D,24,high,0.0
OREGON,1,1996,278604.0,126146.0,"win, BILL",144588.0,"FURSE, ELIZABETH",7870.0,18442.0,D,24,high,0.0
OREGON,1,1994,253989.0,120846.0,"win, BILL",121147.0,"FURSE, ELIZABETH",11996.0,,,24,high,0.0
OREGON,1,1992,294154.0,140986.0,"MEEKER, ANTONY",152917.0,"FURSE, ELIZABETH",251.0,11931.0,D,24,high,0.0
OREGON,2,2000,298907.0,220086.0,"WALDEN, GREG",78101.0,"PONSFORD, WALTER",720.0,141985.0,R,24,high,0.0
OREGON,2,1998,215216.0,132316.0,"WALDEN, GREG",74924.0,"CAMPBELL, KEVIN M.",7976.0,57392.0,R,24,high,0.0
OREGON,2,1996,266056.0,164062.0,"SMITH, ROBERT F.",97195.0,"DUGAN, MIKE",4799.0,66867.0,R,24,high,0.0
OREGON,2,1994,234381.0,134255.0,"COOLEY, WES",90822.0,"KUPILLAS, SUE C.",9304.0,43433.0,R,24,high,0.0
OREGON,2,1992,274478.0,184163.0,"SMITH, ROBERT F.",90036.0,"FERGUSON, DENZEL",279.0,94127.0,R,24,high,0.0
OREGON,3,2000,271161.0,64128.0,"POLLOCK, JEFFERY L.",181049.0,"BLUMENAUER, EARL",25984.0,116921.0,D,24,high,0.0
OREGON,3,1998,183351.0,,,153889.0,"BLUMENAUER, EARL",29462.0,153889.0,D,24,high,
OREGON,3,1996,247909.0,65259.0,"BRUUN, SCOTT",165922.0,"BLUMENAUER, EARL",16728.0,100663.0,D,24,high,0.0
OREGON,3,1994,222822.0,4321.0,"HALL, EVERETT",161624.0,"WYDEN, RON",17987.0,118413.0,D,24,high,0.17453393291506225
OREGON,3,1992,269879.0,50235.0,"RITTER, AL",208028.0,"WYDEN, RON",11616.0,157793.0,D,24,high,0.0
OREGON,4,2000,291065.0,88950.0,"LINDSEY, JOHN",197998.0,"DEFAZIO, PETER A.",4117.0,109048.0,D,24,high,0.0
OREGON,4,1998,224637.0,64143.0,"WEBB, STEVE j.",157524.0,"DEFAZIO, PETER A.",2970.0,93381.0,D,24,high,0.0
OREGON,4,1996,269856.0,76649.0,"NEWKIRK, OHN D.",177270.0,"DEFAZIO, PETER A.",15937.0,100621.0,D,24,high,0.0
OREGON,4,1994,238149.0,78947.0,"NEWKIRK, OHN D.",158981.0,"DEFAZIO, PETER A.",221.0,80034.0,D,24,high,0.0
OREGON,4,1992,279299.0,79733.0,"SCHULZ, RICHARD L.",199372.0,"DEFAZIO, PETER A.",194.0,119639.0,D,24,high,0.0
OREGON,5,2000,275348.0,118631.0,"BOQUIST, BRIAN .",156315.0,"HOOLEY, DARLENE",402.0,37684.0,D,24,high,0.0
OREGON,5,1998,227657.0,92215.0,"SHANNON, MARYLIN",124916.0,"HOOLEY, DARLENE",10526.0,32701.0,D,24,high,0.0
OREGON,5,1996,272636.0,125409.0,"BUNN, JIM",139521.0,HOOLEY DARLENE,7706.0,14112.0,D,24,high,0.0
OREGON,5,1994,243616.0,121369.0,"BUNN, JIM",114015.0,"WEBBER, CATHERINE",8232.0,7354.0,R,24,high,0.0
OREGON,5,1992,272944.0,97984.0,"SEAGRAVES, JIM",174443.0,"KOPETSKI, MIKE",517.0,76459.0,D,24,high,0.0
PENNSYLVANIA,1,2000,169541.0,19920.0,"KUSH, STEVEN N.",149621.0,"BRADY, ROBERT A.",,129701.0,D,24,high,
PENNSYLVANIA,1,1998,95848.0,15898.0,"HARRISON, WILLIAM M.",77788.0,"BRADY, ROBERT A.",2162.0,61890.0,D,24,high,0.0
PENNSYLVANIA,1,1996,165945.0,20734.0,"CELLA, JAMES D.",145210.0,"FOGLIETTA, THOMAS M.",,124476.0,D,24,high,
PENNSYLVANIA,1,1994,122264.0,22595.0,"GORDON, ROGER      F.",99669.0,"FOGLIETTA, THOMAS M.",,77074.0,D,24,high,
PENNSYLVANIA,1,1992,185591.0,35419.0,"SNYDER, CRAIG",150172.0,"FOGLIETTA, THOMAS M.",,114753.0,D,24,high,
PENNSYLVANIA,2,2000,183694.0,,,180021.0,"FATTAH, CHAKA",3673.0,180021.0,D,24,high,
PENNSYLVANIA,2,1998,118764.0,16001.0,"MULLIGAN, ANNE MARIE",102763.0,"FATTAH, CHAKA",,86762.0,D,24,high,
PENNSYLVANIA,2,1996,191937.0,23047.0,"MURPHY, LARRY G.",168887.0,"FATTAH, CHAKA",,145840.0,D,24,high,
PENNSYLVANIA,2,1994,140377.0,19824.0,"WATSON, LAWRENCE R.",120553.0,"FATTAH, CHAKA",,100729.0,D,24,high,
PENNSYLVANIA,2,1992,213927.0,47906.0,"HOLLIN, LARRY",164355.0,"BLACKWELL, LUCIEN E.",1666.0,116449.0,D,24,high,0.0
PENNSYLVANIA,3,2000,189871.0,59343.0,"DOUGHERTY, CHARLES F.",130528.0,"BORSKI, ROBERTA.",,71185.0,D,24,high,
PENNSYLVANIA,3,1998,111660.0,45390.0,"DOUGHERTY, CHARLES F.",66270.0,"BORSKI, ROBERT A.",,20880.0,D,24,high,
PENNSYLVANIA,3,1996,75801.0,54681.0,"MCCOLGAN, JOSEPH M.",121120.0,"BORSKI, ROBERT A.",,66439.0,D,24,high,
PENNSYLVANIA,3,1994,147911.0,55209.0,"HASHER, JAMES C.",92702.0,"BORSKI, ROBERT A.",,37493.0,D,24,high,
PENNSYLVANIA,3,1992,221971.0,86787.0,"DOUGHERTY, CHARLES F.",130828.0,"BORSKI, ROBERT A.",4356.0,44041.0,D,24,high,0.0
PENNSYLVANIA,4,2000,246467.0,145390.0,"HART, MELISSA",100995.0,"VAN HORNE, TERRY E.",82.0,44395.0,R,24,high,0.0
PENNSYLVANIA,4,1998,161685.0,58485.0,"TURZAI, MIKE",103183.0,"KLINK, RON",17.0,44698.0,D,24,high,0.0
PENNSYLVANIA,4,1996,222167.0,79448.0,"ADAMETZ, PAUL T.",142621.0,"KLINK, RON",98.0,63173.0,D,24,high,0.0
PENNSYLVANIA,4,1994,185630.0,66509.0,"PEGLOW, ED",119115.0,"KLINK, RON",,52606.0,D,24,high,
PENNSYLVANIA,4,1992,237922.0,48484.0,"JOHNSTON, GORDON R.",186684.0,"KLINK, RON",2754.0,38200.0,D,24,high,0.0
PENNSYLVANIA,5,2000,172517.0,147570.0,"PETERSON, JOHN E.",,,24947.0,147570.0,R,24,high,
PENNSYLVANIA,5,1998,117323.0,99502.0,"PETERSON, JOHN E.",,,7821.0,99502.0,R,24,high,
PENNSYLVANIA,5,1996,193003.0,116303.0,"PETERSON, JOHN E.",76627.0,"RUDY, RUTH C.",73.0,39676.0,R,24,high,0.0
PENNSYLVANIA,5,1994,145431.0,145335.0,"*CLINGER, WILLIAM F.",,,96.0,145335.0,R,24,high,
PENNSYLVANIA,5,1992,188911.0,188911.0,"*CLINGER, WILLIAM F.",,,,188911.0,R,24,high,
PENNSYLVANIA,6,2000,211313.0,71227.0,"KOPEL, THOMAS G.",140084.0,"HOLDEN, TIM",,68857.0,D,24,high,
PENNSYLVANIA,6,1998,139953.0,54579.0,"MECKLEY, JOHN",85374.0,"HOLDEN, TIM",,30795.0,D,24,high,
PENNSYLVANIA,6,1996,196729.0,80061.0,"LEINBACH, CHRISTIAN Y.",115193.0,"HOLDEN, TIM",1475.0,35132.0,D,24,high,0.0
PENNSYLVANIA,6,1994,158633.0,68610.0,"LEVERING, FRED",90023.0,"HOLDEN, TIM",,21413.0,D,24,high,
PENNSYLVANIA,6,1992,208006.0,99694.0,"JONES, JOHN E.",108312.0,"HOLDEN, TIM",,8618.0,D,24,high,
PENNSYLVANIA,8,2000,260710.0,154090.0,"GREENWOOD, JAMES C.",100617.0,"STROUSE, RONALD L",6003.0,53473.0,R,24,high,0.0
PENNSYLVANIA,8,1998,148200.0,93697.0,"GREENWOOD, JAMES C.",48320.0,"TUTHILL, BILL",6183.0,45377.0,R,24,high,0.0
PENNSYLVANIA,8,1996,226322.0,133749.0,"GREENWOOD, JAMES C.",79856.0,"MURRAY, JOHN P.",12717.0,53893.0,R,24,high,0.0
PENNSYLVANIA,8,1994,671.0,74.0,"GREENWOOD, JAMES C.",11.0,"MURRAY, JOHN P.",499.0,65940.0,R,24,high,0.12965722801788376
PENNSYLVANIA,8,1992,249538.0,129593.0,"GREENWOOD, JAMES C.",114095.0,"KOSTMAYER, PETER H.",5850.0,15498.0,R,24,high,0.0
PENNSYLVANIA,9,2000,185466.0,184401.0,"*SHUSTER, E. G.",,,1065.0,184401.0,R,24,high,
PENNSYLVANIA,9,1998,126027.0,125409.0,"'SHUSTER, E. G.",,,618.0,125409.0,R,24,high,
PENNSYLVANIA,9,1996,192822.0,142105.0,"SHUSTER, E. G.",50650.0,"KEMMLER, MONTE",67.0,91455.0,R,24,high,0.0
PENNSYLVANIA,9,1994,147203.0,146688.0,"'SHUSTER, E. G.",,,515.0,146688.0,R,24,high,
PENNSYLVANIA,9,1992,182406.0,182406.0,"'SHUSTER, E. G.",,,,182406.0,R,24,high,
PENNSYLVANIA,12,2000,205448.0,56575.0,"CHOBY, BILL",145538.0,"MURTHA, JOHN P.",3335.0,88963.0,D,24,high,0.0
PENNSYLVANIA,12,1998,146780.0,46239.0,"HOLLOWAY, TIMOTHY E.",100528.0,"MURTHA, JOHN P.",13.0,54289.0,D,24,high,0.0
PENNSYLVANIA,12,1996,195481.0,58643.0,"CHOBY, BILL",136815.0,"MURTHA, JOHN P.",23.0,78172.0,D,24,high,0.0
PENNSYLVANIA,12,1994,171005.0,53147.0,"CHOBY, BILL",7825.0,"MURTHA, JOHN P.",33.0,64678.0,D,24,high,0.6432560451448788
PENNSYLVANIA,12,1992,166916.0,,,166916.0,"MURTHA, JOHN P.",,166916.0,D,24,high,
PENNSYLVANIA,14,2000,147749.0,,,,,,,,24,high,
PENNSYLVANIA,14,1998,137736.0,52745.0,"RAVOTTI, BILL",83355.0,"COYNE, WILLIAM     J.",,,,24,high,
PENNSYLVANIA,14,1996,202578.0,78921.0,"RAVOTTI, BILL",122922.0,"COYNE, WILLIAM     J.",,,,24,high,
PENNSYLVANIA,14,1994,164210.0,53221.0,"CLARK, JOHN R.",105310.0,"COYNE, WILLIAM     J.",,,,24,high,
PENNSYLVANIA,14,1992,229038.0,61311.0,"KING, BYRON W.",165633.0,"COYNE, WILLIAM .",2094.0,104322.0,D,24,high,0.0
PENNSYLVANIA,15,2000,222184.0,118307.0,"TOOMEY, PAT",103864.0,"O'BRIEN, ED",13.0,14443.0,R,24,high,0.0
PENNSYLVANIA,15,1998,148706.0,81755.0,"TOOMEY, PAT",66930.0,"AFFLERBACH, ROY C.",21.0,14825.0,R,24,high,0.0
PENNSYLVANIA,15,1996,200363.0,82803.0,"KILBANKS, BOB",109812.0,"MCHALE, PAUL",7748.0,27009.0,D,24,high,0.0
PENNSYLVANIA,15,1994,150909.0,71602.0,"YEAGER, JIM",72073.0,"MCHALE, PAUL",7234.0,,,24,high,0.0
PENNSYLVANIA,15,1992,213324.0,99520.0,"RITTER, DONALD L.",111419.0,"MCHALE, PAUL",2385.0,11899.0,D,24,high,0.0
PENNSYLVANIA,16,2000,242589.0,162403.0,"PITTS, JOSEPH R.",80177.0,"YORCZYK, ROBERT S.",,82226.0,R,24,high,
PENNSYLVANIA,16,1998,136085.0,95979.0,"PITTS, JOSEPH R.",40092.0,"YORCZYK, ROBERT S.",14.0,55887.0,R,24,high,0.0
PENNSYLVANIA,16,1996,209602.0,124511.0,"PITTS, JOSEPH R.",78598.0,"BLAINE, JAMES G.",6493.0,45913.0,R,24,high,0.0
PENNSYLVANIA,16,1994,157455.0,109759.0,"WALKER, ROBERT S.",47680.0,"CHERTOK, BILL",16.0,62079.0,R,24,high,0.0
PENNSYLVANIA,16,1992,212564.0,137823.0,"WALKER, ROBERT S.",74741.0,"PETERS, ROBERT",,63082.0,R,24,high,
PENNSYLVANIA,17,2000,232460.0,166236.0,"CEKAS, GEORGE W.",66190.0,"HERRMANN, LESLYE HESS",34.0,100046.0,R,24,high,0.0
PENNSYLVANIA,17,1998,115107.0,114931.0,"GEKAS, GEORGE W.",,,176.0,114931.0,R,24,high,
PENNSYLVANIA,17,1996,208616.0,150678.0,"GEKAS, GEORGE W.",57911.0,"KETTL, PAUL",27.0,92767.0,R,24,high,0.0
PENNSYLVANIA,17,1994,133975.0,133788.0,"GEKAS, GEORGE W.",,,187.0,133788.0,R,24,high,
PENNSYLVANIA,17,1992,216039.0,150158.0,"GEKAS, GEORGE W.",65881.0,"STURGES, BILL",,84277.0,R,24,high,
PENNSYLVANIA,18,2000,224956.0,68798.0,"STEPHENS, CRAIG C.",156131.0,"DOYLE, MIKE",27.0,87333.0,D,24,high,0.0
PENNSYLVANIA,18,1998,145337.0,46945.0,"WALKER, DICK",98363.0,"DOYLE, MIKE",29.0,51418.0,D,24,high,0.0
PENNSYLVANIA,18,1996,214990.0,86829.0,"FAWCETT, DAVID B.",120410.0,"DOYLE, MIKE",7751.0,33581.0,D,24,high,0.0
PENNSYLVANIA,18,1994,185750.0,83881.0,"MCCARTY, JOHN",101784.0,"DOYLE, MIKE",85.0,17903.0,D,24,high,0.0
PENNSYLVANIA,18,1992,254329.0,154024.0,"SANTORUM, RICK",96655.0,"PECORA, FRANK A.",3650.0,57369.0,R,24,high,0.0
PENNSYLVANIA,19,2000,232622.0,168722.0,"PLATTS, TODD",61538.0,"SANDERS, JEFF",2362.0,107184.0,R,24,high,0.0
PENNSYLVANIA,19,1998,142489.0,96284.0,"GOODLING, WILLIAM F.",40674.0,"ROPP, LINDA G.",5531.0,55610.0,R,24,high,0.0
PENNSYLVANIA,19,1996,208963.0,130716.0,"GOODLING, WILLIAM         F.",74944.0,"CHRONISTER, SCOTT L.",3303.0,55772.0,R,24,high,0.0
PENNSYLVANIA,19,1994,125117.0,124496.0,"GOODLING, WILLIAM F.",,,621.0,124496.0,R,24,high,
PENNSYLVANIA,19,1992,217587.0,98599.0,"GOODLING, WILLIAM F.",74798.0,"KILKER, PAUL V.",44190.0,23801.0,R,24,high,0.0
PENNSYLVANIA,20,2000,225463.0,80312.0,"DAVIS, RONALD J.",145131.0,"MASCARA, FRANK R.",20.0,64819.0,D,24,high,0.0
PENNSYLVANIA,20,1998,98075.0,,,97885.0,"MASCARA, FRANK R.",190.0,97885.0,D,24,high,
PENNSYLVANIA,20,1996,210402.0,97004.0,"MCCORMICK, MIKE",113394.0,"MASCARA, FRANK R.",,16390.0,D,24,high,
PENNSYLVANIA,20,1994,179419.0,84156.0,"MCCORMICK, MIKE",95251.0,"MASCARA, FRANK R..",12.0,11095.0,D,24,high,0.0
PENNSYLVANIA,20,1992,226489.0,111591.0,"TOWNSEND, BILL",114898.0,"MURPHY, AUSTIN     .",,3307.0,D,24,high,
PENNSYLVANIA,21,2000,222190.0,135164.0,"ENGLISH, PHIL",87018.0,"FLITTER, MARC A.",,48146.0,R,24,high,
PENNSYLVANIA,21,1998,149115.0,94518.0,"ENGLISH, PHIL",54591.0,"KLEMENS, LARRY",,39927.0,R,24,high,
PENNSYLVANIA,21,1996,210888.0,106875.0,"ENGLISH, PHIL",104004.0,"DINICOLA, RONALD A.",,2871.0,R,24,high,
PENNSYLVANIA,21,1994,180829.0,89439.0,"ENGLISH, PHIL",84796.0,"LEAVENS, BILL",6594.0,4643.0,R,24,high,0.0
PENNSYLVANIA,21,1992,221531.0,150729.0,"RIDGE, THOMAS .",70802.0,"HARKINS, JOHN C.",,79927.0,R,24,high,
RHODE ISLAND,1,2000,185163.0,61522.0,"CABRAL, STEPHEN",123442.0,"KENNEDY, PATRICK   .",199.0,61920.0,D,24,high,0.0
RHODE ISLAND,1,1998,138895.0,38460.0,"SANTA, RONALD C.",92788.0,"KENNEDY, PATRICK .",7647.0,54328.0,D,24,high,0.0
RHODE ISLAND,1,1996,175428.0,49199.0,"CICIONE, GIOVANNI D.",121781.0,"KENNEDY, PATRICK j.",4448.0,72582.0,D,24,high,0.0
RHODE ISLAND,1,1994,165901.0,76069.0,"VIGILANTE, KEVIN",89832.0,"KENNEDY, PATRICK j.",,13763.0,D,24,high,
RHODE ISLAND,1,1992,194089.0,135982.0,"MACHTLEY, RONALD K.",48092.0,"CARLIN, DAVID R.",10015.0,87890.0,R,24,high,0.0
RHODE ISLAND,2,2000,198964.0,27932.0,"TINGLE, ROBERT G.",123805.0,"LANGEVIN, AMES R.",47227.0,95873.0,D,24,high,0.0
RHODE ISLAND,2,1998,154053.0,38170.0,"MATSON, JOHN O.",110917.0,"WEYGAND, ROBERT A.",4966.0,72747.0,D,24,high,0.0
RHODE ISLAND,2,1996,184322.0,58458.0,"WILD, RICHARD E.",118827.0,"WEYGAND, ROBERT A.",7037.0,60369.0,D,24,high,0.0
RHODE ISLAND,2,1994,76007.0,56348.0,"ELLIOT, A. OHN",119659.0,"REED, OHN F.",,63311.0,D,24,high,
RHODE ISLAND,2,1992,204413.0,49998.0,"BELL, JAMES W.",144450.0,"REED, OHN F.",9965.0,94452.0,D,24,high,0.0
SOUTH CAROLINA,1,2000,231446.0,139597.0,"BROWN, HENRY",82622.0,"BRACK, ANDY",9227.0,56975.0,R,24,high,0.0
SOUTH CAROLINA,1,1998,130071.0,118414.0,"SANFORD, MARK",,,11657.0,118414.0,R,24,high,
SOUTH CAROLINA,1,1996,143693.0,138467.0,"SANFORD, MARK",,,5226.0,38467.0,R,24,high,
SOUTH CAROLINA,1,1994,147471.0,97803.0,"SANFORD, MARK",47769.0,"BARBER, ROBERT",1899.0,50034.0,R,24,high,0.0
SOUTH CAROLINA,1,1992,184549.0,121938.0,"RAVENEL, ARTHUR",59908.0,"OBERST, BILL",2703.0,62030.0,R,24,high,0.0
SOUTH CAROLINA,2,2000,270976.0,154338.0,"SPENCE, FLOYD",110672.0,"FREDERICK, ANE",5966.0,43666.0,R,24,high,0.0
SOUTH CAROLINA,2,1998,206763.0,119583.0,"SPENCE, FLOYD",84864.0,"FREDERICK, JANE",2316.0,34719.0,R,24,high,0.0
SOUTH CAROLINA,2,1996,176289.0,158229.0,"SPENCE, FLOYD",,,18060.0,158229.0,R,24,high,
SOUTH CAROLINA,2,1994,133592.0,133307.0,"SPENCE, FLOYD",,,285.0,133307.0,R,24,high,
SOUTH CAROLINA,2,1992,169670.0,148667.0,"SPENCE, FLOYD",,,21003.0,148667.0,R,24,high,
SOUTH CAROLINA,3,2000,221621.0,150176.0,"GRAHAM, LINDSEY",67174.0,"BRIGHTHARP, GEORGE L",4271.0,83002.0,R,24,high,0.0
SOUTH CAROLINA,3,1998,129449.0,129047.0,"GRAHAM, LINDSEY",,,402.0,129047.0,R,24,high,
SOUTH CAROLINA,3,1996,189530.0,114273.0,"GRAHAM, LINDSEY",73417.0,"DORN, DEBBIE",1840.0,40856.0,R,24,high,0.0
SOUTH CAROLINA,3,1994,150068.0,90123.0,"GRAHAM, LINDSEY",59932.0,"BRYAN, JAMES E.",13.0,30191.0,R,24,high,0.0
SOUTH CAROLINA,3,1992,194864.0,75660.0,"BLAND, JAMES L.",119119.0,"DERRICK, BUTLER",85.0,43459.0,D,24,high,0.0
SOUTH CAROLINA,4,2000,189051.0,150436.0,"DEMINT, JIM",,,38615.0,150436.0,R,24,high,
SOUTH CAROLINA,4,1998,182550.0,105264.0,"DEMINT, JIM",73314.0,"REESE, GLENN",3972.0,31950.0,R,24,high,0.0
SOUTH CAROLINA,4,1996,194812.0,138165.0,"INCUS, ROBERT D.",54126.0,"CURRY, DARRELL E.",2521.0,84039.0,R,24,high,0.0
SOUTH CAROLINA,4,1994,149176.0,109626.0,"INGLIS, ROBERT D.",39396.0,"FOWLER, JERRY",154.0,70230.0,R,24,high,0.0
SOUTH CAROLINA,4,1992,198410.0,99879.0,"INGLIS, ROBERT D.",94182.0,"PATTERSON, ELIZABETH",4349.0,5697.0,R,24,high,0.0
SOUTH CAROLINA,5,2000,215838.0,85247.0,"GULLICK, CARL",126877.0,"SPRATT, JOHN",3714.0,41630.0,D,24,high,0.0
SOUTH CAROLINA,5,1998,164267.0,66299.0,"BURKHOLD, MIKE",95105.0,"SPRATT, JOHN",2863.0,28806.0,D,24,high,0.0
SOUTH CAROLINA,5,1996,179971.0,81455.0,"BIGHAM, LARRY",97335.0,"SPRATT, JOHN",1181.0,15880.0,D,24,high,0.0
SOUTH CAROLINA,5,1994,148363.0,70967.0,"BIGHAM, LARRY",77311.0,"SPRATT, JOHN",85.0,6344.0,D,24,high,0.0
SOUTH CAROLINA,5,1992,183086.0,70866.0,"HORNE, WILLIAM T",112031.0,"SPRATT, JOHN",189.0,41165.0,D,24,high,0.0
SOUTH CAROLINA,6,2000,192380.0,50005.0,"ELLISON, VINCE",138053.0,"CLYBURN, JAMES E.",4322.0,88048.0,D,24,high,0.0
SOUTH CAROLINA,6,1998,160576.0,41421.0,"MCLEOD, GARY",116507.0,"CLYBURN, JAMES E.",2648.0,75086.0,D,24,high,0.0
SOUTH CAROLINA,6,1996,173080.0,51974.0,"MCLEOD, GARY",120132.0,"CLYBURN, JAMES E.",974.0,68158.0,D,24,high,0.0
SOUTH CAROLINA,6,1994,38923.0,50259.0,"MCLEOD, GARY",88635.0,"CLYBURN, JAMES E.",29.0,38376.0,D,24,high,2.5691750378953317
SOUTH CAROLINA,6,1992,184871.0,64149.0,"CHASE, JOHN R.",120647.0,"CLYBURN, JAMES E.",75.0,56498.0,D,24,high,0.0
SOUTH DAKOTA,AL,2000,314761.0,231083.0,"THUNE, OHN",78321.0,"HOHN, CURT",5357.0,152762.0,R,24,high,0.0
SOUTH DAKOTA,AL,1998,258590.0,194157.0,"THUNE, JOHN",64433.0,"MOSER, JEFF",,129724.0,R,24,high,
SOUTH DAKOTA,AL,1996,323203.0,186393.0,"THUNE, OHN",119547.0,"WEILAND, RICK",17263.0,66846.0,R,24,high,0.0
SOUTH DAKOTA,AL,1994,305922.0,112054.0,"BERKHOUT, JAN",183036.0,"JOHNSON, TIM",10832.0,70982.0,D,24,high,0.0
SOUTH DAKOTA,AL,1992,332902.0,89375.0,"TIMMER, JOHN",230070.0,"JOHNSON, TIM",13457.0,140695.0,D,24,high,0.0
SOUTH DAKOTA,AL,1990,257298.0,83484.0,"FRANKENFELD, DON",173814.0,"JOHNSON, TIM",,90330.0,D,24,high,
SOUTH DAKOTA,AL,1988,311916.0,88157.0,"VOLK, DAVID",223759.0,"JOHNSON, TIM",,135602.0,D,24,high,
SOUTH DAKOTA,AL,1986,289723.0,118261.0,"BELL, DALE",171462.0,"JOHNSON, TIM",,53201.0,D,24,high,
SOUTH DAKOTA,AL,1984,316222.0,134821.0,"BELL, DALE",181401.0,"DASCHLE, THOMAS A.",,46580.0,D,24,high,
SOUTH DAKOTA,AL,1982,275652.0,133530.0,"ROBERTS, CLINT",142122.0,"DASCHLE, THOMAS A.",,8592.0,D,24,high,
TENNESSEE,1,2000,157848.0,157828.0,"JENKINS, BILL",,,20.0,157828.0,R,24,high,
TENNESSEE,1,1998,99689.0,68904.0,"JENKINS, BILL",30710.0,"WHITE, KAY C.",75.0,38194.0,R,24,high,0.0
TENNESSEE,1,1996,181708.0,117676.0,"JENKINS, BILL",58657.0,"SMITH, KAY C.",5375.0,59019.0,R,24,high,0.0
TENNESSEE,1,1994,141227.0,102947.0,"QUILLEN, JAMES H.",34691.0,"CHRISTIAN, J. CARR",3589.0,68256.0,R,24,high,0.0
TENNESSEE,1,1992,170158.0,114797.0,"QUILLEN, JAMES H.",47809.0,"CHRISTIAN, J. CARR",7552.0,66988.0,R,24,high,0.0
TENNESSEE,2,2000,209485.0,187154.0,"DUNCAN, JOHN J.,        Jr",,,22331.0,187154.0,R,24,high,
TENNESSEE,2,1998,102502.0,90860.0,"DUNCAN, JOHN J.,        Jr",,,11642.0,90860.0,R,24,high,
TENNESSEE,2,1996,213574.0,,,,,,,,24,high,
TENNESSEE,2,1994,142482.0,128937.0,"DUNCAN, JOHN      .,   Jr.",,,13545.0,128937.0,R,24,high,
TENNESSEE,2,1992,205401.0,148377.0,"DUNCAN, JOHN      .,   Jr.",52887.0,"GOODALE,TROY",4137.0,95490.0,R,24,high,0.0
TENNESSEE,3,2000,218940.0,139840.0,"WAMP, ZACH",75785.0,"CALLAWAY, WILLIAM L.",3315.0,64055.0,R,24,high,0.0
TENNESSEE,3,1998,113786.0,75100.0,"WAMP, ZACH",37144.0,"LEWIS, JAMES M., Jr.",1542.0,37956.0,R,24,high,0.0
TENNESSEE,3,1996,201444.0,113408.0,"WAMP, ZACH",85714.0,"JOLLY, CHARLES N.",2322.0,27694.0,R,24,high,0.0
TENNESSEE,3,1994,161853.0,84583.0,"WAMP, ZACH",73839.0,"BUTTON, RANDY",3431.0,10744.0,R,24,high,0.0
TENNESSEE,3,1992,216533.0,102763.0,"WAMP, ZACH",105693.0,"LLOYD, MARILYN",8077.0,2930.0,D,24,high,0.0
TENNESSEE,5,2000,205933.0,50386.0,"SCOTT, STAN",149277.0,"CLEMENT, BOB",6270.0,98891.0,D,24,high,0.0
TENNESSEE,5,1998,90102.0,,,74611.0,"CLEMENT, BOB",15491.0,74611.0,D,24,high,
TENNESSEE,5,1996,193783.0,46201.0,"EDMONDSON, STEVEN L.",140264.0,"CLEMENT, BOB",7318.0,94063.0,D,24,high,0.0
TENNESSEE,5,1994,159304.0,61692.0,"OSBORNE, JOHN",95953.0,"CLEMENT, BOB",1659.0,34261.0,D,24,high,0.0
TENNESSEE,5,1992,187590.0,49417.0,"STONE, TOM",125233.0,"CLEMENT, BOB",12940.0,75816.0,D,24,high,0.0
TENNESSEE,6,2000,271899.0,97169.0,"CHARLES, DAVID",168861.0,"GORDON, BART",5869.0,71692.0,D,24,high,0.0
TENNESSEE,6,1998,37436.0,62277.0,"MASSEY, WALT",75055.0,"GORDON, BART",104.0,12778.0,D,24,high,2.6712255582861415
TENNESSEE,6,1996,195249.0,62277.0,"GILL, STEVE",123846.0,"GORDON, BART",9126.0,61569.0,D,24,high,0.0
TENNESSEE,6,1994,179699.0,88759.0,"GILL, STEVE",90933.0,"GORDON, BART",,2174.0,D,24,high,
TENNESSEE,6,1992,212428.0,86289.0,"BLACKBURN, MARSHA",120177.0,"GORDON, BART",5962.0,33888.0,D,24,high,0.0
TEXAS,1,2000,211848.0,91912.0,"WILLINGHAM, NOBLE",118157.0,"SANDLIN, MAX",1779.0,26245.0,D,24,high,0.0
TEXAS,1,1998,135979.0,55191.0,"BOERNER, DENNIS",80788.0,"SANDLIN, MAX",,25597.0,D,24,high,
TEXAS,1,1996,199170.0,93105.0,"MERRITT, ED",102697.0,"SANDLIN, MAX",,3368.0,D,24,high,
TEXAS,1,1994,156392.0,63911.0,"BLANKENSHIP, MIKE",86480.0,"CHAPMAN, JAMES L.",6001.0,22569.0,D,24,high,0.0
TEXAS,1,1992,152209.0,,,152209.0,"CHAPMAN, JAMES L.",,152209.0,D,24,high,
TEXAS,2,2000,178830.0,,,162891.0,"TURNER, JIM",15939.0,162891.0,D,24,high,
TEXAS,2,1998,139589.0,56891.0,"BABIN, BRIAN",81556.0,"TURNER, JIM",1142.0,24665.0,D,24,high,0.0
TEXAS,2,1996,196971.0,89838.0,"BABIN, BRIAN",102908.0,"TURNER, JIM",4225.0,13070.0,D,24,high,0.0
TEXAS,2,1994,153780.0,66071.0,"PETERSON, DONNA",87709.0,"WILSON, CHARLES",,21638.0,D,24,high,
TEXAS,2,1992,211350.0,92176.0,"PETERSON, DONNA",118625.0,"WILSON, CHARLES",549.0,26449.0,D,24,high,0.0
TEXAS,3,2000,261897.0,187486.0,"OHNSON, SAM",67233.0,"ZACHARY, BILLY WAYNE",7178.0,120253.0,R,24,high,0.0
TEXAS,3,1998,116978.0,106690.0,"JOHNSON, SAM",,,10288.0,106690.0,R,24,high,
TEXAS,3,1996,,,,,,,,,24,high,
TEXAS,4,2000,241878.0,91574.0,"NEWTON, JON",145887.0,"HALL, RALPH M.",4417.0,54313.0,D,24,high,0.0
TEXAS,4,1998,144080.0,58954.0,"LOHMEYER, JIM",82989.0,"HALL, RALPH M.",2137.0,24035.0,D,24,high,0.0
TEXAS,4,1996,207177.0,71065.0,"HALL, JERRY RAY",132126.0,"HALL, RALPH M.",3986.0,61061.0,D,24,high,0.0
TEXAS,4,1994,168.0,947.0,"BRIDGES, DAVID L.",67267.0,"HALL, RALPH M.",99303.0,32036.0,D,24,high,996.125
TEXAS,4,1992,220333.0,83875.0,"BRIDGES, DAVID L.",128008.0,"HALL, RALPH M.",8450.0,44133.0,D,24,high,0.0
TEXAS,5,2000,185958.0,100487.0,"SESSIONS, PETE",82629.0,"COGGINS, REGINA MONTOYA",2842.0,7858.0,R,24,high,0.0
TEXAS,5,1998,110667.0,61714.0,"SESSIONS, PETE",48073.0,"MORALES, VICTOR M.",880.0,3641.0,R,24,high,0.0
TEXAS,5,1996,,,,,,,,,24,high,
TEXAS,9,2000,219816.0,87165.0,"WILLIAMS, PAUL",130143.0,"LAMPSON, NICK",2508.0,42978.0,D,24,high,0.0
TEXAS,9,1998,135162.0,49107.0,"COTTAR, TOM",86055.0,"LAMPSON, NICK",,36948.0,D,24,high,
TEXAS,9,1996,112095.0,52870.0,"STOCKMAN, STEVE",59225.0,"LAMPSON, NICK",,6355.0,D,24,high,
TEXAS,10,2000,240831.0,,,203628.0,"DOGGETT, LLOYD",37203.0,203628.0,D,24,high,
TEXAS,10,1998,136282.0,,,116127.0,"DOGGETT, LLOYD",20155.0,116127.0,D,24,high,
TEXAS,10,1996,234991.0,97204.0,"DOGGETT, TERESA",132066.0,"DOGGETT, LLOYD",5721.0,34862.0,D,24,high,0.0
TEXAS,10,1994,201986.0,80382.0,"BAYLOR, A. JO",113738.0,"DOGGETT, LLOYD",7866.0,33356.0,D,24,high,0.0
TEXAS,10,1992,261892.0,68646.0,"SPIRO, HERBERT",177233.0,"PICKLE, JAKE",16013.0,108587.0,D,24,high,0.0
TEXAS,13,2000,74475.0,7995.0,"THORNBERRY, WILLIAM M.",54343.0,"CLINESMITH, CURTIS",2137.0,63652.0,R,24,high,0.1342732460557234
TEXAS,13,1998,119466.0,81141.0,"THORNBERRY, WILLIAM M.",37027.0,"HARMON, MARK",1298.0,44114.0,R,24,high,0.0
TEXAS,13,1996,73627.0,6098.0,"THORNBERRY, WILLIAM M.",56066.0,"SILVERMAN, SAMUEL B.",1463.0,60032.0,R,24,high,0.13581974004101757
TEXAS,13,1994,143389.0,79466.0,"THORNBERRY, WILLIAM M.",63923.0,"SARPALIUS, BILL",,15543.0,R,24,high,
TEXAS,13,1992,195406.0,77514.0,"BOULTER, BEAU",7892.0,"SARPALIUS, BILL",,40378.0,D,24,high,
TEXAS,14,2000,230059.0,137370.0,"PAUL, RON",92689.0,"SNEARY, LOY",,44681.0,R,24,high,
TEXAS,14,1998,152863.0,84459.0,"PAUL, RON",68014.0,"SNEARY, LOY",390.0,16445.0,R,24,high,0.0
TEXAS,14,1996,195699.0,99961.0,"PAUL, RON",93200.0,"MORRIS, CHARLES ""LEFTY",2538.0,6761.0,R,24,high,0.0
TEXAS,14,1994,154968.0,68793.0,"DEATS, JIM",86175.0,"LAUGHLIN, GREG",,7382.0,D,24,high,
TEXAS,14,1992,199671.0,54412.0,"GARZA, HUMBERTO J.",135930.0,"LAUGHLIN, GREG",9329.0,81518.0,D,24,high,0.0
TEXAS,15,2000,120448.0,,,106570.0,"HINOJOSA, RUBEN",13878.0,106570.0,D,24,high,
TEXAS,15,1998,821.0,78.0,"HAUGHEY, TOM",34221.0,"HINOJOSA, RUBEN",47957.0,13736.0,D,24,high,99.19001218026797
TEXAS,15,1996,138594.0,50914.0,"HAUGHEY, TOM",86347.0,"HINOJOSA, RUBEN",1333.0,35433.0,D,24,high,0.0
TEXAS,15,1994,104366.0,41119.0,"HAUGHEY, TOM",61527.0,"DE LA GARZA, ELIGIO",1720.0,20408.0,D,24,high,0.0
TEXAS,15,1992,142900.0,56549.0,"HAUGHEY, TOM",86351.0,"DE LA GARZA, ELIGIO",,29802.0,D,24,high,
TEXAS,16,2000,35650.0,40921.0,"POWER, DANIEL S.",92649.0,"REYES, SILVESTRE",2080.0,51728.0,D,24,high,2.805049088359046
TEXAS,16,1998,76767.0,,,67486.0,"REYES, SILVESTRE",9281.0,67486.0,D,24,high,
TEXAS,16,1996,127784.0,35271.0,"LEDESMA, RICK",90260.0,"REYES, SILVESTRE",2253.0,54989.0,D,24,high,0.0
TEXAS,16,1994,87224.0,37409.0,"ORTIZ, BOBBY",49815.0,"COLEMAN, RONALD",,12406.0,D,24,high,
TEXAS,16,1992,128601.0,61870.0,"TABERSKI, CHIP",66731.0,"COLEMAN, RONALD",,4861.0,D,24,high,
TEXAS,17,1998,140685.0,63700.0,"IZZARD, RUDY",75367.0,"STENHOLM, CHARLES W.",1618.0,11667.0,D,24,high,0.0
TEXAS,17,1996,192994.0,91429.0,"IZZARD, RUDY",99678.0,"STENHOLM, CHARLES W.",1887.0,8249.0,D,24,high,0.0
TEXAS,17,1994,155605.0,72108.0,"BOONE, PHIL",83497.0,"STENHOLM, CHARLES W.",,11389.0,D,24,high,
TEXAS,17,1992,206171.0,69958.0,"SADOWSKI, JEANNIE",136213.0,"STENHOLM, CHARLES W.",,66255.0,D,24,high,
TEXAS,18,2000,172378.0,38191.0,"LEVY, BOB",131857.0,"JACKSONLEE, SHEILA",2330.0,93666.0,D,24,high,0.0
TEXAS,18,1998,91267.0,,,82091.0,"JACKSONLEE, SHEILA",9176.0,82091.0,D,24,high,
TEXAS,18,1996,,,,,,,,,24,high,
TEXAS,19,2000,185898.0,170319.0,"COMBEST, LARRY",,,15579.0,170319.0,R,24,high,
TEXAS,19,1998,129428.0,108266.0,"COMBEST, LARRY",21162.0,"BLANKENSHIP, SIDNEY",,87104.0,R,24,high,
TEXAS,19,1996,195226.0,156910.0,"COMBEST, LARRY",38316.0,"SAWYER, JOHN W.",,118594.0,R,24,high,
TEXAS,19,1994,120641.0,120641.0,"COMBEST, LARRY",,,,120641.0,R,24,high,
TEXAS,19,1992,209382.0,162057.0,"COMBEST, LARRY",47325.0,"MOSER, TERRY L.",,114732.0,R,24,high,
TEXAS,20,2000,122574.0,,,107487.0,"GONZALEZ, CHARLIE",15087.0,107487.0,D,24,high,
TEXAS,20,1998,79713.0,28347.0,"WALKER, JAMES",50356.0,"GONZALEZ, CHARLIE",1010.0,22009.0,D,24,high,0.0
TEXAS,20,1996,138409.0,47616.0,"WALKER, JAMES",88190.0,"GONZALEZ, HENRY B.",2603.0,40574.0,D,24,high,0.0
TEXAS,20,1994,96149.0,36035.0,"COLYER, CARL B.",60114.0,"GONZALEZ, HENRY B.",,24079.0,D,24,high,
TEXAS,20,1992,103755.0,,,103755.0,"GONZALEZ, HENRY B.",,103755.0,D,24,high,
TEXAS,22,2000,256267.0,154662.0,"DELAY, THOMAS D.",92645.0,"MATRANGA,  ANN",8960.0,62017.0,R,24,high,0.0
TEXAS,22,1998,134720.0,87840.0,"DELAY, THOMAS D.",45386.0,"KEMP, HILL",1494.0,42454.0,R,24,high,0.0
TEXAS,22,1996,,,,,,,,,24,high,
TEXAS,23,2000,201754.0,119679.0,"BONILLA, HENRY",78274.0,"GARZA, ISIDRO, JR.",3801.0,41405.0,R,24,high,0.0
TEXAS,23,1998,114720.0,73177.0,"BONILLA, HENRY",40281.0,"JONES, CHARLIE URBINA",1262.0,32896.0,R,24,high,0.0
TEXAS,23,1996,163839.0,101332.0,"BONILLA, HENRY",59596.0,"JONES, CHARLES P.",2911.0,41736.0,R,24,high,0.0
TEXAS,23,1994,117916.0,73815.0,"BONILLA, HENRY",44101.0,"RIOS, ROLANDO L.",,29714.0,R,24,high,
TEXAS,23,1992,166347.0,98259.0,"BONILLA, HENRY",63797.0,"BUSTAMANTE, ALBERT G",4291.0,34462.0,R,24,high,0.0
TEXAS,24,2000,166948.0,61235.0,"WRIGHT, JAMES ""BRYNDAN""",103152.0,"FROST, MARTIN",2561.0,41917.0,D,24,high,0.0
TEXAS,24,1998,97992.0,40105.0,"TERRY, SHAWN",56321.0,"FROST, MARTIN",1566.0,16216.0,D,24,high,0.0
TEXAS,24,1996,,,,,,,,,24,high,
TEXAS,25,2000,76522.0,68010.0,"SUDAN, PHIL",106112.0,"BENTSEN, KEN",2400.0,38102.0,D,24,high,1.306813726771386
TEXAS,25,1998,101269.0,41848.0,"SANCHEZ, JOHN M.",58591.0,"BENTSEN, KEN",830.0,16743.0,D,24,high,0.0
TEXAS,25,1996,51288.0,21892.0,"MCKENNA, DOLLY MADISON",29396.0,"BENTSEN, KEN",,7504.0,D,24,high,
TEXAS,26,2000,295272.0,214025.0,"ARMEY, DICK",75601.0,"LOVE, STEVE",5646.0,38424.0,R,24,high,0.0
TEXAS,26,1998,136514.0,120332.0,"ARMEY, DICK",,,16182.0,120332.0,R,24,high,
TEXAS,26,1996,,,,,,,,,24,high,
TEXAS,27,2000,161072.0,54660.0,"AHUMADA, PAT",102088.0,"ORTIZ, SOLOMON P.",4324.0,47428.0,D,24,high,0.0
TEXAS,27,1998,97398.0,34284.0,"STONE, EROL A.",61638.0,"ORTIZ, SOLOMON P.",1476.0,27354.0,D,24,high,0.0
TEXAS,27,1996,150600.0,50964.0,"GARDNER, JOE",97350.0,"ORTIZ, SOLOMON P.",2286.0,46386.0,D,24,high,0.0
TEXAS,27,1994,110018.0,44693.0,"STONE, EROL A.",65325.0,"ORTIZ, SOLOMON P.",,20632.0,D,24,high,
TEXAS,27,1992,156844.0,66853.0,"KIMBROUGH, JAY",87022.0,"ORTIZ, SOLOMON P.",2969.0,20169.0,D,24,high,0.0
TEXAS,28,2000,38260.0,,,123104.0,"RODRIGUEZ, CIRO D.",15156.0,123104.0,D,24,high,
TEXAS,28,1998,79353.0,,,71849.0,"RODRIGUEZ, CIRO D.",7504.0,71849.0,D,24,high,
TEXAS,28,1996,146135.0,34191.0,"CUDE, MARK L",110148.0,"TEJEDA, FRANK",1796.0,75957.0,D,24,high,0.0
TEXAS,28,1994,104375.0,28777.0,"SLATTER, DAVID C.",73986.0,"TEJEDA, FRANK M.",1612.0,45209.0,D,24,high,0.0
TEXAS,28,1992,140585.0,,,122457.0,"TEJEDA, FRANK M.",18128.0,122457.0,D,24,high,
TEXAS,29,2000,115475.0,29606.0,"VU, JOE",84665.0,"GREEN, GENE",1204.0,55059.0,D,24,high,0.0
TEXAS,29,1998,47631.0,,,,,3452.0,,,24,high,
TEXAS,29,1996,,,,,,,,,24,high,
TEXAS,30,2000,118961.0,,,109163.0,"JOHNSON, EDDIE B.",9798.0,109163.0,D,24,high,
TEXAS,30,1998,79752.0,21338.0,"KELLEHER, CARRIE",57603.0,"JOHNSON, EDDIE B.",811.0,36265.0,D,24,high,0.0
TEXAS,30,1996,,,,,,,,,24,high,
UTAH,1,2000,261805.0,180591.0,"HANSEN, JAMES V.",71229.0,"COLLINWOOD, KATHLEEN",9985.0,109362.0,R,24,high,0.0
UTAH,1,1998,162085.0,109708.0,"HANSEN, JAMES V.",49307.0,"BEIERLEIN, STEVE",3070.0,60401.0,R,24,high,0.0
UTAH,1,1996,219779.0,150126.0,"HANSEN, JAMES V.",65866.0,"SANDERS, GREGORY .",3787.0,84260.0,R,24,high,0.0
UTAH,1,1994,162618.0,104954.0,"HANSEN, JAMES V.",57664.0,"CORAY, BOBBIE",,47290.0,R,24,high,
UTAH,1,1992,245254.0,160037.0,"HANSEN, JAMES V.",68712.0,"HOLT, RON",16505.0,91325.0,R,24,high,0.0
UTAH,2,2000,259601.0,107114.0,"SMITH, DEREK W.",145021.0,"MATHESON, JIM",7466.0,37907.0,D,24,high,0.0
UTAH,2,1998,177641.0,93718.0,"COOK, MERRILL",77198.0,"ESKELSEN, LILY",6725.0,16520.0,R,24,high,0.0
UTAH,2,1996,236321.0,129963.0,"COOK, MERRILL",100283.0,"ANDERSON, ROSS",6075.0,29680.0,R,24,high,0.0
UTAH,2,1994,186585.0,85507.0,"WALDHOLTZ, ENID GREEN",66911.0,"SHEPHERD, KAREN",34167.0,18596.0,R,24,high,0.0
UTAH,2,1992,252969.0,118307.0,"GREENE, ENID",127738.0,"SHEPHERD, KAREN",6924.0,9431.0,D,24,high,0.0
UTAH,3,2000,237348.0,138943.0,"CANNON, CHRISTOPHER B.",88547.0,"DUNN, DONALD",9858.0,50396.0,R,24,high,0.0
UTAH,3,1998,131123.0,100830.0,"CANNON, CHRISTOPHER B.",,,30293.0,100830.0,R,24,high,
UTAH,3,1996,207715.0,106220.0,"CANNON, CHRISTOPHER B.",98178.0,"ORTON, BILL",3317.0,8042.0,R,24,high,0.0
UTAH,3,1994,155146.0,61839.0,"THOMPSON, DIXIE",91505.0,"ORTON, BILL",1802.0,29666.0,D,24,high,0.0
UTAH,3,1992,229061.0,84019.0,"HARRINGTON, RICHARD R.",35029.0,"ORTON, BILL",10013.0,51010.0,D,24,high,0.4365649324852332
VERMONT,AL,2000,283366.0,51977.0,"KERIN, KAREN ANN",14918.0,"*DIAMONDSTONE, PETE",216471.0,,,24,high,0.0
VERMONT,AL,1998,215133.0,,,,,144393.0,,,24,high,
VERMONT,AL,1996,254706.0,83021.0,"SWEETSER, SUSAN W.",23830.0,"LONG, JACK",147855.0,,,24,high,0.0
VERMONT,AL,1994,211449.0,,,,,112926.0,,,24,high,
VERMONT,AL,1992,281626.0,86901.0,"PHILBIN, TIMOTHY",22279.0,"YOUNG, LEWIS E.",172446.0,,,24,high,0.0
VERMONT,AL,1990,209856.0,82938.0,"SMITH, PETER",6315.0,"SANDOVAL, DOLORES",120603.0,,,24,high,0.0
VERMONT,AL,1988,240131.0,93937.0,"SMITH, PETER",45330.0,"POIRIER, PAUL N",95864.0,53607.0,R,24,high,0.02082196800912835
VERMONT,AL,1986,188954.0,168403.0,"JEFFORDS, JAMES M.",,,20551.0,168403.0,R,24,high,
VERMONT,AL,1984,226297.0,148025.0,"JEFFORDS, JAMES M.",60360.0,"POLLINA, ANTHONY",17912.0,87665.0,R,24,high,0.0
VERMONT,AL,1982,164951.0,114191.0,"JEFFORDS, AMES M.",38296.0,"KAPLAN, MARK A.",12464.0,75895.0,R,24,high,0.0
VERMONT,AL,1980,194697.0,154274.0,"JEFFORDS, JAMES M.",,,40423.0,154274.0,R,24,high,
VERMONT,AL,1978,120502.0,90688.0,"JEFFORDS, JAMES M.",23228.0,"DIETZ, S. MARIE",6586.0,67460.0,R,24,high,0.0
VERMONT,AL,1976,184783.0,124458.0,"JEFFORDS, JAMES M.",60202.0,"'BURGESS, JOHN A.",123.0,64256.0,R,24,high,0.0
VERMONT,AL,1974,140899.0,74561.0,"JEFFORDS, JAMES M.",56342.0,"*CAIN, FRANCIS J.",9996.0,74561.0,R,24,high,0.0
VERMONT,AL,1972,186028.0,120924.0,"MALLARY, RICHARD W.",65062.0,"MEYER, WILLIAM H.",42.0,55862.0,R,24,high,0.0
VERMONT,AL,1970,152557.0,103806.0,"STAFFORD, ROBERT T.",44415.0,"O'SHEA, BERNARD G.",4336.0,59391.0,R,24,high,0.0
VERMONT,AL,1968,157133.0,156956.0,"'STAFFORD, ROBERT",,,177.0,156956.0,R,24,high,
VERMONT,AL,1966,135748.0,89097.0,"STAFFORD, ROBERT T.",46643.0,"RYAN, WILLIAM J.",,42454.0,R,24,high,
VERMONT,AL,1964,163452.0,92252.0,"STAFFORD, ROBERT T",71193.0,"O'SHEA, BERNARD G.",,21059.0,R,24,high,
VERMONT,AL,1962,121381.0,68822.0,"STAFFORD, ROBERT T.",52535.0,"RAYNOLDS, HAROLD",24.0,16287.0,R,24,high,0.0
VERMONT,AL,1960,166035.0,94905.0,"STAFFORD, ROBERT T.",71111.0,"MEYER, WILLIAM H.",19.0,23794.0,R,24,high,0.0
VERMONT,AL,1958,122702.0,59536.0,"ARTHUR, HAROLD J.",63131.0,"MEYER, WILLIAM H.",35.0,3595.0,D,24,high,0.0
VERMONT,AL,1956,154536.0,103736.0,"PROUTY, WINSTON L.",50797.0,"ST.   AMOUR, CAMILLE",,52939.0,R,24,high,
VERMONT,AL,1954,114289.0,70143.0,"PROUTY, WINSTON L.",44141.0,"BOYLAN, JOHN       J.",,,,24,high,
VERMONT,AL,1952,153060.0,109871.0,"PROUTY, WINSTON L.",43187.0,"COMINGS, HERBERT B.",,66684.0,R,24,high,
VERMONT,AL,1950,88851.0,65248.0,"PROUTY, WINSTON L.",22709.0,"COMINGS, HERBERT B.",894.0,42539.0,R,24,high,0.0
VIRGINIA,10,2000,283637.0,238817.0,"WOLF, FRANK R.",,,44820.0,238817.0,R,24,high,
VIRGINIA,10,1998,144755.0,103648.0,"WOLF, FRANK R.",36476.0,"BROOKS, CORNELL W.",4631.0,67172.0,R,24,high,0.0
VIRGINIA,10,1996,235013.0,169266.0,"WOLF, FRANK R.",59145.0,"WEINBERG, ROBERT L.",6602.0,110121.0,R,24,high,0.0
VIRGINIA,10,1994,175531.0,153311.0,"WOLF, FRANK R.",,,22220.0,153311.0,R,24,high,
VIRGINIA,10,1992,227191.0,144471.0,"WOLF, FRANK R.",75775.0,"VICKERY, RAYMOND E.",6945.0,68696.0,R,24,high,0.0
WASHINGTON,1,2000,285636.0,121823.0,"MCDONALD, DAN",155820.0,"INSLEE, JAY",7993.0,33997.0,D,24,high,0.0
WASHINGTON,1,1998,226473.0,99910.0,"WHITE, RICK",112726.0,"INSLEE, JAY",13837.0,12816.0,D,24,high,0.0
WASHINGTON,1,1996,264135.0,141948.0,"WHITE, RICK",122187.0,"COOPERSMITH, JEFF",,19761.0,R,24,high,
WASHINGTON,1,1994,194664.0,100554.0,"WHITE, RICK",94110.0,"CANTWELL, MARIA",,6444.0,R,24,high,
WASHINGTON,1,1992,271278.0,113897.0,"NELSON, GARY",148844.0,"CANTWELL, MARIA",8537.0,34947.0,D,24,high,0.0
WASHINGTON,2,2000,293180.0,34660.0,"KOSTER, JOHN",146617.0,"LARSEN, RICK",11903.0,11957.0,D,24,high,0.34108738658844395
WASHINGTON,2,1998,224901.0,124125.0,"METCALF, JACK",100776.0,"CAMMERMEYER, GRETHE",,23349.0,R,24,high,
WASHINGTON,2,1996,256944.0,124655.0,"METCALF, JACK",122728.0,"QUIGLEY, KEVIN",9561.0,1927.0,R,24,high,0.0
WASHINGTON,2,1994,196526.0,107430.0,"METCALF, JACK",89096.0,"SPANEL, HARRIET A.",,18334.0,R,24,high,
WASHINGTON,2,1992,255926.0,107365.0,"METCALF, JACK",133207.0,"SWIFT, AL",15354.0,25842.0,D,24,high,0.0
WASHINGTON,3,2000,282664.0,114861.0,"MATSON, TRENT R.",159428.0,"BAIRD, BRIAN",8375.0,44567.0,D,24,high,0.0
WASHINGTON,3,1998,220219.0,99855.0,"BENTON, DON",120364.0,"BAIRD, BRIAN",,20509.0,D,24,high,
WASHINGTON,3,1996,245347.0,123117.0,"SMITH, LINDA",122230.0,"BAIRD, BRIAN",887.0,,,24,high,0.0036152877353299614
WASHINGTON,3,1994,192634.0,100188.0,"SMITH, LINDA",85826.0,"UNSOELD, JOLENE",6620.0,14362.0,R,24,high,0.0
WASHINGTON,3,1992,246644.0,108583.0,"FISKE, PAT",38043.0,"UNSOELD, JOLENE",18.0,29460.0,D,24,high,0.40544266229869774
WASHINGTON,4,2000,235104.0,143259.0,"HASTINGS, RICHARD",87585.0,"DAVIS, JIM",4260.0,55674.0,R,24,high,0.0
WASHINGTON,4,1998,76090.0,121684.0,"HASTINGS, RICHARD",43043.0,"PROSS, GORDON ALLEN",11363.0,78641.0,R,24,high,1.3142331449599158
WASHINGTON,4,1996,205149.0,108647.0,"HASTINGS, RICHARD",96502.0,"LOCKE, RICK",,12145.0,R,24,high,
WASHINGTON,4,1994,74026.0,92828.0,"HASTINGS, RICHARD",81198.0,"INSLEE, JAY",,11630.0,R,24,high,
WASHINGTON,4,1992,209604.0,103028.0,"HASTINGS, RICHARD",106556.0,"INSLEE, JAY",20.0,3528.0,D,24,high,0.0
WASHINGTON,5,2000,251214.0,144038.0,"NETHERCUTT, GEORGE",97703.0,"KEEFE,   TOM",9473.0,46335.0,R,24,high,0.0
WASHINGTON,5,1998,193258.0,110040.0,"NETHERCUTT, GEORGE",73545.0,"LYONS, BRAD",9673.0,36495.0,R,24,high,0.0
WASHINGTON,5,1996,236784.0,131618.0,"NETHERCUTT, GEORGE",105166.0,"OLSON, JUDY",,26452.0,R,24,high,
WASHINGTON,5,1994,216131.0,110057.0,"NETHERCUTT, GEORGE",106074.0,"FOLEY, THOMAS S.",,3983.0,R,24,high,
WASHINGTON,5,1992,24641.0,110443.0,"SONNELAND, JOHN",35965.0,"FOLEY, THOMAS S.",,25522.0,D,24,high,
WASHINGTON,6,2000,254713.0,79215.0,"LAWRENCE, BOB",164853.0,"DICKS, NORMAN D.",10645.0,85638.0,D,24,high,0.0
WASHINGTON,6,1998,209599.0,66291.0,"LAWRENCE, BOB",143308.0,"DICKS, NORMAN D.",,77017.0,D,24,high,
WASHINGTON,6,1996,235910.0,71337.0,"TINSLEY, BILL",155467.0,"DICKS, NORMAN D.",9106.0,84130.0,D,24,high,0.0
WASHINGTON,6,1994,180802.0,75322.0,"GREGG, BENJAMIN",105480.0,"DICKS, NORMAN D.",,30158.0,D,24,high,
WASHINGTON,6,1992,238182.0,66664.0,"PHILLIPS, LAURI J.",152933.0,"DICKS, NORMAN D.",18585.0,86269.0,D,24,high,0.0
WASHINGTON,8,2000,294468.0,183255.0,"DUNN, JENNIFER",104944.0,"BEHRENSBENEDICT, HEIDI",6269.0,78311.0,R,24,high,0.0
WASHINGTON,8,1998,226910.0,135539.0,"DUNN, JENNIFER",91371.0,"BEHRENSBENEDICT, HEIDI",44168.0,,,24,high,0.1946498611784408
WASHINGTON,8,1996,261031.0,70691.0,"DUNN, JENNIFER",90340.0,"LITTLE, DAVE",,80351.0,R,24,high,
WASHINGTON,8,1994,184574.0,140409.0,"DUNN, JENNIFER",44165.0,"WYRICK, JIM",,96244.0,R,24,high,
WASHINGTON,8,1992,258188.0,155874.0,"DUNN, JENNIFER",87611.0,"TAMBLYN, GOERGE O.",14703.0,68263.0,R,24,high,0.0
WASHINGTON,9,2000,219623.0,76766.0,"VANCE, CHRIS",135452.0,"SMITH, ADAM",7405.0,58686.0,D,24,high,0.0
WASHINGTON,9,1998,173056.0,61108.0,"TABER, RON",111948.0,"SMITH, ADAM",,50840.0,D,24,high,
WASHINGTON,9,1996,209867.0,99199.0,"TATE, RANDY",105236.0,"SMITH, ADAM",5432.0,6037.0,D,24,high,0.0
WASHINGTON,9,1994,150284.0,77833.0,"TATE, RANDY",72451.0,"KREIDLER, MIKE",5382.0,,,24,high,0.0358121955763754
WASHINGTON,9,1992,212931.0,91910.0,"VON REICHBAUER, PETER",110902.0,"KREIDLER, MIKE",10119.0,18992.0,D,24,high,0.0
WEST VIRGINIA,1,2000,194771.0,,,170974.0,"MOLLOHAN, ALAN B",23797.0,170974.0,D,24,high,
WEST VIRGINIA,1,1998,124114.0,,,105101.0,"MOLLOHAN, ALAN B",19013.0,105101.0,D,24,high,
WEST VIRGINIA,1,1996,171334.0,,,171334.0,"MOLLOHAN, ALAN B",,171334.0,D,24,high,
WEST VIRGINIA,1,1994,146767.0,43590.0,"RILEY,   SALLY R.",103177.0,"MOLLOHAN, ALAN B",,59587.0,D,24,high,
WEST VIRGINIA,1,1992,172924.0,,,172924.0,"MOLLOHAN, ALAN B",,172924.0,D,24,high,
WEST VIRGINIA,2,2000,224315.0,108769.0,"CAPITO, SHELLEY MOORE",103003.0,"HUMPHREYS, JIM",12543.0,5766.0,R,24,high,0.0
WEST VIRGINIA,2,1998,136153.0,29136.0,"KAY, SALLY ANNE",99357.0,"WISE, ROBERT E.",7660.0,70221.0,D,24,high,0.0
WEST VIRGINIA,2,1996,205484.0,63933.0,"MORRIS, GREG",141551.0,"WISE, ROBERT E.",,77618.0,D,24,high,
WEST VIRGINIA,2,1994,142448.0,51691.0,"CRAVOTTA, SAMUEL A.",90757.0,"WISE, ROBERT E.",,39066.0,D,24,high,
WEST VIRGINIA,2,1992,203090.0,59102.0,"CRAVOTTA, SAMUEL A.",143988.0,"WISE, ROBERT E.",,84886.0,D,24,high,
WEST VIRGINIA,3,2000,160786.0,,,146807.0,"RAHALL, NICK J.",13979.0,146807.0,D,24,high,
WEST VIRGINIA,3,1998,91010.0,,,78814.0,"RAHALL, NICK J.",12196.0,78814.0,D,24,high,
WEST VIRGINIA,3,1996,145550.0,,,145550.0,"RAHALL, NICK j.",,145550.0,D,24,high,
WEST VIRGINIA,3,1994,117349.0,42382.0,"WALDMAN, BEN",74967.0,"RAHALL, NICK J.",,32585.0,D,24,high,
WEST VIRGINIA,3,1992,186291.0,64012.0,"WALDMAN, BEN",122279.0,"RAHALL, NICK J.",,58267.0,D,24,high,
WISCONSIN,1,2000,266791.0,177612.0,"RYAN, PAUL D.",88885.0,"THOMAS, JEFFREY C.",294.0,88727.0,R,24,high,0.0
WISCONSIN,1,1998,189946.0,108475.0,"RYAN, PAUL D.",81164.0,"SPOTTSWOOD, LYDIA C.",307.0,27311.0,R,24,high,0.0
WISCONSIN,1,1996,232801.0,118408.0,"NEUMANN, MARK W.",114148.0,"SPOTTSWOOD, LYDIA C.",245.0,4260.0,R,24,high,0.0
WISCONSIN,1,1994,169855.0,83937.0,"NEUMANN, MARK W.",82817.0,"BARCA, PETER W.",3101.0,1120.0,R,24,high,0.0
WISCONSIN,1,1992,256280.0,104352.0,"NEUMANN, MARK W.",147495.0,"ASPIN, LES",4433.0,43143.0,D,24,high,0.0
WISCONSIN,2,2000,318380.0,154632.0,"SHARPLESS, JOHN",163534.0,"BALDWIN, TAMMY",214.0,8902.0,D,24,high,0.0
WISCONSIN,2,1998,221693.0,103528.0,"MUSSER, JOSEPHINE W.",116377.0,"BALDWIN, TAMMY",1788.0,12849.0,D,24,high,0.0
WISCONSIN,2,1996,269374.0,154557.0,"KLUG, SCOTT L.",110467.0,"SOGLIN, PAUL R.",4350.0,44090.0,R,24,high,0.0
WISCONSIN,2,1994,193249.0,133734.0,"KLUG, SCOTT L",55406.0,"HECHT, THOMAS C.",4109.0,78328.0,R,24,high,0.0
WISCONSIN,2,1992,292898.0,183366.0,"KLUG, SCOTT L",108291.0,"DEER, ADA E.",1241.0,75075.0,R,24,high,0.0
WISCONSIN,3,2000,272212.0,97741.0,"TULLY, SUSAN",173505.0,"KIND, RON",966.0,75764.0,D,24,high,0.0
WISCONSIN,3,1998,79448.0,51.0,"BRECHLER, TROY A.",1.0,"KIND, RON",128256.0,77255.0,D,24,high,0.6149934548383849
WISCONSIN,3,1996,234650.0,112146.0,"HARSDORF, JAMES E.",121967.0,"KIND, RON",537.0,9821.0,D,24,high,0.0
WISCONSIN,3,1994,160313.0,89338.0,"GUNDERSON, STEVEN",65758.0,"STOWER, HARVEY",5217.0,23580.0,R,24,high,0.0
WISCONSIN,3,1992,260335.0,146903.0,"GUNDERSON, STEVEN",108664.0,"SACIA, PAUL",4768.0,38239.0,R,24,high,0.0
WISCONSIN,4,2000,269265.0,101811.0,"RIENER, TIM",163622.0,"KLECZKA, GERALD D.",3832.0,61811.0,D,24,high,0.0
WISCONSIN,4,1998,182701.0,76666.0,"REYNOLDS, TOM",105841.0,"KLECZKA, GERALD D.",194.0,29175.0,D,24,high,0.0
WISCONSIN,4,1996,233284.0,98438.0,"REYNOLDS, TOM",134470.0,"KLECZKA, GERALD D.",376.0,36032.0,D,24,high,0.0
WISCONSIN,4,1994,74689.0,78225.0,"REYNOLDS, TOM",93789.0,"KLECZKA, GERALD D.",2675.0,15564.0,D,24,high,1.3388852441457242
WISCONSIN,4,1992,263803.0,84872.0,"COOK, JOSEPH L.",173482.0,"KLECZKA, GERALD D.",5449.0,88610.0,D,24,high,0.0
WISCONSIN,5,2000,223852.0,49296.0,"SMITH, JONATHAN",173893.0,"BARRETT, THOMAS M.",663.0,124597.0,D,24,high,0.0
WISCONSIN,5,1998,154861.0,33506.0,"MELVIN, JACK",121129.0,"BARRETT, THOMAS M.",226.0,87623.0,D,24,high,0.0
WISCONSIN,5,1996,192569.0,47384.0,"MELOTIK, PAUL D.",141179.0,"BARRETT, THOMAS M.",4006.0,93795.0,D,24,high,0.0
WISCONSIN,5,1994,140640.0,51145.0,"HOLLINGSHEAD, STEPHEN B.",87806.0,"BARRETT, THOMAS M.",1689.0,36661.0,D,24,high,0.0
WISCONSIN,5,1992,234176.0,71085.0,"HAMMERSMITH, DONALDA A.",162344.0,"BARRETT, THOMAS M.",747.0,91259.0,D,24,high,0.0
WISCONSIN,6,2000,275605.0,79205.0,"PETRI,   THOMAS E.",96125.0,"FLAHERTY, DAN",275.0,83080.0,R,24,high,0.36283811977286334
WISCONSIN,6,1998,155669.0,144144.0,"PETRI, THOMAS E.",,,11525.0,144144.0,R,24,high,
WISCONSIN,6,1996,231719.0,169213.0,"PETRI, THOMAS E.",55377.0,"LINDSKOOG, AL",7129.0,113836.0,R,24,high,0.0
WISCONSIN,6,1994,119987.0,119384.0,"PETRI, THOMAS E.",,,603.0,119384.0,R,24,high,
WISCONSIN,6,1992,272137.0,143875.0,"PETRI, THOMAS E.",28232.0,"LAUTENSCHLAGER, PEGGY A.",30.0,15643.0,R,24,high,0.36746197687194315
WISCONSIN,7,2000,273460.0,100264.0,"CRONIN, SEAN",173007.0,"OBEY, DAVID R.",189.0,72743.0,D,24,high,0.0
WISCONSIN,7,1998,190865.0,75049.0,"WEST, SCOTT",115613.0,"OBEY, DAVID R.",203.0,40564.0,D,24,high,0.0
WISCONSIN,7,1996,240898.0,103365.0,"WEST, SCOTT",137428.0,"OBEY, DAVID R.",105.0,34063.0,D,24,high,0.0
WISCONSIN,7,1994,178921.0,81706.0,"WEST, SCOTT",97184.0,"OBEY, DAVID R.",31.0,15478.0,D,24,high,0.0
WISCONSIN,7,1992,257982.0,91772.0,"VANNES, DALE R.",166200.0,"OBEY, DAVID R.",10.0,74428.0,D,24,high,0.0
WISCONSIN,8,2000,283294.0,211388.0,"GREEN, MARK",71575.0,"REICH, DEAN",331.0,139813.0,R,24,high,0.0
WISCONSIN,8,1998,205974.0,112418.0,"GREEN, MARK",93441.0,"IOHNSON, JAY",115.0,18977.0,R,24,high,0.0
WISCONSIN,8,1996,249157.0,119398.0,"PROSSER, DAVID",129551.0,"JOHNSON, JAY",208.0,10153.0,D,24,high,0.0
WISCONSIN,8,1994,179460.0,114319.0,"ROTH, TOBY",65065.0,"GRUSZYNSKI, STAN",76.0,49254.0,R,24,high,0.0
WISCONSIN,8,1992,273532.0,191704.0,"ROTH, TOBY",81792.0,"HELMS, CATHERINE L.",36.0,109912.0,R,24,high,0.0
WISCONSIN,9,2000,323455.0,239498.0,"SENSENBRENNER, F. JAMES",83720.0,"CLAWSON, MIKE",237.0,155778.0,R,24,high,0.0
WISCONSIN,9,1998,192318.0,175533.0,"SENSENBRENNER, F. JAMES",,,16785.0,175533.0,R,24,high,
WISCONSIN,9,1996,265875.0,197910.0,"SENSENBRENNER, F. JAMES",67740.0,"BRENHOLT, FLOYD",225.0,130170.0,R,24,high,0.0
WISCONSIN,9,1994,141953.0,141617.0,"SENSENBRENNER, F. JAMES",,,336.0,141617.0,R,24,high,
WISCONSIN,9,1992,276787.0,192898.0,"SENSENBRENNER, F. JAMES",77362.0,"BUXTON, INGRID K.",6527.0,115536.0,R,24,high,0.0
WYOMING,AL,2000,212312.0,141848.0,"CUBIN, BARBARA",60638.0,"GREEN, MICHAEL ALLEN",9826.0,81210.0,R,24,high,0.0
WYOMING,AL,1998,174219.0,100687.0,"CUBIN, BARBARA",67399.0,"FARRIS, SCOTT",6133.0,33288.0,R,24,high,0.0
WYOMING,AL,1996,209983.0,116004.0,"CUBIN, BARBARA",85724.0,"MAXFIELD, PETE",8255.0,30280.0,R,24,high,0.0
WYOMING,AL,1994,196197.0,104426.0,"CUBIN, BARBARA",81022.0,"SCHUSTER, BOB",10749.0,23404.0,R,24,high,0.0
WYOMING,AL,1992,196977.0,113882.0,"THOMAS, CRAIG",77418.0,"HERSCHLER, ON",5677.0,36464.0,R,24,high,0.0
WYOMING,AL,1990,158055.0,87078.0,"THOMAS, CRAIG",70977.0,"MAXFIELD, PETE",,16101.0,R,24,high,
WYOMING,AL,1988,177651.0,118350.0,"CHENEY, RICHARD",56527.0,"SHARRATT, BRYAN",2774.0,61823.0,R,24,high,0.0
WYOMING,AL,1986,159787.0,111007.0,"CHENEY, RICHARD",48780.0,"CILMORE, RICK",,62227.0,R,24,high,
WYOMING,AL,1984,187904.0,138234.0,"CHENEY, RICHARD",45857.0,"MCFADDEN, HUGH B.",3813.0,92377.0,R,24,high,0.0
WYOMING,AL,1982,159277.0,113236.0,"CHENEY, RICHARD",46041.0,"HOMMEL, THEODORE H.",,67195.0,R,24,high,
WYOMING,AL,1980,169699.0,116361.0,"CHENEY, RICHARD",53338.0,"ROGERS, JIM",,63023.0,R,24,high,
WYOMING,AL,1978,129377.0,75855.0,"CHENEY, RICHARD",53522.0,"BAGLEY, BILL",,22333.0,R,24,high,
WYOMING,AL,1976,151868.0,66147.0,"HART, LARRY",85721.0,"RONCALIO, TENO",,19574.0,D,24,high,
WYOMING,AL,1974,126933.0,57499.0,"STROOCK, TOM",69434.0,"RONCALIO, TENO",,11935.0,D,24,high,
WYOMING,AL,1972,146299.0,70667.0,"KIDD, WILLIAM",75632.0,"RONCALIO, TENO",,4965.0,D,24,high,
WYOMING,AL,1970,116304.0,57848.0,"ROBERTS, HARRY",58456.0,"RONCALIO, TENO",608.0,,,24,high,0.005227679185582611
WYOMING,AL,1968,123313.0,77363.0,"WOLD, JOHN S.",45950.0,"LINFORD, VELMA",,31413.0,R,24,high,
WYOMING,AL,1966,119426.0,62984.0,"HARRISON, WILLIAM H.",56442.0,"CHRISTIAN, AL",,6542.0,R,24,high,
WYOMING,AL,1964,139175.0,68482.0,"HARRISON, WILLIAM H.",70693.0,"RONCALIO, TENO",,2211.0,D,24,high,
WYOMING,AL,1962,116474.0,71489.0,"HARRISON, WILLIAM H.",44985.0,"MANKUS, LOUIS A.",,26504.0,R,24,high,
WYOMING,AL,1960,134331.0,70241.0,"HARRISON, WILLIAM H.",64090.0,"ARMSTRONG, H. T",,6151.0,R,24,high,
WYOMING,AL,1958,111780.0,59894.0,"THOMSON, E. KEITH",51886.0,"WHITAKER, RAY",,8008.0,R,24,high,
WYOMING,AL,1956,120128.0,69903.0,"THOMSON, E. KEITH",50225.0,"O'CALLAGHAN, JERRY",,19678.0,R,24,high,
WYOMING,AL,1954,108771.0,61111.0,"THOMSON, E. KEITH",47660.0,"TULLY, SAM",,13451.0,R,24,high,
WYOMING,AL,1952,126720.0,76161.0,"HARRISON, WILLIAM H.",50559.0,"ROSE, ROBERT R",,25602.0,R,24,high,
WYOMING,AL,1950,93348.0,50865.0,"HARRISON, WILLIAM H.",42483.0,"CLARK, JOHN B.",,8382.0,R,24,high,
ALABAMA,1,2010,156281.0,129063.0,"BONNER, JO*",,,27218.0,129063.0,R,29,high,
ALABAMA,1,2008,214367.0,210660.0,"BONNER, JO*",,,3707.0,210660.0,R,29,high,
ALABAMA,1,2006,165841.0,112944.0,"BONNER, JO*",52770.0,"BECKERLE, VIVIAN SHEFFIELD",127.0,60174.0,R,29,high,0.0
ALABAMA,1,2004,255164.0,161067.0,"BONNER, JO*",93938.0,"BELK, JUDY McCAIN",159.0,67129.0,R,29,high,0.0
ALABAMA,1,2002,178687.0,108102.0,"BONNER, JO",67507.0,"BELK, JUDY McCAIN",3078.0,40595.0,R,29,high,0.0
ALABAMA,2,2010,219028.0,111645.0,"ROBY, MARTHA",106865.0,"BRIGHT, BOBBY*",518.0,4780.0,R,29,high,0.0
ALABAMA,2,2008,287394.0,142578.0,"LOVE, JAY",144368.0,"BRIGHT, BOBBY",448.0,1790.0,D,29,high,0.0
ALABAMA,2,2006,178919.0,124302.0,"EVERETT, TERRY*",54450.0,"JAMES, CHARLES ""CHUCK"" DEAN",167.0,69852.0,R,29,high,0.0
ALABAMA,2,2004,247947.0,177086.0,"EVERETT, TERRY*",70562.0,"JAMES, CHARLES ""CHUCK"" DEAN",299.0,106524.0,R,29,high,0.0
ALABAMA,2,2002,187965.0,129233.0,"EVERETT, TERRY*",55495.0,"WOODS, CHARLES",3237.0,73738.0,R,29,high,0.0
ALABAMA,3,2010,198139.0,117736.0,"ROGERS, MIKE D.*",80204.0,"SEGREST, STEVE",199.0,37532.0,R,29,high,0.0
ALABAMA,3,2008,264120.0,142708.0,"ROGERS, MIKE D.*",121080.0,"SEGALL, JOSHUA",332.0,21628.0,R,29,high,0.0
ALABAMA,3,2006,165301.0,98257.0,"ROGERS, MIKE D.*",63559.0,"PIERCE, GREG A.",3485.0,34698.0,R,29,high,0.0
ALABAMA,3,2004,245784.0,150411.0,"ROGERS, MIKE D.*",95240.0,"FULLER, BILL",133.0,55171.0,R,29,high,0.0
ALABAMA,3,2002,181223.0,91169.0,"ROGERS, MIKE D.",87351.0,"TURNHAM, JOE",2703.0,3818.0,R,29,high,0.0
ALABAMA,4,2010,169721.0,167714.0,"ADERHOLT, ROBERT B.*                   a",,,2007.0,167714.0,R,29,high,
ALABAMA,4,2008,263167.0,196741.0,"ADERHOLT, ROBERT B.*",66077.0,"SPARKS, NICHOLAS B.",349.0,130664.0,R,29,high,0.0
ALABAMA,4,2006,183072.0,128484.0,"ADERHOLT, ROBERT B.*",54382.0,"BOBO, BARBARA",206.0,74102.0,R,29,high,0.0
ALABAMA,4,2004,255724.0,191110.0,"ADERHOLT, ROBERT B.*",64278.0,"COLE, CARL",336.0,126832.0,R,29,high,0.0
ALABAMA,4,2002,161101.0,139705.0,"ADERHOLT, ROBERT B.*",,,21396.0,139705.0,R,29,high,
ALASKA,AL,2010,254335.0,175384.0,"YOUNG, DON*",77606.0,"CRAWFORD, HARRY T.",1345.0,97778.0,R,29,high,0.0
ALASKA,AL,2008,316978.0,158939.0,"YOUNG, DON*",142560.0,BERKOWITZ. ETHAN A.,15479.0,16379.0,R,29,high,0.0
ALASKA,AL,2006,234645.0,132743.0,"YOUNG, DON*",93879.0,"BENSON, DIANE E.",8023.0,38864.0,R,29,high,0.0
ALASKA,AL,2004,299996.0,213216.0,"YOUNG, DON*",67074.0,"HIGGINS, THOMAS M.",19706.0,146142.0,R,29,high,0.0
ALASKA,AL,2002,227725.0,169685.0,"YOUNG, DON*",39357.0,"GREENE, CLIFFORD",18683.0,130328.0,R,29,high,0.0
ALASKA,AL,2000,274393.0,190862.0,"YOUNG, DON*",45372.0,"GREENE, CLIFFORD",38159.0,145490.0,R,29,high,0.0
ALASKA,AL,1998,223300.0,139676.0,"YOUNG, DON*",77232.0,"DUNCAN, JIM",6392.0,62444.0,R,29,high,0.0
ALASKA,AL,1996,233700.0,138834.0,"YOUNG, DON*",85114.0,"LINCOLN, GEORGIANNA",9752.0,53720.0,R,29,high,0.0
ALASKA,AL,1994,208240.0,118537.0,".        YOUNG, DON*",68172.0,"SMITH, TONY",21531.0,50365.0,R,29,high,0.0
ALASKA,AL,1992,239116.0,111849.0,"YOUNG, DON*",102378.0,"DEVENS, JOHN S.",24889.0,9471.0,R,29,high,0.0
ALASKA,AL,1990,191647.0,99003.0,"YOUNG, DON*",91677.0,"DEVENS, JOHN S.",967.0,7326.0,R,29,high,0.0
ALASKA,AL,1988,192955.0,120595.0,"YOUNG, DON*",71881.0,"GRUENSTEIN, PETER",479.0,48714.0,R,29,high,0.0
ALASKA,AL,1986,180277.0,101799.0,"YOUNG, DON*",74053.0,"BEGICH, PEGGE",4425.0,27746.0,R,29,high,0.0
ALASKA,AL,1984,206437.0,113582.0,"YOUNG, DON*",86052.0,"BEGICH, PEGGE",6803.0,27530.0,R,29,high,0.0
ALASKA,AL,1982,181084.0,128274.0,"YOUNG, DON*",52011.0,"CARLSON, DAVE",799.0,76263.0,R,29,high,0.0
ALASKA,AL,1980,154618.0,114089.0,"YOUNG, DON*",39922.0,"PARNELL, KEVIN",607.0,74167.0,R,29,high,0.0
ALASKA,AL,1978,124187.0,68811.0,"YOUNG, DON*",55176.0,"RODNEY, PATRICK",200.0,13635.0,R,29,high,0.0
ALASKA,AL,1976,118208.0,83722.0,"YOUNG, DON*",34194.0,"HOPSON, EBEN",292.0,49528.0,R,29,high,0.0
ALASKA,AL,1974,95921.0,51641.0,"YOUNG, DON*",44280.0,"HENSLEY, WILLIAM L.",,7361.0,R,29,high,
ALASKA,AL,1972,95401.0,41750.0,"YOUNG, DON",53651.0,"BEGICH, NICK*",,11901.0,D,29,high,
ALASKA,AL,1970,80084.0,35947.0,"MURKOWSKI, FRANK H.",44137.0,"BEGICH, NICK",,8190.0,D,29,high,
ALASKA,AL,1968,80362.0,43577.0,"POLLOCK, HOWARD W.*",36785.0,"BEGICH, NICK",,6792.0,R,29,high,
ALASKA,AL,1966,65907.0,34040.0,"POLLOCK, HOWARD W.",31867.0,"RIVERS, RALPH J.*",,2173.0,R,29,high,
ALASKA,AL,1964,67146.0,32556.0,"THOMAS, LOWELL",34590.0,"RIVERS, RALPH .*",,2034.0,D,29,high,
ALASKA,AL,1962,58591.0,26638.0,"THOMAS, LOWELL",31953.0,"RIVERS, RALPH J.*",,5315.0,D,29,high,
ALASKA,AL,1960,59063.0,25517.0,"RETTIG, RL.",33546.0,"RIVERS, RALPH J.*",,8029.0,D,29,high,
ALASKA,AL,1958,48647.0,20699.0,"BENSON, HENRY A.",27948.0,"RIVERS, RALPHJ.",,7249.0,D,29,high,
ARKANSAS,1,2010,180016.0,93224.0,"CRAWFORD, RICK",78267.0,"CAUSEY, CHAD",8525.0,14957.0,R,29,high,0.0
ARKANSAS,1,2008,,,,,,,,,29,high,
ARKANSAS,1,2006,184188.0,56611.0,"STUMBAUGH, MICKEY",127577.0,"BERRY, MARION*",,70966.0,D,29,high,
ARKANSAS,1,2004,243944.0,81556.0,"HUMPHREY, VERNON",162388.0,"BERRY, MARION*",,80832.0,D,29,high,
ARKANSAS,1,2002,194058.0,64357.0,"ROBINSON, TOMMYF.",129701.0,"BERRY, MARION*",,65344.0,D,29,high,
ARKANSAS,2,2010,210852.0,122091.0,"GRIFFIN, TIM",80687.0,"ELLIOTT, JOYCE",8074.0,41404.0,R,29,high,0.0
ARKANSAS,2,2008,277366.0,,,212303.0,"SNYDER, VIC*",65063.0,212303.0,D,29,high,
ARKANSAS,2,2006,206303.0,81432.0,"MAYBERRY, ANDY",124871.0,"SNYDER, VIC*",,43439.0,D,29,high,
ARKANSAS,2,2004,276493.0,115655.0,"PARKS, MARVIN",160834.0,"SNYDER, VIC*",,45179.0,D,29,high,
ARKANSAS,2,2002,153626.0,,,142752.0,".  SNYDER, VIC*",10874.0,142752.0,D,29,high,
ARKANSAS,3,2010,205123.0,148581.0,"WOMACK, STEVE",56542.0,WHITAKER,,92039.0,R,29,high,
ARKANSAS,3,2008,274046.0,215196.0,"BOOZMAN, JOHN*",,,58850.0,215196.0,R,29,high,
ARKANSAS,3,2006,200924.0,125039.0,"BOOZMAN, JOHN*",75885.0,ANDERSON,49.0,,,29,high,0.00024387330532937826
ARKANSAS,3,2004,270803.0,160629.0,"BOOZMAN, JOHN*",103158.0,"JUDY, JAN",7016.0,57471.0,R,29,high,0.0
ARKANSAS,3,2002,143055.0,141478.0,"BOOZMAN, JOHN*",,,1577.0,141478.0,R,29,high,
ARKANSAS,4,2008,235781.0,,,203178.0,"ROSS, MIKE*",32603.0,203178.0,D,29,high,
ARKANSAS,4,2006,171596.0,43360.0,"ROSS, JOE",128236.0,"ROSS, MIKE*",,84876.0,D,29,high,
ARKANSAS,4,2004,,,,,,,,,29,high,
ARKANSAS,4,2002,197537.0,77904.0,"DICKEY, JAY",119633.0,"ROSS, MIKE*",,41729.0,D,29,high,
ARKANSAS,4,2010,774125.0,,,,,,117447.0,R,29,high,
ARKANSAS,18,2010,,,,,,,,,29,high,
CALIFORNIA,1,2010,234592.0,72803.0,"HANKS, LOREN",147307.0,"THOMPSON,       MIKE*",14482.0,74504.0,D,29,high,0.0
CALIFORNIA,1,2008,290472.0,67853.0,"STARKEWOLF, ZANE",197812.0,"THOMPSON,       MIKE*",24807.0,129959.0,D,29,high,0.0
CALIFORNIA,1,2006,218044.0,63194.0,".     JONES, JOHN W.",144409.0,"THOMPSON,       MIKE*",10441.0,81215.0,D,29,high,0.0
CALIFORNIA,1,2004,282971.0,79970.0,"WIESNER, LAWRENCE R.",189366.0,"THOMPSON,       MIKE*",13635.0,109396.0,D,29,high,0.0
CALIFORNIA,2,2010,228940.0,130837.0,"HERGER, WALLY*",98092.0,"REED, JIM",11.0,32745.0,R,29,high,0.0
CALIFORNIA,2,2008,282337.0,163459.0,"HERGER, WALLY*",118878.0,"MORRIS, JEFF",,44581.0,R,29,high,
CALIFORNIA,2,2006,210202.0,134911.0,"HERGER, WALLY*",68234.0,"SEKHON, A.",7057.0,66677.0,R,29,high,0.0
CALIFORNIA,2,2004,272429.0,182119.0,"HERGER, WALLY*",90310.0,"JOHNSON, MIKE",,91809.0,R,29,high,
CALIFORNIA,2,2002,178985.0,117747.0,"HERGER, WALLY*",52455.0,"JOHNSON, MIKE",8783.0,65292.0,R,29,high,0.0
CALIFORNIA,3,2010,261938.0,131169.0,"LUNGREN, DAN*",113128.0,"BERA, AMI",17641.0,18041.0,R,29,high,0.0
CALIFORNIA,3,2008,314046.0,155424.0,"LUNGREN, DAN*",137971.0,"DURSTON, BILL",20651.0,17453.0,R,29,high,0.0
CALIFORNIA,3,2006,228169.0,135709.0,"LUNGREN, DAN*",86318.0,"DURSTON, BILL",6142.0,49391.0,R,29,high,0.0
CALIFORNIA,3,2004,287073.0,177738.0,"LUNGREN, DAN",100025.0,"CASTILLO, GABE",9310.0,77713.0,R,29,high,0.0
CALIFORNIA,3,2002,194918.0,9121.0,OSE DOUG,7332.0,"BEEMAN, HOWARD",67136.0,54596.0,R,29,high,0.5711581280333269
CALIFORNIA,4,2010,304229.0,186397.0,"McCLINTOCK, TOM",95653.0,"CURTIS, CLINT",22.0,90744.0,R,29,high,0.0728300063439054
CALIFORNIA,4,2008,369780.0,185790.0,"McCLINTOCK, TOM",183990.0,"BROWN, CHARLIE",,1800.0,R,29,high,
CALIFORNIA,4,2006,276893.0,135818.0,"DOOLITTLE, JOHN T.*",126999.0,"BROWN, CHARLIE",14076.0,8819.0,R,29,high,0.0
CALIFORNIA,4,2004,339369.0,221926.0,"DOOLITTLE, JOHN T.*",117443.0,"WINTERS, DAVID .",,104483.0,R,29,high,
CALIFORNIA,4,2002,228506.0,147997.0,"DOOLITTLE, JOHN T.*",72860.0,"NORBERG, MARK A.",7649.0,75137.0,R,29,high,0.0
CALIFORNIA,5,2010,172410.0,43577.0,"SMITH, PAULA.",124220.0,"MATSUI, DORIS*",4613.0,80643.0,D,29,high,0.0
CALIFORNIA,5,2008,55.0,46002.0,meee Ih',164242.0,"SMITH, PAUL A.",10911.0,118240.0,D,29,high,4020.0
CALIFORNIA,5,2006,149266.0,35106.0,"YAN, CLAIRE",105676.0,"MATSUI, DORIS*",8484.0,70570.0,D,29,high,0.0
CALIFORNIA,5,2004,193387.0,45120.0,"DUGAS, MIKE",138004.0,"MATSUI, ROBERT T.*",10263.0,92884.0,D,29,high,0.0
CALIFORNIA,6,2008,320362.0,77073.0,"HALLIWELL, MIKE",229672.0,"WOOLSEY,     LYNN*",13617.0,152599.0,D,29,high,0.0
CALIFORNIA,6,2006,246628.0,64405.0,"HOOPER, TODD",173190.0,"WOOLSEY,     LYNN*",9033.0,108785.0,D,29,high,0.0
CALIFORNIA,6,2004,311667.0,85244.0,"ERICKSON, PAUL L.",226423.0,"WOOLSEY,     LYNN*",,141179.0,D,29,high,
CALIFORNIA,6,2002,209563.0,62052.0,"ERICKSON, PAUL L.",139750.0,"WOOLSEY,     LYNN*",7761.0,77698.0,D,29,high,0.0
CALIFORNIA,7,2010,178916.0,56798.0,"TUBBS, RICK",122118.0,"MILLER, GEORGE*",,65320.0,D,29,high,
CALIFORNIA,7,2008,234773.0,51166.0,"PETERSEN, ROGER ALLEN",170962.0,"MILLER, GEORGE*",12645.0,119796.0,D,29,high,0.0
CALIFORNIA,7,2006,140486.0,,,118000.0,"MILLER, GEORGE*",22486.0,118000.0,D,29,high,
CALIFORNIA,7,2002,8138376.0,36584.0,"HARGRAVE, CHARLES",97849.0,"MILLER, GEORGE*",3943.0,61265.0,D,29,high,0.9829970991755603
CALIFORNIA,8,2020,209696.0,31711.0,"DENNIS, JOHN",167957.0,"PELOS, NANCY*",10028.0,136246.0,D,29,high,0.0
CALIFORNIA,8,2008,285247.0,27614.0,"WALSH, DANA",204996.0,"PELOSI, NANCY*",52637.0,177382.0,D,29,high,0.0
CALIFORNIA,8,2006,184639.0,19800.0,"DeNUNZIO, MIKE",148435.0,"PELOS, NANCY*",16404.0,128635.0,D,29,high,0.0
CALIFORNIA,8,2004,270064.0,31074.0,"DEPALMA, JENNIFER",224017.0,"PELOSI, NANCY*",14973.0,192943.0,D,29,high,0.0
CALIFORNIA,8,2002,160441.0,20063.0,"GERMAN, G. MICHAEL",127684.0,"PELOSI, NANCY*",12694.0,107621.0,D,29,high,0.0
CALIFORNIA,9,2010,214085.0,23054.0,"HASHIMOTO, GERALD",180400.0,"LEE, BARBARA*",10631.0,157346.0,D,29,high,0.0
CALIFORNIA,9,2008,277600.0,26917.0,"HARGRAVE, CHARLES",238915.0,"LEE, BARBARA*",11768.0,211998.0,D,29,high,0.0
CALIFORNIA,9,2006,193686.0,20786.0,"den DULK, JOHN .D.",167245.0,"LEE, BARBARA*",5655.0,146459.0,D,29,high,0.0
CALIFORNIA,9,2004,255039.0,31278.0,"BERMUDEZ, CLAUDIA",215630.0,"LEE, BARBARA*",8131.0,184352.0,D,29,high,0.0
CALIFORNIA,9,2002,166917.0,25333.0,"UDINSKY, JERRY",135893.0,"LEE, BARBARA*",5691.0,110560.0,D,29,high,0.0
COLORADO,1,2010,207751.0,59747.0,"FALLON, MIKE",140073.0,"DeGETTE, DIANA*",7931.0,80326.0,D,29,high,0.0
COLORADO,1,2008,283246.0,67345.0,"LILLY, GEORGE C.",203755.0,"DeGETTE, DIANA*",12146.0,136410.0,D,29,high,0.0
COLORADO,1,2006,162271.0,,,129446.0,"DeGETTE, DIANA*",32825.0,129446.0,D,29,high,
COLORADO,1,2004,240929.0,58659.0,"CHICAS, ROLAND",177077.0,"DeGETTE, DIANA*",5193.0,118418.0,D,29,high,0.0
COLORADO,1,2002,168564.0,49884.0,"CHLOUBER, KEN",111718.0,"DeGETTE, DIANA*",6962.0,61834.0,D,29,high,0.0
DELAWARE,AL,2010,305636.0,125442.0,"URQUHART, GLEN",173543.0,"CARNEY, JOHN C., JR.",6651.0,48101.0,D,29,high,0.0
DELAWARE,AL,2008,385457.0,235437.0,".     CASTLE, MICHAELN.*",146434.0,HARTLEYNAGLE,3586.0,89003.0,R,29,high,0.0
DELAWARE,AL,2006,251694.0,143897.0,".     CASTLE, MICHAEL N.*",97565.0,"SPIVACK, DENNIS",10232.0,46332.0,R,29,high,0.0
DELAWARE,AL,2004,356045.0,245978.0,"CASTLE, MICHAELN.*",105716.0,"DONNELLY, PAUL",35.0,140262.0,R,29,high,0.01212206322234549
DELAWARE,AL,2002,228405.0,164605.0,"CASTLE, MICHAEL N.*",61011.0,"MILLER, MICHEAL C.",2789.0,103594.0,R,29,high,0.0
DELAWARE,AL,2000,313171.0,211797.0,"CASTLE, MICHAEL N.*",96488.0,"MILLER, MICHEAL C.",4886.0,115309.0,R,29,high,0.0
DELAWARE,AL,1998,180527.0,119811.0,"CASTLE, MICHAEL N.*",57446.0,"WILLIAMS, DENNIS E.",3270.0,62365.0,R,29,high,0.0
DELAWARE,AL,1996,266836.0,185576.0,"CASTLE, MICHAEL N.*",73253.0,"WILLIAMS, DENNIS E.",8007.0,,,29,high,0.0
DELAWARE,AL,1994,195037.0,137960.0,"CASTLE, MICHAEL N.*",51803.0,DESANTIS,5274.0,86157.0,R,29,high,0.0
DELAWARE,AL,1992,276157.0,153037.0,".      CASTLE, MICHAEL N.",117426.0,"WOO, S.B.",5694.0,35611.0,R,29,high,0.0
DELAWARE,AL,1990,177432.0,58037.0,"WILLIAMS, RALPH O.",116274.0,"CARPER, THOMAS R.*",3121.0,,,29,high,0.0
DELAWARE,AL,1988,234517.0,76179.0,"KRAPF, JAMES P.",158338.0,"CARPER, THOMAS R.*",,82159.0,D,29,high,
DELAWARE,AL,1984,243014.0,100650.0,"duPONT, ELISE",142070.0,"CARPER, THOMAS R.*",294.0,41420.0,D,29,high,0.0
DELAWARE,AL,1982,188064.0,87153.0,"EVANS, THOMAS B.*",98533.0,"CARPER, THOMAS R.",2378.0,11380.0,D,29,high,0.0
DELAWARE,AL,1980,216629.0,133842.0,"EVANS, THOMAS B.*",81227.0,".     MAXWELL, ROBERT L.",1560.0,52615.0,R,29,high,0.0
DELAWARE,AL,1978,157566.0,91689.0,"EVANS, THOMAS B.*",64863.0,"HINDES, GARY E.",1014.0,26826.0,R,29,high,0.0
DELAWARE,AL,1976,214799.0,110677.0,".   EVANS, THOMAS B.",102431.0,"SHIPLEY, SAMUEL L.",1691.0,8246.0,R,29,high,0.0
DELAWARE,AL,1974,160328.0,93826.0,"duPONT, PIERRE*",63490.0,"SOLES, JAMES",3012.0,30336.0,R,29,high,0.0
DELAWARE,AL,1972,225851.0,141237.0,"duPONT, PIERRE*",83230.0,"HANDLOFF, NORMA",1384.0,58007.0,R,29,high,0.0
DELAWARE,AL,1970,160313.0,86125.0,"duPONT, PIERRE",71429.0,"DANIELLO, JOHN D.",2759.0,14696.0,R,29,high,0.0
DELAWARE,AL,1968,200820.0,117827.0,"ROTH, WILLIAM V.*",82993.0,"McDOWELL, HARRIS B.",,34834.0,R,29,high,
DELAWARE,AL,1966,163103.0,90961.0,"ROTH, WILLIAM V.",72142.0,"McDOWELL, HARRIS B.*",,18819.0,R,29,high,
DELAWARE,AL,1964,198691.0,86254.0,"SNOWDEN, JAMESH.",112361.0,"McDOWELL, HARRIS B.*",76.0,26107.0,D,29,high,0.0
DELAWARE,AL,1962,153356.0,71934.0,"WILLIAMS, WILMER F.",81166.0,"McDOWELL, HARRIS B.*",256.0,9232.0,D,29,high,0.0
DELAWARE,AL,1960,194564.0,96337.0,"McKINSTRY, JAMES T.",98227.0,"McDOWELL, HARRIS B.*",,1890.0,D,29,high,
DELAWARE,AL,1958,152896.0,76099.0,"HASKELL, HARRY G.*",76797.0,"McDOWELL, HARRIS B.",698.0,,,29,high,0.004565194642109669
DELAWARE,AL,1956,176182.0,91538.0,"HASKELL, HARRY G.",84644.0,"McDOWELL, HARRIS B.*",,6894.0,R,29,high,
DELAWARE,AL,1954,144236.0,65035.0,"MARTIN, LILLIAN",79201.0,"McDOWELL, HARRIS B.",,14166.0,D,29,high,
DELAWARE,AL,1952,170015.0,88285.0,"WARBURTON, H.B.",81730.0,"SCANNELL, JOSEPH S.",,6555.0,R,29,high,
DELAWARE,AL,1950,129404.0,73313.0,"BOGGS, J. CALEB*",56091.0,"WINCHESTER, H.M.",,17222.0,R,29,high,
FLORIDA,1,2010,213526.0,,,,,170821.0,,,29,high,
FLORIDA,1,2008,331356.0,232559.0,"MILLER, JEFF*",98797.0,"BRYAN, JAMES JIM",133762.0,,,29,high,0.40368063351802896
FLORIDA,1,2006,198126.0,135786.0,"MILLER, JEFF*",62340.0,"ROBERTS, JOE",73446.0,,,29,high,0.370703491717392
FLORIDA,1,2004,309110.0,236604.0,"MILLER, JEFF*",72506.0,"COUTO, MARK S.",164098.0,,,29,high,0.5308725049335188
FLORIDA,1,2002,204626.0,152635.0,"MILLER, JEFF*",51972.0,"ORAM, BERT",100663.0,,,29,high,0.49184365623136844
FLORIDA,2,2010,254438.0,136371.0,"SOUTHERLAND, STEVE",105211.0,"BOYD, ALLEN*",31160.0,,,29,high,0.07193893993821678
FLORIDA,2,2008,350367.0,133404.0,"MULLIGAN, MARK",216804.0,"BOYD, ALLEN*",83400.0,,,29,high,0.23758230655284315
FLORIDA,2,2006,,,,,,,,,29,high,
FLORIDA,2,2004,326987.0,125399.0,"KILMER, BEV",201577.0,"BOYD, ALLEN*",76178.0,,,29,high,0.23293586595185742
FLORIDA,2,2002,227439.0,75275.0,"McGURK, TOM",152164.0,"BOYD, ALLEN*",76889.0,,,29,high,0.33806427217847423
FLORIDA,3,2008,,,,,,,,,29,high,
FLORIDA,3,2006,,,,,,,,,29,high,
FLORIDA,3,2004,174156.0,,,,,1323.0,,,29,high,
FLORIDA,3,2002,8149213.0,60747.0,"CARROLL, JENIFER",88462.0,"BROWN,    CORRINE*",27715.0,,,29,high,0.9782894372744951
FLORIDA,4,2010,230845.0,,,,,52607.0,,,29,high,
FLORIDA,4,2008,343442.0,224112.0,"CRENSHAW,     ANDER*",119330.0,"McGOVERN, JAY",104782.0,,,29,high,0.3050937276163079
FLORIDA,4,2006,203479.0,141759.0,"CRENSHAW,     ANDER*",61704.0,"HARMS, ROBERTJ.",16.0,,,29,high,0.0
FLORIDA,4,2004,257327.0,,,,,1170.0,,,29,high,
FLORIDA,4,2002,171661.0,,,,,509.0,,,29,high,
FLORIDA,5,2008,433632.0,265186.0,"BROWNWAITE, GINNY*",168446.0,"RUSSELL, JOHN",96740.0,,,29,high,0.2230923917054092
FLORIDA,5,2006,271380.0,162421.0,"BROWNWAITE, GINNY*",108959.0,"RUSSELL, JOHN",53462.0,,,29,high,0.19700051588178938
FLORIDA,5,2004,364488.0,240315.0,"BROWNWAITE, GINNY*",124140.0,"WHITTEL, ROGER G.",33.0,,,29,high,0.0
FLORIDA,5,2002,254671.0,121998.0,"BROWNWAITE, GINNY",117758.0,"THURMAN, KAREN L.*",14915.0,,,29,high,0.0
FLORIDA,6,2010,250981.0,,,,,71632.0,,,29,high,
FLORIDA,6,2008,374957.0,228302.0,"STEARNS, CLIFF*",146655.0,"CUNHA, TIM",81647.0,,,29,high,0.2177503020346333
FLORIDA,6,2006,228129.0,136601.0,"STEARNS, CLIFF*",91528.0,"BRUDERLY, DAVID E.",45073.0,,,29,high,0.19757680961210544
FLORIDA,6,2004,327853.0,211137.0,"STEARNS, CLIFF*",116680.0,"BRUDERLY, DAVID E.",36.0,,,29,high,0.0
FLORIDA,6,2002,216616.0,141570.0,"STEARNS, CLIFF*",75046.0,"BRUDERLY, DAVID E.",66524.0,,,29,high,0.3071056616316431
FLORIDA,7,2010,268676.0,185470.0,"MICA, JOHN L.*",83206.0,"BEAVEN, HEATHER",102264.0,,,29,high,0.3806220131310575
FLORIDA,7,2008,385013.0,238721.0,"MICA, JOHN L.*",146292.0,"ARMITAGE, FAYE",92429.0,,,29,high,0.24006721850950488
FLORIDA,7,2006,237240.0,149656.0,"MICA, JOHN L.*",87584.0,"CHAGNON, JOHN F.",62072.0,,,29,high,0.2616422188501096
FLORIDA,7,2004,,,,,,,,,29,high,
FLORIDA,7,2002,238591.0,142147.0,"MICA, JOHN L.*",96444.0,"HOGAN, WAYNE",45703.0,,,29,high,0.19155374678843712
FLORIDA,8,2010,220244.0,123586.0,"WEBSTER, DANIEL",84167.0,"GRAYSON, ALAN*",12491.0,,,29,high,0.0
FLORIDA,8,2008,332344.0,159490.0,"KELLER, RIC*",172854.0,"GRAYSON, ALAN",13364.0,,,29,high,0.04021134727872325
FLORIDA,8,2006,180444.0,95258.0,"KELLER, RIC*",82526.0,"STUART, CHARLIE",2660.0,,,29,high,0.0
FLORIDA,8,2004,284575.0,172232.0,"KELLER, RIC*",112343.0,"MURRAY, STEPHEN",59889.0,,,29,high,0.2104506720548186
FLORIDA,8,2002,189596.0,123497.0,"KELLER, RIC*",66099.0,"DIAZ, EDDIE",57398.0,,,29,high,0.3027384543977721
FLORIDA,9,2010,231591.0,165433.0,"BILIRAKIS, GUS MICHAEL*",66158.0,"DE PALMA, ANITA",99275.0,,,29,high,0.4286651899253425
FLORIDA,9,2008,348378.0,216591.0,"BILIRAKIS, GUS MICHAEL*",126346.0,"MITCHELL, BILL",90245.0,,,29,high,0.24342524499250814
FLORIDA,9,2006,220013.0,123016.0,"BILIRAKIS, GUS MICHAEL",96978.0,"BUSANSKY, PHYLLIS",26038.0,,,29,high,0.11826119365673847
FLORIDA,9,2004,284278.0,,,,,284035.0,,,29,high,
FLORIDA,9,2002,237008.0,169369.0,"BILIRAKIS, MICHAEL*",67623.0,"KALOGIANIS, CHUCK",101746.0,,,29,high,0.42922601768716667
FLORIDA,10,2010,209256.0,137943.0,"YOUNG,    C.W. BILL*",71313.0,"JUSTICE, CHARLIE",66630.0,,,29,high,0.3184138089230416
FLORIDA,10,2008,301220.0,182781.0,"YOUNG,    C.W. BILL*",118430.0,"HACKWORTH, BOB",64351.0,,,29,high,0.21360467432441405
FLORIDA,10,2006,199445.0,131488.0,"YOUNG,    C.W. BILL*",67950.0,"SIMPSON, SAMM",63538.0,,,29,high,0.3185389455739678
FLORIDA,10,2004,298833.0,207175.0,"YOUNG,    C.W. BILL*",91658.0,"DERRY, ROBERT D. BOB",115517.0,,,29,high,0.38656038657042563
FLORIDA,10,2002,,,,,,,,,29,high,
GEORGIA,1,2010,163719.0,117270.0,"KINGSTON, JACK*",46449.0,"HARRIS, OSCAR L., Il",,70821.0,R,29,high,
GEORGIA,1,2008,249334.0,165890.0,"KINGSTON, JACK*",83444.0,"GILLESPIE, BILL",,82446.0,R,29,high,
GEORGIA,1,2006,,,,,,,,,29,high,
GEORGIA,1,2004,2960763.0,,,,,,678948.0,R,29,high,
GEORGIA,1,2002,1918297.0,,,,,,290138.0,R,29,high,
IDAHO,1,2010,247427.0,126231.0,"LABRADOR, RAUL R.",102135.0,"MINNICK, WALT*",19061.0,24096.0,R,29,high,0.0
IDAHO,1,2008,347585.0,171687.0,"SALI, BILL*",175898.0,"MINNICK, WALT",,4211.0,D,29,high,
IDAHO,1,2006,231974.0,115843.0,"SALI, BILL",103935.0,"GRANT, LARRY",12196.0,11908.0,R,29,high,0.0
IDAHO,1,2004,298589.0,207662.0,".     OTTER, C. L. BUTCH""*",90927.0,"PRESTON, NAOMI",,116735.0,R,29,high,
IDAHO,1,2002,206141.0,120743.0,"OTTER, C. L. BUTCH*",80269.0,"RICHARDSON, BETTY",5129.0,40474.0,R,29,high,0.0
IDAHO,2,2010,199717.0,137468.0,"SIMPSON, MIKE*",48749.0,"CRAWFORD, MIKE",13500.0,88719.0,R,29,high,0.0
IDAHO,2,2008,289655.0,205777.0,"SIMPSON, MIKE*",83878.0,"HOLMES, DEBORAH",,121899.0,R,29,high,
IDAHO,2,2006,213332.0,132262.0,"SIMPSON, MIKE*",73441.0,"HANSEN, JIM",7629.0,58821.0,R,29,high,0.0
IDAHO,2,2004,273837.0,193704.0,"SIMPSON, MIKE*",80133.0,"WITWORTH, LIN                TIS",71.0,,,29,high,0.0002592783298093391
IDAHO,2,2002,198882.0,135605.0,"SIMPSON, MIKE*",57769.0,"KINGHORN, EDWARD",5508.0,77836.0,R,29,high,0.0
ILLINOIS,1,2010,184386.0,29253.0,"WARDINGLEY, RAYMOND G.",148170.0,"RUSH, BOBBY L.*",6963.0,118917.0,D,29,high,0.0
ILLINOIS,1,2008,271397.0,38361.0,"MEMBERS, ANTOINE",233036.0,"RUSH, BOBBY L.*",,194675.0,D,29,high,
ILLINOIS,1,2006,174427.0,27804.0,"TABOUR, JASON E.",146623.0,"RUSH, BOBBY L.*",,118819.0,D,29,high,
ILLINOIS,1,2004,249949.0,37840.0,"WARDINGLEY, RAYMOND G.",212109.0,"RUSH, BOBBY L.*",,174269.0,D,29,high,
ILLINOIS,1,2002,183656.0,29776.0,"WARDINGLEY, RAYMOND G.",149068.0,"RUSH, BOBBY L.*",4812.0,119292.0,D,29,high,0.0
ILLINOIS,0,2002,84513.0,12778.0,LOPEZCISNEROS,67339.0,"GUTIERREZ, LUIS V*",4396.0,54561.0,D,29,high,0.0
ILLINOIS,17,2006,201186.0,86161.0,"ZINGA, ANDREA",115025.0,"HARE, PHIL",,28864.0,D,29,high,
ILLINOIS,17,2004,284000.0,111680.0,"ZINGA, ANDREA",172320.0,"EVANS, LANE*",,60640.0,D,29,high,
ILLINOIS,17,2002,203612.0,76519.0,"CALDERONE, PETER",127093.0,"EVANS, LANE*",,50574.0,D,29,high,
ILLINOIS,18,2010,221170.0,152868.0,"SCHOCK, AARON*",57046.0,"HIRNER, DEIRDRE DK",11256.0,95822.0,R,29,high,0.0
ILLINOIS,18,2008,310088.0,182589.0,"SCHOCK, AARON",117642.0,"CALLAHAN, COLLEEN",9857.0,64947.0,R,29,high,0.0
ILLINOIS,18,2006,223246.0,150194.0,"LaHOOD, RAY*",73052.0,"WATERWORTH, STEVE",,77142.0,R,29,high,
ILLINOIS,18,2004,307595.0,216047.0,"LaHOOD, RAY*",91548.0,"WATERWORTH, STEVE",,124499.0,R,29,high,
ILLINOIS,18,2002,192567.0,192567.0,"LaHOOD, RAY*",,,,192567.0,R,29,high,
ILLINOIS,19,2010,233298.0,166166.0,"SHIMKUS, JOHN*",67132.0,"BAGWELL, TIM",,99034.0,R,29,high,
ILLINOIS,19,2008,315589.0,203434.0,"SHIMKUS, JOHN*",105338.0,"DAVIS, DANIEL",6817.0,98096.0,R,29,high,0.0
ILLINOIS,19,2006,236352.0,143491.0,"SHIMKUS, JOHN*",92861.0,"STOVER, DANNY L.",,50630.0,R,29,high,
ILLINOIS,19,2004,307754.0,213451.0,"SHIMKUS, JOHN*",94303.0,"BAGWELL, TIM",,119148.0,R,29,high,
ILLINOIS,19,2002,244473.0,133956.0,"SHIMKUS, JOHN*",110517.0,"PHELPS, DAVID*",,23439.0,R,29,high,
INDIANA,1,2010,169707.0,65558.0,"LEYVA, MARK J.",99387.0,"VISCLOSKY, PETER J.*",4762.0,33829.0,D,29,high,0.0
INDIANA,1,2008,282022.0,76647.0,"LEYVA, MARK J.",199954.0,"VISCLOSKY, PETER J.*",5421.0,123307.0,D,29,high,0.0
INDIANA,1,2006,149607.0,40146.0,"LEYVA, MARK J.",104195.0,"VISCLOSKY, PETER J.*",5266.0,64049.0,D,29,high,0.0
INDIANA,1,2004,261264.0,82858.0,"LEYVA, MARK J.",178406.0,"VISCLOSKY, PETER J.*",,95548.0,D,29,high,
INDIANA,1,2002,135111.0,41909.0,"LEYVA, MARK J.",90443.0,"VISCLOSKY, PETER J.*",2759.0,48534.0,D,29,high,0.0
IOWA,1,2010,210902.0,100219.0,"LANGE, BENJAMIN M.",104428.0,"BRALEY, BRUCE*",6255.0,4209.0,D,29,high,0.0
IOWA,1,2008,289.0,629.0,"HARTSUCH, DAVID",102439.0,"BRALEY, BRUCE*",186991.0,84552.0,D,29,high,1002.6643598615917
IOWA,1,2006,207621.0,89729.0,"WHALEN, MIKE",114322.0,"BRALEY, BRUCE",3570.0,24593.0,D,29,high,0.0
IOWA,1,2004,290054.0,159993.0,"NUSSLE, JIM*",125490.0,"GLUBA, BILL",457.0,34503.0,R,29,high,0.014183565818778573
IOWA,1,2002,196455.0,112280.0,"NUSSLE, JIM*",83779.0,"HUTCHINSON, ANN",396.0,28501.0,R,29,high,0.0
IOWA,2,2010,104319.0,115839.0,DOT VS,7017.0,MILLERMEEKS,,11520.0,D,29,high,
IOWA,2,2008,306358.0,118778.0,MILLERMEEKS,175218.0,"LOEBSACK, DAVE*",12362.0,56440.0,D,29,high,0.0
IOWA,2,2006,209586.0,101707.0,"LEACH, JIM*",107683.0,"LOEBSACK, DAVE",196.0,5976.0,D,29,high,0.0
IOWA,2,2004,299881.0,176684.0,"LEACH, JIM*",117405.0,"FRANKER, DAVE",5792.0,59279.0,R,29,high,0.0
IOWA,2,2002,207171.0,108130.0,"LEACH, JIM*",94767.0,"THOMAS, JULIE",4274.0,13363.0,R,29,high,0.0
IOWA,3,2010,240756.0,111925.0,"ZAUN, BRAD",122147.0,"BOSWELL,    LEONARD   L.*",6684.0,10222.0,D,29,high,0.0
IOWA,3,2008,314160.0,132136.0,"SCHMETT, KIM",176904.0,"BOSWELL,    LEONARD   L.*",5120.0,44768.0,D,29,high,0.0
IOWA,3,2006,223287.0,103722.0,"LAMBERTI, JEFF",115769.0,"BOSWELL,    LEONARD   L.*",3796.0,12047.0,D,29,high,0.0
IOWA,3,2004,304319.0,136099.0,"THOMPSON, STAN",168007.0,"BOSWELL,    LEONARD   L.*",213.0,31908.0,D,29,high,0.0
IOWA,3,2002,215985.0,97285.0,"THOMPSON, STAN",115367.0,"BOSWELL,    LEONARD   L.*",3333.0,18082.0,D,29,high,0.0
IOWA,4,2010,232519.0,152588.0,"LATHAM, TOM*",74300.0,"MASKE, BILL",5631.0,78288.0,R,29,high,0.0
IOWA,4,2008,306401.0,185458.0,"LATHAM, TOM*",120746.0,"GREENWALD, BECKY",197.0,64712.0,R,29,high,0.0
IOWA,4,2006,212730.0,121650.0,"LATHAM, TOM*",90982.0,"SPENCER, SELDEN E.",98.0,30668.0,R,29,high,0.0
IOWA,4,2004,297566.0,181294.0,"LATHAM, TOM*",116121.0,"JOHNSON, PAUL W.",151.0,65173.0,R,29,high,0.0
IOWA,4,2002,210774.0,115430.0,"LATHAM, TOM*",90784.0,"NORRIS, JOHN",4560.0,24646.0,R,29,high,0.0
IOWA,5,2010,195239.0,128363.0,"KING, STEVE*",63160.0,"CAMPBELL, MATTHEW",3716.0,65203.0,R,29,high,0.0
IOWA,5,2008,266617.0,159430.0,"KING, STEVE*",99601.0,"HUBLER, ROB",7586.0,59829.0,R,29,high,0.0
IOWA,5,2006,180464.0,105580.0,"KING, STEVE*",64181.0,"SCHULTE, JOYCE",10703.0,41399.0,R,29,high,0.0
IOWA,5,2004,266341.0,168583.0,"KING, STEVE*",97597.0,"SCHULTE, JOYCE",161.0,70986.0,R,29,high,0.0
IOWA,5,2002,182237.0,257.0,"KING, STEVE",68853.0,"SHOMSHOR, PAUL",127.0,,,29,high,0.6200716649198571
KANSAS,1,2010,192886.0,142281.0,"HUELSKAMP, TIM",44.0,"JILKA, ALAN",68.0,,,29,high,0.2617763860518648
KANSAS,1,2008,262027.0,214549.0,"MORAN, JERRY*",34771.0,"BORDONARO, JAMES",12707.0,,,29,high,0.0
KANSAS,1,2006,199378.0,156728.0,"MORAN, JERRY*",39781.0,"DOLL, JOHN",2869.0,,,29,high,0.0
KANSAS,1,2004,264293.0,,,,,24517.0,,,29,high,
KANSAS,1,2002,208561.0,,,,,18585.0,,,29,high,
KENTUCKY,1,2010,215479.0,153519.0,"WHITFIELD, EDWARD*",61960.0,"HATCHETT, CHARLES KENDALL                epoee      I",71.0,,,29,high,0.00032949846620784393
KENTUCKY,1,2008,276786.0,178107.0,"WHITFIELD, EDWARD*",98674.0,"RYAN, HEATHER A.                        Seer          Wy",64.0,,,29,high,0.0002131610702853468
KENTUCKY,1,2006,207483.0,123618.0,"WHITFIELD, EDWARD*",83865.0,"BARLOW, TOM",,39753.0,R,29,high,
KENTUCKY,1,2004,261201.0,175972.0,"WHITFIELD, EDWARD*",85229.0,"CARTWRIGHT, BILLYR.",,90743.0,R,29,high,
KENTUCKY,1,2002,180217.0,117600.0,"WHITFIELD, EDWARD*",62617.0,"ALEXANDER, KLINT",,54983.0,R,29,high,
KENTUCKY,2,2010,229655.0,155906.0,"GUTHRIE, BRETT*",73749.0,"MARKSBERRY, ED",,82157.0,R,29,high,
KENTUCKY,2,2008,302315.0,158936.0,"GUTHRIE, BRETT",143379.0,"BOSWELL, DAVID E.",,15557.0,R,29,high,
KENTUCKY,2,2006,213963.0,118548.0,"LEWIS, RON*",95415.0,"WEAVER, MIKE                                 Pyle    R",55.0,,,29,high,0.0002570537896739156
KENTUCKY,2,2004,272979.0,185394.0,"LEWIS, RON*",87585.0,"SMITH, ADAM",,97809.0,R,29,high,
KENTUCKY,2,2002,176288.0,122773.0,"LEWIS, RON*",51431.0,"WILLIAMS, DAVID L.",2084.0,71342.0,R,29,high,0.0
KENTUCKY,3,2010,255930.0,112627.0,"LALLY, TODD",139940.0,"YARMUTH, JOHN*                   sree        Ae Bis D",44.0,,,29,high,0.01296838979408432
KENTUCKY,3,2008,343370.0,139527.0,"NORTHUP, ANNEM.",203843.0,"YARMUTH, JOHN*",,64316.0,D,29,high,
KENTUCKY,3,2006,241965.0,116568.0,"NORTHUP, ANNEM.*",122489.0,"YARMUTH, JOHN",2908.0,9215.0,D,29,high,0.0
KENTUCKY,3,2004,328139.0,197736.0,"NORTHUP, ANNEM.*",124040.0,"MILLER, TONY",6363.0,73696.0,R,29,high,0.0
KENTUCKY,3,2002,229074.0,118.0,"NORTHUP, ANNEM.*",228.0,"CONWAY, JACK",110846.0,7382.0,R,29,high,0.5146022682626575
KENTUCKY,4,2010,218449.0,151774.0,"DAVIS, GEOFF*",66675.0,"WALTZ, JOHN",,85099.0,R,29,high,
KENTUCKY,4,2008,301759.0,190210.0,"DAVIS, GEOFF*",111549.0,"KELLEY, MICHAEL",,78661.0,R,29,high,
KENTUCKY,4,2006,204767.0,105845.0,"DAVIS, GEOFF*",88822.0,"LUCAS, KEN",10100.0,17023.0,R,29,high,0.0
KENTUCKY,4,2004,295927.0,160982.0,"DAVIS, GEOFF",129876.0,"CLOONEY, NICK",5069.0,31106.0,R,29,high,0.0
KENTUCKY,4,2002,171735.0,81651.0,"DAVIS, GEOFF",87776.0,"LUCAS, KEN*",2308.0,6125.0,D,29,high,0.0
KENTUCKY,5,2010,195053.0,151019.0,"ROGERS,         HAROLD*",44034.0,"HOLBERT, JAMES E.",,106985.0,R,29,high,
KENTUCKY,5,2008,210468.0,177024.0,"ROGERS,         HAROLD*",,,33444.0,177024.0,R,29,high,
KENTUCKY,5,2006,199568.0,147201.0,"ROGERS,         HAROLD*",52367.0,"STEPP, KENNETH",,94834.0,R,29,high,
KENTUCKY,5,2004,177579.0,177579.0,"ROGERS,         HAROLD*",,,,177579.0,R,29,high,
KENTUCKY,5,2002,176240.0,137986.0,"ROGERS,         HAROLD*",38254.0,"BAILEY, SIDNEY JANE",,99732.0,R,29,high,
KENTUCKY,6,2010,239224.0,119165.0,"BARR, GARLAND ANDY",119812.0,"CHANDLER, BEN*",247.0,,,29,high,0.0
KENTUCKY,6,2008,315142.0,111378.0,"LARSON, JON",203764.0,"CHANDLER, BEN*",,92386.0,D,29,high,
KENTUCKY,6,2006,185780.0,,,158765.0,"CHANDLER, BEN*",27015.0,158765.0,D,29,high,
KENTUCKY,6,2004,39299217.0,119716.0,"BUFORD, TOM",175355.0,"CHANDLER, BEN*",4146.0,55639.0,D,29,high,0.9923861841827536
KENTUCKY,6,2002,160688.0,115622.0,"FLETCHER, ERNIE*",,,45066.0,115622.0,R,29,high,
KENTUCKY,18,2010,1044872.0,,,,,,,,29,high,
LOUISIANA,1,2008,,,,,,,,,29,high,
MAINE,1,2010,297657.0,128501.0,"SCONTRAS, DEAN PETER",169114.0,"PINGREE, CHELLIE*",42.0,,,29,high,0.0
MAINE,1,2008,374559.0,168930.0,"SUMMERS, CHARLES E.",205629.0,"PINGREE, CHELLIE",45.0,,,29,high,0.00012014128615251535
MAINE,1,2006,280987.0,88009.0,"CURLEY, DARLENE J.",170949.0,"ALLEN, TOM*",22029.0,,,29,high,0.0
MAINE,1,2004,366740.0,147663.0,"SUMMERS, CHARLES E.",219077.0,"ALLEN, TOM*",40.0,,,29,high,0.00010906909527185472
MAINE,1,2002,270577.0,97931.0,"JOYCE, STEVEN",172646.0,"ALLEN, TOM*",36.0,,,29,high,0.00013304900268685068
MAINE,2,2010,266711.0,119669.0,"LEVESQUE, JASON J.",147042.0,"MICHAUD,       MICHAEL H.*",44.0,,,29,high,0.00016497257330968726
MAINE,2,2008,335542.0,109268.0,"FRARY, JOHN N.",226274.0,"MICHAUD,       MICHAEL H.*",32.0,,,29,high,9.536809102884288e-05
MAINE,2,2006,254878.0,,,,,,75146.0,D,29,high,
MAINE,2,2004,343436.0,135547.0,"HAMEL, BRIAN N.",199303.0,"MICHAUD,       MICHAEL H.*",8586.0,,,29,high,0.0
MAINE,2,2002,224717.0,107849.0,"RAYE, KEVIN L.",116868.0,"MICHAUD, MICHAEL H.",9019.0,,,29,high,0.04013492526155119
MAINE,8,2010,283666.0,,,,,,,,29,high,
MARYLAND,1,2010,286812.0,155118.0,"HARRIS, ANDY",120400.0,"KRATOVIL, FRANK JR.*",11294.0,,,29,high,0.0
MARYLAND,1,2008,360480.0,174213.0,"HARRIS, ANDY",177065.0,"KRATOVIL, FRANK JR.",9202.0,,,29,high,0.0
MARYLAND,1,2006,269147.0,185177.0,"GILCHREST, WAYNE T.*",83738.0,"CORWIN, JIM",232.0,,,29,high,0.0
MARYLAND,1,2004,323526.0,245149.0,"GILCHREST, WAYNE T.*",77872.0,"ALEXAKIS, KOSTAS",505.0,,,29,high,0.0
MARYLAND,1,2002,,,,,,,,,29,high,
MASSACHUSETTS,1,2010,213364.0,74418.0,"GUNN, WILLIAM L., JR.",128011.0,"OLVER, JOHN W.*",10935.0,53593.0,D,29,high,0.0
MASSACHUSETTS,1,2008,296099.0,80067.0,"BECH, NATHAN A.",215696.0,"OLVER, JOHN W.*",336.0,,,29,high,0.0
MASSACHUSETTS,1,2006,206884.0,,,158057.0,"OLVER, JOHN W.*",48827.0,158057.0,D,29,high,
MASSACHUSETTS,1,2004,231747.0,,,229465.0,"OLVER, JOHN W.*",2282.0,229465.0,D,29,high,
MASSACHUSETTS,1,2002,204019.0,66061.0,"KINNAMAN, MATTHEW W.",137841.0,"OLVER, JOHN W.*",117.0,71780.0,D,29,high,0.0
MASSACHUSETTS,2,2010,214124.0,91209.0,"WESLEY, THOMAS A.",122751.0,"NEAL, RICHARD E.*",164.0,931542.0,D,29,high,0.0
MASSACHUSETTS,2,2008,238000.0,234369.0,"NEAL, RICHARD E.*",363.0,sD.,92343098.0,,,29,high,387.9824789915966
MASSACHUSETTS,2,2006,167193.0,,,164939.0,"NEAL, RICHARD E.*",2254.0,164939.0,D,29,high,
MASSACHUSETTS,2,2004,220484.0,,,217682.0,"NEAL, RICHARD E.*",2802.0,217682.0,D,29,high,
MASSACHUSETTS,2,2002,154728.0,,,,,99.0,,,29,high,
MASSACHUSETTS,3,2010,217352.0,85124.0,"LAMB, MARTIN A.",122708.0,"McGOVERN, IM*",9520.0,37584.0,D,29,high,0.0
MASSACHUSETTS,3,2008,231107.0,,,227619.0,"McGOVERN, JIM*",3488.0,227619.0,D,29,high,
MASSACHUSETTS,3,2006,168956.0,,,166973.0,"McGOVERN, JIM*",1983.0,166973.0,D,29,high,
MASSACHUSETTS,3,2004,272412.0,80197.0,"CREWS, RONALD A.",192036.0,"McGOVERN, IM*",179.0,,,29,high,0.0
MASSACHUSETTS,3,2002,157545.0,,,,,1848.0,,,29,high,
MASSACHUSETTS,4,2010,234127.0,101517.0,"BIELAT, SEAN DM",126194.0,"FRANK, BARNEY*",6416.0,24677.0,D,29,high,0.0
MASSACHUSETTS,4,2008,298788.0,75571.0,"SHOLLEY, EARL HENRY",203032.0,"FRANK, BARNEY*",20185.0,127461.0,D,29,high,0.0
MASSACHUSETTS,4,2006,179243.0,,,176513.0,"FRANK, BARNEY*",2730.0,176513.0,D,29,high,
MASSACHUSETTS,4,2004,282039.0,,,219260.0,"FRANK, BARNEY*",62779.0,219260.0,D,29,high,
MASSACHUSETTS,4,2002,167816.0,166125.0,"FRANK, BARNEY*",17691.0,"""       SD",166125.0,,,29,high,1.0852660056252086
MASSACHUSETTS,5,2010,224029.0,94646.0,"GOLNIK, JONATHAN A.",122858.0,"TSONGAS, NIKI*",6525.0,28212.0,D,29,high,0.0
MASSACHUSETTS,5,2008,228907.0,,,225947.0,"TSONGAS, NIKI*",2960.0,225947.0,D,29,high,
MASSACHUSETTS,5,2006,162272.0,,,159120.0,"MEEHAN, MARTIN T.*",3152.0,159120.0,D,29,high,
MASSACHUSETTS,5,2004,268189.0,88232.0,"TIERNEY, THOMAS P.",179652.0,"MEEHAN, MARTIN T.*",3056.0,,,29,high,0.010257691404196294
MASSACHUSETTS,5,2002,203777.0,69337.0,"McCARTHY, CHARLES",122562.0,"MEEHAN, MARTIN T.*",187899.0,,,29,high,0.8637922827404466
MASSACHUSETTS,6,2010,251081.0,107930.0,"HUDAK, BILL",142732.0,"TIERNEY, JOHN F*",419.0,34802.0,D,29,high,0.0
MASSACHUSETTS,6,2008,321312.0,94845.0,"BAKER, RICHARD A.",226216.0,"TIERNEY, JOHN F.*",29.0,,,29,high,0.000690917239318793
MASSACHUSETTS,6,2006,241625.0,72997.0,"BARTON, RICHARD W.",168056.0,"TIERNEY, JOHN F.*",572.0,95059.0,D,29,high,0.0
MASSACHUSETTS,6,2004,305522.0,91597.0,"O'MALLEY, STEPHEN P. JR.",213458.0,"TIERNEY, JOHN F.*",467.0,121861.0,D,29,high,0.0
MASSACHUSETTS,6,2002,238615.0,75462.0,"SMITH, MARK C.",162900.0,"TIERNEY, JOHN F.*",253.0,,,29,high,0.0
MASSACHUSETTS,7,2010,219357.0,73467.0,"DEMBROWSKI, GERRY",145696.0,"MARKEY, EDWARD J.*         NGA",727229.0,,,29,high,3.314391608200331
MASSACHUSETTS,7,2008,280682.0,67978.0,"CUNNINGHAM, JOHN",212304.0,"MARKEY, EDWARD J.*",400.0,144326.0,D,29,high,0.0
MASSACHUSETTS,7,2006,174791.0,,,171902.0,"MARKEY, EDWARD J.*",2889.0,171902.0,D,29,high,
MASSACHUSETTS,7,2004,275099.0,60334.0,"CHASE, KENNETH G.",202399.0,"MARKEY, EDWARD J.*",12366.0,142065.0,D,29,high,0.0
MASSACHUSETTS,7,2002,174037.0,,,170968.0,"MARKEY, EDWARD J.*",3069.0,170968.0,D,29,high,
MASSACHUSETTS,8,2010,137660.0,,,134974.0,"CAPUANO, MICHAEL E.*",2686.0,134974.0,D,29,high,
MASSACHUSETTS,8,2008,188252.0,,,185530.0,"CAPUANO, MICHAEL E.*",2722.0,185530.0,D,29,high,
MASSACHUSETTS,8,2006,138455.0,,,125515.0,"CAPUANO, MICHAEL E.*",12940.0,125515.0,D,29,high,
MASSACHUSETTS,8,2004,168081.0,,,,,2229.0,,,29,high,
MASSACHUSETTS,8,2002,112356.0,,,111861.0,"CAPUANO, MICHAEL E.*",495.0,111861.0,D,29,high,
MASSACHUSETTS,9,2006,217036.0,47114.0,"ROBINSON, JACK E.",169420.0,"LYNCH, STEPHEN F.*         S",20.0,,,29,high,0.002220829724101071
MASSACHUSETTS,9,2004,220312.0,,,218167.0,"LYNCH, STEPHEN F.*",2145.0,218167.0,D,29,high,
MASSACHUSETTS,9,2002,168976.0,,,168055.0,"LYNCH, STEPHEN F.*",921.0,168055.0,D,29,high,
MASSACHUSETTS,10,2010,283197.0,120029.0,"PERRY, JEFFREY DAVIS",132743.0,"KEATING, WILLIAM R.",30425.0,12714.0,D,29,high,0.0
MASSACHUSETTS,10,2008,276673.0,272899.0,"DELAHUNT, BILL*         STA",212899.0,eeD,98.0,,,29,high,0.7562104000028915
MASSACHUSETTS,10,2006,267202.0,78439.0,"BEATTY, JEFFREY K.",171812.0,"DELAHUNT, BILL*",16951.0,,,29,high,0.0
MASSACHUSETTS,10,2004,337070.0,114879.0,"JONES, MICHAELJ.",222013.0,"DELAHUNT, BILL*",178.0,107134.0,D,29,high,0.0
MASSACHUSETTS,10,2002,259002.0,79624.0,"GONZAGA, LUIS",179238.0,"DELAHUNT, BILL*",140.0,99614.0,D,29,high,0.0
MICHIGAN,1,2010,232037.0,120523.0,"BENISHEK, DAN",94824.0,"McDOWELL, GARY",16690.0,25699.0,R,29,high,0.0
MICHIGAN,1,2008,327836.0,107340.0,"CASPERSON, TOM",213216.0,"STUPAK, BART*",7280.0,105876.0,D,29,high,0.0
MICHIGAN,1,2006,259977.0,72753.0,"HOOPER, DON",180448.0,"STUPAK, BART*",6726.0,107695.0,D,29,high,0.00019232470564703802
MICHIGAN,1,2004,322674.0,105706.0,"HOOPER, DON",211571.0,"STUPAK, BART*",5397.0,105865.0,D,29,high,0.0
MICHIGAN,1,2002,222687.0,69254.0,"HOOPER, DON",150701.0,"STUPAK, BART*",2732.0,81447.0,D,29,high,0.0
MICHIGAN,2,2010,228078.0,148864.0,"HUIZENGA, BILL",72118.0,"JOHNSON, FRED",7096.0,76746.0,R,29,high,0.0
MICHIGAN,2,2008,343309.0,214100.0,"HOEKSTRA, PETER*",119506.0,"JOHNSON, FRED",9703.0,94594.0,R,29,high,0.0
MICHIGAN,2,2006,275394.0,183006.0,"HOEKSTRA, PETER*",86950.0,"KOTOS, KIMON",5438.0,96056.0,R,29,high,0.0
MICHIGAN,2,2004,325005.0,225343.0,"HOEKSTRA, PETER*",94040.0,"KOTOS, KIMON",5622.0,131303.0,R,29,high,0.0
MICHIGAN,2,2002,222907.0,156937.0,"HOEKSTRA, PETER*",61749.0,"WRISLEY, JEFF",4221.0,95188.0,R,29,high,0.0
MICHIGAN,3,2010,224063.0,133714.0,"AMASH, JUSTIN",83953.0,"MILES, PAT",6396.0,49761.0,R,29,high,0.0
MICHIGAN,3,2008,333518.0,203799.0,"EHLERS, VERNON     J.*",117961.0,"SANCHEZ, HENRY",11758.0,85838.0,R,29,high,0.0
MICHIGAN,3,2006,271352.0,171212.0,"EHLERS, VERNON     J.*",93846.0,"RINCK, JAMES",6294.0,77366.0,R,29,high,0.0
MICHIGAN,3,2004,322103.0,214465.0,"EHLERS, VERNON     J.*",101395.0,"HICKEY, PETER",6243.0,113070.0,R,29,high,0.0
MICHIGAN,3,2002,218855.0,153131.0,"EHLERS, VERNON     J.*",61987.0,"LYNNES, KATHRYN",3731.0,91144.0,R,29,high,2.7415412030796645e-05
MICHIGAN,4,2010,224354.0,148531.0,"CAMP, DAVE*",68458.0,"CAMPBELL, JERRY",7365.0,80073.0,R,29,high,0.0
MICHIGAN,4,2008,329764.0,204259.0,"CAMP, DAVE*",117665.0,"CONCANNON, ANDREW D.",7840.0,86594.0,R,29,high,0.0
MICHIGAN,4,2006,264245.0,160041.0,"CAMP, DAVE*",100260.0,"HUCKLEBERRY, MIKE",3944.0,59781.0,R,29,high,0.0
MICHIGAN,4,2004,318924.0,205274.0,"CAMP, DAVE*",110885.0,"HUCKLEBERRY, MIKE",2765.0,94389.0,R,29,high,0.0
MICHIGAN,4,2002,218573.0,149090.0,"CAMP, DAVE*",65950.0,"HOLLENBECK, LAWRENCE",3533.0,83140.0,R,29,high,0.0
MICHIGAN,5,2010,202263.0,89680.0,"KUPIEC, JOHN",107286.0,"KILDEE, DALE E.*",5297.0,17606.0,D,29,high,0.0
MICHIGAN,5,2008,315295.0,85017.0,"SAWICKI, MATT",221841.0,"KILDEE, DALE E.*",8437.0,136824.0,D,29,high,0.0
MICHIGAN,5,2006,241691.0,60967.0,"KLAMMER, ERIC",176171.0,"KILDEE, DALE E.*",4553.0,115204.0,D,29,high,0.0
MICHIGAN,5,2004,309915.0,96934.0,"KIRKWOOD, MYRAH",208163.0,"KILDEE, DALE E.*",4818.0,111229.0,D,29,high,0.0
MICHIGAN,5,2002,173339.0,,,158709.0,"KILDEE, DALE E.*",14630.0,158709.0,D,29,high,
MICHIGAN,6,2010,198696.0,123142.0,"UPTON, FRED*",66729.0,"COONEY, DON",8825.0,56413.0,R,29,high,0.0
MICHIGAN,6,2008,319646.0,188157.0,"UPTON, FRED*",123257.0,"COONEY, DON",8232.0,64900.0,R,29,high,0.0
MICHIGAN,6,2006,234583.0,142125.0,"UPTON, FRED*",88978.0,"CLARK, KIM",3480.0,53147.0,R,29,high,0.0
MICHIGAN,6,2004,302158.0,197425.0,"UPTON, FRED*",97978.0,"ELLIOTT, SCOTT",6755.0,99447.0,R,29,high,0.0
MICHIGAN,6,2002,183517.0,126936.0,"UPTON, FRED*",53793.0,"GIGUERE, GARY JR.",2788.0,73143.0,R,29,high,0.0
MICHIGAN,7,2010,225669.0,113185.0,"WALBERG, TIM",102402.0,"SCHAUER, MARK H.*",10082.0,10783.0,R,29,high,0.0
MICHIGAN,7,2008,322286.0,149781.0,"WALBERG, TIM*",157213.0,"SCHAUER, MARK H.",15292.0,7432.0,D,29,high,0.0
MICHIGAN,7,2006,245026.0,122348.0,"WALBERG, TIM",112665.0,"RENIER, SHARON",10013.0,9683.0,R,29,high,0.0
MICHIGAN,7,2004,301642.0,176053.0,"SCHWARZ, JOE",109527.0,"RENIER, SHARON",16062.0,66526.0,R,29,high,0.0
MICHIGAN,7,2002,203069.0,121142.0,"SMITH, NICK*",78412.0,"SIMPSON, MIKE",3515.0,42730.0,R,29,high,0.0
MICHIGAN,8,2010,244894.0,156931.0,"ROGERS, MIKE*",84069.0,"ENDERLE, LANCE",3894.0,72862.0,R,29,high,0.0
MICHIGAN,8,2008,361607.0,204408.0,"ROGERS, MIKE*",145491.0,"ALEXANDER, ROBERT",11708.0,58917.0,R,29,high,0.0
MICHIGAN,8,2006,284471.0,157237.0,"ROGERS, MIKE*",122107.0,"MARCINKOWSKI, JIM",27.0,35130.0,R,29,high,0.017928013751841138
MICHIGAN,8,2004,340423.0,207925.0,"ROGERS, MIKE*",125619.0,"ALEXANDER, ROBERT",6879.0,82306.0,R,29,high,0.0
MICHIGAN,8,2002,230597.0,156525.0,"ROGERS, MIKE*",70920.0,"McALPINE, FRANK",3152.0,85605.0,R,29,high,0.0
MICHIGAN,9,2010,252650.0,119325.0,"RACZKOWSKI, ROCKY",125730.0,"PETERS, GARY C.*",7595.0,6405.0,D,29,high,0.0
MICHIGAN,9,2008,351963.0,150035.0,"KNOLLENBERG, JOE*",183311.0,"PETERS, GARY C.",18617.0,33276.0,D,29,high,0.0
MICHIGAN,9,2006,276180.0,142390.0,"KNOLLENBERG, OE*",127620.0,"SKINNER, NANCY",6170.0,14770.0,R,29,high,0.0
MICHIGAN,9,2004,340799.0,199210.0,"KNOLLENBERG, JOE*",134764.0,"REIFMAN, STEVEN",6825.0,64446.0,R,29,high,0.0
MICHIGAN,9,2002,242880.0,141102.0,"KNOLLENBERG, JOE*",96856.0,"FINK, DAVID",4922.0,44246.0,R,29,high,0.0
MICHIGAN,10,2010,233930.0,168364.0,"MILLER, CANDICE S.*",58530.0,"YANEZ, HENRY",7036.0,109834.0,R,29,high,0.0
MICHIGAN,10,2008,347603.0,230471.0,"MILLER, CANDICE S.*",108354.0,"DENISON, ROBERT",8778.0,122117.0,R,29,high,0.0
MICHIGAN,10,2006,270421.0,179072.0,"MILLER, CANDICE S.*",84689.0,"DENISON, ROBERT",6660.0,94383.0,R,29,high,0.0
MICHIGAN,10,2004,331868.0,227720.0,"MILLER, CANDICE S.*",98029.0,"CASEY, ROB",6119.0,129691.0,R,29,high,0.0
MICHIGAN,10,2002,216928.0,137339.0,"MILLER, CANDICE S.",77053.0,"MARLINGA, CARL",2536.0,60286.0,R,29,high,0.0
MICHIGAN,11,2010,238287.0,141224.0,"McCOTTER, THADDEUS*",91710.0,"MOSHER, NATALIE",5353.0,49514.0,R,29,high,0.0
MICHIGAN,11,2008,345182.0,177461.0,"McCOTTER, THADDEUS*",156625.0,"LARKIN, JOSEPH",11096.0,20836.0,R,29,high,0.0
MICHIGAN,11,2006,265784.0,143658.0,"McCOTTER, THADDEUS*",114248.0,"TRUPIANO, TONY",7878.0,29410.0,R,29,high,0.0
MICHIGAN,11,2004,327216.0,186431.0,"McCOTTER, THADDEUS*",134301.0,"TRURAN, PHILLIP",6484.0,52130.0,R,29,high,0.0
MICHIGAN,11,2002,220405.0,126050.0,"McCOTTER, THADDEUS",87402.0,"KELLEY, KEVIN",6953.0,38648.0,R,29,high,0.0
MICHIGAN,12,2008,312344.0,74565.0,"COPPLE, BERT",225094.0,"LEVIN, SANDER M.*",12.0,,,29,high,0.040573854468150504
MICHIGAN,12,2006,240115.0,62689.0,"SHAFER, RANDELL",168494.0,"LEVIN, SANDER M.*",8932.0,105805.0,D,29,high,0.0
MICHIGAN,12,2004,304134.0,88256.0,"SHAFER, RANDELL",210827.0,"LEVIN, SANDER M.*",5051.0,122571.0,D,29,high,0.0
MICHIGAN,12,2002,206528.0,61502.0,"DEAN, HARVEY",140970.0,"LEVIN, SANDER M.*",4056.0,79468.0,D,29,high,0.0
MICHIGAN,13,2010,127076.0,23462.0,"HAULER, JOHN",100885.0,"CLARKE, HANSEN",2729.0,77423.0,D,29,high,0.0
MICHIGAN,13,2008,225922.0,43098.0,"GUBICS, EDWARD.",167481.0,CHEEKS*,15343.0,124383.0,D,29,high,0.0
MICHIGAN,13,2006,126323.0,,,126308.0,CHEEKS*,15.0,126308.0,D,29,high,
MICHIGAN,13,2004,221654.0,40935.0,"CASSELL, CYNTHIA",173246.0,CHEEKS*,7473.0,132311.0,D,29,high,0.0
MICHIGAN,13,2002,131941.0,,,120869.0,CHEEKS*,11072.0,120869.0,D,29,high,
MICHIGAN,14,2010,150478.0,29902.0,"UKRAINEC, DON",115511.0,"CONYERS, JOHN JR.*",5065.0,85609.0,D,29,high,0.0
MICHIGAN,14,2008,246588.0,,,227841.0,"CONYERS, JOHN JR.*",18747.0,227841.0,D,29,high,
MICHIGAN,14,2006,186122.0,27367.0,"MILES, CHAD",158755.0,"CONYERS, JOHN JR.*",,131388.0,D,29,high,
MICHIGAN,14,2004,254580.0,35089.0,"PEDRAZA, VERONICA",213681.0,"CONYERS, JOHN JR.*",5810.0,178592.0,D,29,high,0.0
MICHIGAN,14,2002,174608.0,26544.0,"STONE, DAVE",145285.0,"CONYERS, JOHN JR.*",2779.0,118741.0,D,29,high,0.0
MICHIGAN,15,2010,208309.0,83488.0,"STEELE, ROB",118336.0,"DINGELL, JOHN D.*",6485.0,34848.0,D,29,high,0.0
MICHIGAN,15,2008,327827.0,81802.0,"LYNCH, JOHN",231784.0,"DINGELL, JOHN D.*",14241.0,149982.0,D,29,high,0.0
MICHIGAN,15,2006,206868.0,,,181946.0,"DINGELL, JOHN D.*",24922.0,181946.0,D,29,high,
MICHIGAN,15,2004,307963.0,81828.0,"REAMER, DAWN",218409.0,"DINGELL, JOHN D.*",7726.0,136581.0,D,29,high,0.0
MICHIGAN,15,2002,189063.0,48.0,"KALTENBACH, MARTIN",626.0,"DINGELL, JOHN D.*",136518.0,,,29,high,0.27435828268883916
MINNESOTA,1,2010,248005.0,109242.0,"DEMMER, RANDY",122365.0,"WALZ, TIMOTHY J.*",,13123.0,D,29,high,
MINNESOTA,1,2008,332400.0,109453.0,"DAVIS, BRIAN J.",207753.0,"WALZ, TIMOTHY J.*",,98300.0,D,29,high,
MINNESOTA,1,2006,268421.0,126486.0,"GUTKNECHT, GIL*",141556.0,"WALZ, TIMOTHY J.",,15070.0,D,29,high,
MINNESOTA,1,2004,324055.0,193132.0,"GUTKNECHT, GIL*",115088.0,"POMEROY, LEIGH",,78044.0,R,29,high,
MINNESOTA,1,2002,265982.0,163570.0,"GUTKNECHT, GIL*",92165.0,"ANDREASEN, STEVE",,71405.0,R,29,high,
MINNESOTA,2,2010,286453.0,181341.0,"KLINE, JOHN*",104809.0,"MADORE, SHELLEY",,76532.0,R,29,high,
MINNESOTA,2,2008,385656.0,220924.0,"KLINE, JOHN*",164093.0,"SARVI, STEVE",,56831.0,R,29,high,
MINNESOTA,2,2006,290540.0,163269.0,"KLINE, JOHN*",116343.0,"ROWLEY, COLEEN",,46926.0,R,29,high,
MINNESOTA,2,2004,365945.0,206313.0,"KLINE, JOHN*",147527.0,"DALY, TERESA",,58786.0,R,29,high,
MINNESOTA,2,2002,286860.0,152970.0,"KLINE, JOHN",121121.0,"LUTHER, BILL*",,31849.0,R,29,high,
MINNESOTA,3,2010,274092.0,161177.0,"PAULSEN, ERIK*",100240.0,"MEFFERT, JIM",,60937.0,R,29,high,
MINNESOTA,3,2008,369104.0,178932.0,"PAULSEN, ERIK",150787.0,"MADIA, ASHWIN",,28145.0,R,29,high,
MINNESOTA,3,2006,284244.0,184333.0,"RAMSTAD, JIM*",99588.0,"WILDE, WENDY",,84745.0,R,29,high,
MINNESOTA,3,2004,358892.0,231871.0,"RAMSTAD, JIM*",126665.0,"WATTS, DEBORAH",,105206.0,R,29,high,
MINNESOTA,3,2002,296218.0,213334.0,"RAMSTAD, JIM*",82575.0,"STANTON, DARRYL",,130759.0,R,29,high,
MINNESOTA,4,2010,231426.0,80141.0,"COLLETT, TERESA",136746.0,"McCOLLUM,    BETTY*",,56605.0,D,29,high,
MINNESOTA,4,2008,316018.0,98936.0,"MATTHEWS, ED",216267.0,"McCOLLUM,    BETTY*",,117331.0,D,29,high,
MINNESOTA,4,2006,247466.0,74797.0,"SIUM, OBI",172096.0,"McCOLLUM,    BETTY*",,97299.0,D,29,high,
MINNESOTA,4,2004,317299.0,105467.0,"BATAGLIA, PATRICE",182387.0,"McCOLLUM,    BETTY*",,76920.0,D,29,high,
MINNESOTA,4,2002,264540.0,89705.0,"BILLINGTON, CLYDE",164597.0,"McCOLLUM,    BETTY*",,74892.0,D,29,high,
MINNESOTA,5,2010,228746.0,55222.0,"DEMOS, JOEL",154833.0,"ELLISON, KEITH*",,99611.0,D,29,high,
MINNESOTA,5,2008,322747.0,71020.0,"WHITE, BARB DAVIS",228776.0,"ELLISON, KEITH*",,157756.0,D,29,high,
MINNESOTA,5,2006,244905.0,52263.0,"FINE, ALAN",136060.0,"ELLISON, KEITH",,83797.0,D,29,high,
MINNESOTA,5,2004,313526.0,76600.0,"MATHIAS, DANIEL",218434.0,"SABO, MARTIN OLAV*",,141834.0,D,29,high,
MINNESOTA,5,2002,255982.0,66271.0,"MATHIAS, DANIEL",171572.0,"SABO, MARTIN OLAV*",,105301.0,D,29,high,
MINNESOTA,6,2010,303691.0,159476.0,"BACHMANN, MICHELE*",120846.0,"CLARK, TARRYL",,38630.0,R,29,high,
MINNESOTA,6,2008,404725.0,187817.0,".   BACHMANN, MICHELE*",175786.0,"TINKLENBERG, EL",,12031.0,R,29,high,
MINNESOTA,6,2006,302188.0,151248.0,"BACHMANN, MICHELE",127144.0,"WETTERLING, PATTY",,24104.0,R,29,high,
MINNESOTA,6,2004,377224.0,203669.0,"KENNEDY, MARK*",173309.0,"WETTERLING, PATTY",,30360.0,R,29,high,
MINNESOTA,6,2002,287312.0,164747.0,"KENNEDY, MARK*",100738.0,"ROBERT, JANET",,64009.0,R,29,high,
MINNESOTA,7,2010,241097.0,90652.0,"BYBERG, LEE",133096.0,"PETERSON,   COLLIN    C.*",,42444.0,D,29,high,
MINNESOTA,7,2008,314680.0,87062.0,"MENZE, GLEN",227187.0,"PETERSON,   COLLIN    C.*",,140125.0,D,29,high,
MINNESOTA,7,2006,257194.0,74557.0,"BARRETT, MICHAEL J.",179164.0,"PETERSON,   COLLIN    C.*",,104607.0,D,29,high,
MINNESOTA,7,2004,314257.0,106349.0,"STURROCK, DAVID E.",207628.0,"PETERSON,   COLLIN    C.*",,101279.0,D,29,high,
MINNESOTA,7,2002,260813.0,90342.0,"STEVENS, DAN",170234.0,"PETERSON,   COLLIN    C.*",,79892.0,D,29,high,
MINNESOTA,8,2010,277081.0,133490.0,"CRAVAACK, CHIP",129091.0,"OBERSTAR, JAMES L.*",,4399.0,R,29,high,
MINNESOTA,8,2008,357284.0,114871.0,"CUMMINS, MICHAEL",241831.0,"OBERSTAR, JAMES L.*",,126960.0,D,29,high,
MINNESOTA,8,2006,284016.0,97683.0,"GRAMS, ROD",180670.0,"OBERSTAR, JAMES L.*",,82987.0,D,29,high,
MINNESOTA,8,2004,350483.0,112693.0,"GROETTUM, MARK",228586.0,"OBERSTAR, JAMES L.*",,115893.0,D,29,high,
MINNESOTA,8,2002,283931.0,88673.0,"LEMEN, BOB",194909.0,"OBERSTAR, JAMES L.*",,106236.0,D,29,high,
MISSISSIPPI,1,2010,219093.0,121074.0,"NUNNELEE, ALAN",89388.0,"CHILDERS, TRAVISW.*",8631.0,31686.0,R,29,high,0.0
MISSISSIPPI,1,2008,341389.0,149818.0,"DAVIS, GREG",185959.0,"CHILDERS, TRAVISW.*",5612.0,36141.0,D,29,high,0.0
MISSISSIPPI,1,2006,144272.0,95098.0,"WICKER, ROGER*",49.0,"HURT, JAMES K. KEN",174.0,45924.0,R,29,high,0.3392966064101142
MISSISSIPPI,1,2004,277584.0,219328.0,"WICKER, ROGER*",,,58256.0,219328.0,R,29,high,
MISSISSIPPI,1,2002,133567.0,95404.0,"WICKER, ROGER*",32318.0,"WEATHERS, REX N.",5845.0,63086.0,R,29,high,0.0
MISSISSIPPI,2,2010,171356.0,64499.0,"MARCY, BILL",105327.0,"THOMPSON,    BENNIE*",1530.0,40828.0,D,29,high,0.0
MISSISSIPPI,2,2008,291970.0,90364.0,"COOK, RICHARD",201606.0,"THOMPSON,    BENNIE*",,111242.0,D,29,high,
MISSISSIPPI,2,2006,155832.0,55672.0,"BROWN, YVONNE R.",100160.0,"THOMPSON,    BENNIE*",,44488.0,D,29,high,
MISSISSIPPI,2,2004,264869.0,107647.0,"LeSUEUR, CLINTON B.",154626.0,"THOMPSON,    BENNIE*",2596.0,46979.0,D,29,high,0.0
MISSISSIPPI,2,2002,163050.0,69711.0,"LeSUEUR, CLINTON B.",89913.0,"THOMPSON,    BENNIE*",3426.0,20202.0,D,29,high,0.0
MISSISSIPPI,3,2010,194716.0,132393.0,"HARPER, GREGG*",60737.0,"GILL, JOEL L.",1586.0,71656.0,R,29,high,0.0
MISSISSIPPI,3,2008,340869.0,213171.0,"HARPER, GREGG",127698.0,"GILL, JOEL L.",,85473.0,R,29,high,
MISSISSIPPI,3,2006,161480.0,125421.0,"PICKERING, CHARLESW. CHIP JR.*",,,36059.0,125421.0,R,29,high,
MISSISSIPPI,3,2004,293368.0,234874.0,"PICKERING, CHARLESW. CHIP JR.*",,,58494.0,234874.0,R,29,high,
MISSISSIPPI,3,2002,219151.0,139329.0,"PICKERING, CHARLESW. CHIP JR.*",76184.0,"SHOWS, RONNIE*",3638.0,63145.0,R,29,high,0.0
MISSISSIPPI,4,2010,203384.0,105613.0,"PALAZZO, STEVEN",95243.0,"TAYLOR, GENE*",2528.0,10370.0,R,29,high,0.0
MISSISSIPPI,4,2008,290519.0,73977.0,".   McCAY, JOHN Ill",216542.0,"TAYLOR, GENE*",,142565.0,D,29,high,
MISSISSIPPI,4,2006,139113.0,28117.0,"McDONNELL, RANDY",110996.0,"TAYLOR, GENE*",,82879.0,D,29,high,
MISSISSIPPI,4,2004,280382.0,96740.0,"LOTT, MICHAEL",181614.0,"TAYLOR, GENE*",2028.0,84874.0,D,29,high,0.0
MISSISSIPPI,4,2002,161868.0,34373.0,"MERTZ, KARL CLEVELAND",121742.0,"TAYLOR, GENE*",5753.0,87369.0,D,29,high,0.0
MISSOURI,1,2010,184779.0,43649.0,"HAMLIN, ROBYN",135907.0,"CLAY, WILLIAM LACY*",9223.0,,,29,high,0.021647481586110975
MISSOURI,1,2006,194235.0,47893.0,"BYRNE, MARKJ.",141574.0,"CLAY, WILLIAM LACY*",4768.0,93681.0,D,29,high,0.0
MISSOURI,1,2004,283771.0,64791.0,"FARR, LESLIE L. II",213658.0,"CLAY, WILLIAM LACY*",5322.0,148867.0,D,29,high,0.0
MISSOURI,1,2002,191055.0,51755.0,"SCHWADRON, RICHARD",133946.0,"CLAY, WILLIAM LACY*",9394.0,,,29,high,0.02114574337232734
MISSOURI,2,2010,265632.0,180481.0,"AKIN, TODD*",77467.0,"LIEBER, ARTHUR",7684.0,103014.0,R,29,high,0.0
MISSOURI,2,2008,372972.0,232276.0,"AKIN, TODD*",132068.0,"HAAS, WILLIAM C. BILL",8628.0,100208.0,R,29,high,0.0
MISSOURI,2,2006,287617.0,176452.0,"AKIN, TODD*",105242.0,"WEBER, GEORGE D.",5923.0,71210.0,R,29,high,0.0
MISSOURI,2,2004,349867.0,228725.0,"AKIN, TODD*",115366.0,"WEBER, GEORGE D.",5776.0,113359.0,R,29,high,0.0
MISSOURI,2,2002,248828.0,167057.0,"AKIN, TODD*",77223.0,"HOGAN, JOHN",4548.0,89834.0,R,29,high,0.0
MISSOURI,3,2010,203085.0,94757.0,"MARTIN, ED",99398.0,"CARNAHAN, RUSS*",8930.0,4641.0,D,29,high,0.0
MISSOURI,3,2008,305071.0,92759.0,"SANDER, CHRIS",202470.0,"CARNAHAN, RUSS*",9842.0,109711.0,D,29,high,0.0
MISSOURI,3,2006,221448.0,70189.0,"BERTELSEN, DAVID",145219.0,"CARNAHAN, RUSS*",65.0,,,29,high,0.026981503558397457
MISSOURI,3,2004,277916.0,125422.0,"FEDERER, BILL",146894.0,"CARNAHAN, RUSS",52.0,,,29,high,0.019962866477640725
MISSOURI,3,2002,206878.0,80551.0,"ENZ, CATHERINE S.",122181.0,"GEPHARDT, RICHARD A.*",59.0,,,29,high,0.01975560475255948
MISSOURI,4,2010,225056.0,113489.0,"HARTZLER, VICKY",101532.0,"SKELTON,     IKE*",45.0,,,29,high,0.04438895208303711
MISSOURI,4,2008,303455.0,103446.0,"PARNELL, JEFF",200009.0,"SKELTON,     IKE*",65.0,,,29,high,0.00021419979898172712
MISSOURI,4,2006,235525.0,69254.0,"NOLAND, JAMES A. JIM",159303.0,"SKELTON,     IKE*",67.0,,,29,high,0.029300498885468634
MISSOURI,4,2004,288226.0,93334.0,"NOLAND, JAMES A. JIM",190800.0,"SKELTON,     IKE*",66.0,,,29,high,0.013968205505402011
MISSOURI,4,2002,210238.0,64451.0,"NOLAND, JAMES A. JIM",142204.0,"SKELTON,     IKE*",30.0,,,29,high,0.01689989440538818
MISSOURI,5,2010,191423.0,84578.0,"TURK, JACOB",102076.0,"CLEAVER, EMANUEL II*",44.0,,,29,high,0.024683554222846786
MISSOURI,5,2008,306415.0,109166.0,"TURK, JACOB",197249.0,"CLEAVER, EMANUEL II*",35.0,,,29,high,0.00011422417309857547
MISSOURI,5,2006,211919.0,68456.0,"TURK, JACOB",136149.0,"CLEAVER, EMANUEL II*",32.0,,,29,high,0.034362185552026955
MISSOURI,5,2004,293025.0,123431.0,"PATTERSON, JEANNE",161727.0,"CLEAVER, EMANUEL II",42.0,,,29,high,0.026704206125757187
MISSOURI,5,2002,186167.0,60245.0,"GORDON, STEVE",122645.0,"McCARTHY, KAREN*",32.0,,,29,high,0.01743058651640731
MISSOURI,6,2010,221912.0,154103.0,"GRAVES, SAM*",67762.0,"HYLTON, CLINT",69.0,,,29,high,9.913839720249469e-05
MISSOURI,6,2008,330699.0,196526.0,"GRAVES, SAM*",121894.0,"BARNES, KAY",59.0,,,29,high,0.03695203190817027
MISSOURI,6,2006,244795.0,150882.0,"GRAVES, SAM*",87477.0,"SHETTLES, SARA JO",61.0,,,29,high,0.026042198574317287
MISSOURI,6,2004,307855.0,196516.0,"GRAVES, SAM*",106987.0,"BROOMFIELD, CHARLES S.",63.0,,,29,high,0.013931883516590603
MISSOURI,6,2002,208088.0,131151.0,"GRAVES, SAM*",73202.0,"RINEHART, CATHY",57949.0,,,29,high,0.26053400484410444
MISSOURI,7,2010,222431.0,141010.0,"LONG, BILLY",67545.0,"ECKERSLEY, SCOTT",73465.0,,,29,high,0.2678988090688798
MISSOURI,7,2008,323212.0,219016.0,"BLUNT, ROY*",91010.0,"MONROE, RICHARD",128006.0,,,29,high,0.3552467111369627
MISSOURI,7,2006,241123.0,160942.0,"BLUNT, ROY*",72592.0,"TRUMAN, JACK",88350.0,,,29,high,0.33493694089738435
MISSOURI,7,2004,298205.0,210080.0,"BLUNT, ROY*",84356.0,"NEWBERRY, JIM",125724.0,,,29,high,0.40896363240052985
MISSOURI,7,2002,199863.0,149519.0,"BLUNT, ROY*",45964.0,"LAPHAM, RON",103555.0,,,29,high,0.49621490721143985
MISSOURI,8,2010,195999.0,128499.0,"EMERSON,    JO ANN*",56377.0,". SOWERS, TOMMY",72122.0,,,29,high,0.31122097561722256
MISSOURI,8,2008,278288.0,198798.0,"EMERSON,    JO ANN*",72790.0,"ALLEN, JOE",126008.0,,,29,high,0.4287213246708446
MISSOURI,8,2006,217989.0,156164.0,"EMERSON,    JO ANN*",57557.0,"HAMBACKER, VERONICA J.",98607.0,,,29,high,0.4327695434173284
MISSOURI,8,2004,268711.0,194039.0,"EMERSON,    JO ANN*",71543.0,"HENDERSON, DEAN",122496.0,,,29,high,0.4442207427310382
MISSOURI,8,2002,188321.0,135144.0,"EMERSON,    JO ANN*",50686.0,"CURTIS, GENE",84458.0,,,29,high,0.4352515120459216
MISSOURI,9,2010,210358.0,,,,,162724.0,,,29,high,
MISSOURI,9,2008,322095.0,161031.0,"LUETKEMEYER, BLAINE",152956.0,"BAKER, JUDY",8075.0,,,29,high,0.00010245424486564524
MISSOURI,9,2006,242671.0,149114.0,"HULSHOF, KENNY*",87145.0,"BURGHARD, DUANE N.",61969.0,,,29,high,0.22893959311166145
MISSOURI,9,2004,299447.0,193429.0,"HULSHOF, KENNY*",101343.0,"JACOBSEN, LINDA",92086.0,,,29,high,0.2919080839013248
MISSOURI,9,2002,214125.0,146032.0,"HULSHOF, KENNY*",61126.0,"DEICHMAN, DONALD M. DON",84906.0,,,29,high,0.3639883245767659
MONTANA,AL,2010,360341.0,217696.0,"REHBERG, DENNY*",121954.0,McDONALD,20691.0,95742.0,R,29,high,0.0
MONTANA,AL,2008,480900.0,308470.0,"REHBERG, DENNY*",155930.0,"DRISCOLL, JOHN",16500.0,152540.0,R,29,high,0.0
MONTANA,AL,2006,406134.0,239124.0,"REHBERG, DENNY*",158916.0,"LINDEEN, MONICA",8094.0,80208.0,R,29,high,0.0
MONTANA,AL,2004,444.0,230.0,"REHBERG, DENNY*",286076.0,"VELAZQUEZ, TRACY",145606.0,140470.0,R,29,high,971.7747747747748
MONTANA,AL,2002,331321.0,214100.0,"REHBERG, DENNY*",108233.0,"KELLY, STEVE",8988.0,105867.0,R,29,high,0.0
MONTANA,AL,2000,410523.0,211418.0,"REHBERG, DENNY",189971.0,"KEENAN, NANCY",9134.0,21447.0,R,29,high,0.0
MONTANA,AL,1998,331551.0,175748.0,"HILL, RICK*",147073.0,"DESCHAMPS, DUSTY",8730.0,28675.0,R,29,high,0.0
MONTANA,AL,1996,404426.0,211975.0,"HILL, RICK",174516.0,"YELLOWTAIL, BILL",17935.0,37459.0,R,29,high,0.0
MONTANA,AL,1994,352133.0,,,148715.0,"JAMISON, CY         WAL YZ       WILLIAMS, PAT*",32046.0,22657.0,D,29,high,
MONTANA,AL,1992,403735.0,189570.0,"MARLENEE, RON*",203711.0,"WILLIAMS, PAT*",10454.0,14141.0,D,29,high,0.0
NEBRASKA,1,2010,163977.0,116871.0,"FORTENBERRY, JEFF*",47106.0,"HARPER, IVY",,69765.0,R,29,high,
NEBRASKA,1,2008,262820.0,184923.0,"FORTENBERRY, JEFF*",77897.0,"YASHIRIN, MAX",,107026.0,R,29,high,
NEBRASKA,1,2006,207375.0,121015.0,"FORTENBERRY, JEFF*",86360.0,"MOUL, MAXINE B.",,34655.0,R,29,high,
NEBRASKA,1,2004,265072.0,143756.0,"FORTENBERRY, JEFF",113971.0,"CONNEALY, MATT",7345.0,29785.0,R,29,high,0.0
NEBRASKA,1,2002,155844.0,,,,,85.0,,,29,high,
NEBRASKA,2,2010,154326.0,93840.0,"TERRY, LEE*",60486.0,"WHITE, TOM",,33354.0,R,29,high,
NEBRASKA,2,2008,274374.0,142473.0,"TERRY, LEE*",131901.0,"ESCH, JIM",,10572.0,R,29,high,
NEBRASKA,2,2006,181979.0,99475.0,"TERRY, LEE*",82504.0,"ESCH, JIM",,16971.0,R,29,high,
NEBRASKA,2,2004,249764.0,152608.0,"TERRY, LEE*",90292.0,"THOMPSON, NANCY",6864.0,62316.0,R,29,high,0.0
NEBRASKA,2,2002,142014.0,89917.0,"TERRY, LEE*",46843.0,"SIMON, JIM",5254.0,43074.0,R,29,high,0.0
NEBRASKA,3,2010,167243.0,117275.0,"SMITH, ADRIAN*",29932.0,"DAVIS, REBEKAH",20036.0,87343.0,R,29,high,0.0
NEBRASKA,5,2008,238204.0,183117.0,"SMITH, ADRIAN*",55087.0,"STODDARD, JAY C.",,128030.0,R,29,high,
NEBRASKA,3,2006,206733.0,113687.0,".   SMITH, ADRIAN",93046.0,"KLEEB, SCOTT",,20641.0,R,29,high,
NEBRASKA,3,2004,250136.0,218751.0,"OSBORNE, TOM*",26434.0,".    ANDERSON, DONNA J.",4951.0,192317.0,R,29,high,0.0
NEBRASKA,3,2002,175956.0,163939.0,"OSBORNE, TOM*",,,12017.0,163939.0,R,29,high,
NEBRASKA,3,2008,264885.0,,Uy           SMOSH,,,,245628.0,R,29,high,
NEBRASKA,11,2010,382239.0,,,,,,,,29,high,
NEBRASKA,11,2008,967848.0,412827.0,"McCain, John",533736.0,"Obama, Barack",21285.0,120909.0,D,29,high,0.0
NEBRASKA,11,2004,829587.0,418690.0,"Bush, George W.",397190.0,"Kerry, John",13707.0,21500.0,R,29,high,0.0
NEBRASKA,11,2000,608970.0,301575.0,"Bush, George W.",279978.0,"Gore, Al",27417.0,21597.0,R,29,high,0.0
NEBRASKA,11,1996,464279.0,199244.0,"Dole, Bob",203974.0,"Clinton, Bill",61061.0,4730.0,D,29,high,0.0
NEBRASKA,11,1992,506318.0,175828.0,"Bush, George",189148.0,"Clinton, Bill",141342.0,13320.0,D,29,high,0.0
NEBRASKA,11,1988,350067.0,206040.0,"Bush, George",132738.0,"Dukakis, Michael S.",11289.0,73302.0,R,29,high,0.0
NEBRASKA,11,1984,286667.0,188770.0,"Reagan, Ronald",91655.0,"Mondale, Walter F.",6242.0,,,29,high,0.0
NEBRASKA,11,1980,247885.0,155017.0,"Reagan, Ronald",66666.0,"Carter, Jimmy",26202.0,88351.0,R,29,high,0.0
NEBRASKA,11,1976,201876.0,101273.0,"Ford, Gerald R.",92479.0,"Carter, jimmy",8124.0,8794.0,R,29,high,0.0
NEBRASKA,11,1972,181766.0,115750.0,"Nixon, Richard M.",66016.0,"McGovern, George S.",,49734.0,R,29,high,
NEBRASKA,11,1968,154218.0,73188.0,"Nixon, Richard M.",60598.0,"Humphrey, Hubert H.",20432.0,12590.0,R,29,high,0.0
NEBRASKA,11,1964,135433.0,56094.0,"Goldwater, Barry M.",79339.0,"Johnson, Lyndon B.",,23245.0,D,29,high,
NEBRASKA,11,1960,107267.0,52387.0,"Nixon, Richard M.",54880.0,"Kennedy, John F.",,2493.0,D,29,high,
NEBRASKA,11,1956,96689.0,56049.0,"Eisenhower, Dwight D.",40640.0,"Stevenson, Adlai E.",,15409.0,R,29,high,
NEBRASKA,11,1952,82190.0,50502.0,"Eisenhower, Dwight D.",31688.0,"Stevenson, Adlai E.",,18814.0,R,29,high,
NEBRASKA,11,2006,582158.0,279003.0,"Gibbons, Jim",255684.0,"Titus, Dana",47471.0,23319.0,R,29,high,0.0
NEBRASKA,11,2002,504079.0,344001.0,"Guinn, Kenny",110935.0,"Neal, Joe",49143.0,233066.0,R,29,high,0.0
NEBRASKA,11,1998,433630.0,223892.0,"Guinn, Kenny",182281.0,"Jones, Jan Laverty",27457.0,41611.0,R,29,high,0.0
NEBRASKA,11,1994,379676.0,156875.0,"Gibbons, Jim",200026.0,"Miller, RobertJ.",22775.0,43151.0,D,29,high,0.0
NEBRASKA,11,1990,320743.0,95789.0,"Callaway, Jim",207878.0,"Miller, RobertJ.",17076.0,112089.0,D,29,high,0.0
NEBRASKA,11,1986,260375.0,65081.0,"Cafferata, Patty",187268.0,"Bryan, Richard H.",8026.0,122187.0,D,29,high,0.0
NEBRASKA,11,1982,239751.0,100104.0,"List, Robert F.",128132.0,"Bryan, Richard H.",11515.0,28028.0,D,29,high,0.0
NEBRASKA,11,1978,192445.0,108097.0,"List, Robert F.",76361.0,"Rose, Robert E.",7987.0,31736.0,R,29,high,0.0
NEBRASKA,11,1974,169358.0,28959.0,"Crumpler, Shirley",114114.0,"O'Callaghan, Mike",26285.0,85155.0,D,29,high,0.0
NEBRASKA,11,1970,146991.0,64400.0,"Fike, Ed",70697.0,"O'Callaghan, Mike",11894.0,6297.0,D,29,high,0.0
NEBRASKA,11,1966,137677.0,71807.0,"Laxalt, Paul",65870.0,"Sawyer, Grant",,5937.0,R,29,high,
NEBRASKA,11,1962,96929.0,32145.0,"Gragson, Oran K.",64784.0,"Sawyer, Grant",,32639.0,D,29,high,
NEBRASKA,11,1958,84889.0,34025.0,"Russell, Charles H.",50864.0,"Sawyer, Grant",,16839.0,D,29,high,
NEBRASKA,11,1954,78462.0,41665.0,"Russell, Charles H.",36797.0,"Pittman, Vail",,4868.0,R,29,high,
NEBRASKA,11,1950,61773.0,35609.0,"Russell, Charles H.",26164.0,"Pittman, Vail",,9445.0,R,29,high,
NEVADA,1,2010,167206.0,58995.0,"WEGNER, KENNETH",103246.0,"BERKLEY, SHELLEY*",4965.0,,,29,high,0.0
NEVADA,1,2008,228922.0,64837.0,"WEGNER, KENNETH",154860.0,"BERKLEY, SHELLEY*",9225.0,,,29,high,0.0
NEVADA,1,2006,131124.0,40917.0,".    WEGNER, KENNETH",85025.0,"BERKLEY, SHELLEY*",5182.0,,,29,high,0.0
NEVADA,1,2004,202436.0,63005.0,"MICKELSON, RUSS",133569.0,"BERKLEY, SHELLEY*",5862.0,,,29,high,0.0
NEVADA,1,2002,119714.0,51148.0,BOGGSMcDONALD,64312.0,"BERKLEY, SHELLEY*",4254.0,,,29,high,0.0
NEW HAMPSHIRE,1,2010,225423.0,121655.0,"GUINTA, FRANK C.",95503.0,"SHEAPORTER, CAROL*",8265.0,26152.0,R,29,high,0.0
NEW HAMPSHIRE,1,2008,341071.0,156338.0,"BRADLEY, JEB",176435.0,"SHEAPORTER, CAROL*",8298.0,20097.0,D,29,high,0.0
NEW HAMPSHIRE,1,2006,196377.0,95527.0,"BRADLEY, JEB*",100691.0,"SHEAPORTER, CAROL",159.0,5164.0,D,29,high,0.0
NEW HAMPSHIRE,1,2004,323372.0,204836.0,"BRADLEY, JEB*",118226.0,"NADEAU, JUSTIN",310.0,86610.0,R,29,high,0.0
NEW HAMPSHIRE,1,2002,221987.0,128993.0,"BRADLEY, JEB",85426.0,"CLARK, MARTHA FULLER",7568.0,43567.0,R,29,high,0.0
NEW HAMPSHIRE,2,2002,221456.0,125804.0,"BASS, CHARLES*",90479.0,"SWETT, KATRINA",5173.0,35325.0,R,29,high,0.0
NEW HAMPSHIRE,2,2010,450086.0,,,,,,29702.0,R,29,high,
NEW HAMPSHIRE,2,2008,674975.0,,,,,,70207.0,D,29,high,
NEW HAMPSHIRE,2,2006,402669.0,,,,,,19819.0,D,29,high,
NEW HAMPSHIRE,2,2004,651566.0,,,,,,152518.0,R,29,high,
NEW JERSEY,1,2010,190993.0,124030.0,"GARRETT, SCOTT*",62634.0,"THEISE, TOD",4329.0,61396.0,R,29,high,0.0
NEW JERSEY,1,2008,309007.0,172653.0,"GARRETT, SCOTT*",131033.0,"SHULMAN, DENNIS",5321.0,41620.0,R,29,high,0.0
NEW JERSEY,1,2006,204242.0,112142.0,"GARRETT, SCOTT*",89503.0,"ARONSOHN, PAUL",2597.0,22639.0,R,29,high,0.0
NEW JERSEY,1,2004,297425.0,171220.0,"GARRETT, SCOTT*",122259.0,"WOLFE, DOROTHEA ANNE",3946.0,48961.0,R,29,high,0.0
NEW JERSEY,1,2002,199851.0,118881.0,"GARRETT, SCOTT",76504.0,"SUMERS, ANNE",4466.0,42377.0,R,29,high,0.0
NEW JERSEY,9,2010,137626.0,52082.0,"AGOSTA, MICHAEL A.",83564.0,"ROTHMAN,       STEVEN R.*",1980.0,31482.0,D,29,high,0.0
NEW JERSEY,9,2008,223885.0,69503.0,"MICCO, VINCENT",151182.0,"ROTHMAN,       STEVEN R.*",3200.0,81679.0,D,29,high,0.0
NEW JERSEY,9,2006,148095.0,40879.0,"MICCO, VINCENT",105853.0,"ROTHMAN,       STEVEN R.*",1363.0,64974.0,D,29,high,0.0
NEW JERSEY,9,2004,216251.0,68564.0,"TRAWINSKI, EDWARD",146038.0,"ROTHMAN,       STEVEN R.*",1649.0,77474.0,D,29,high,0.0
NEW JERSEY,9,2002,139196.0,42088.0,"GLASS, JOSEPH",97108.0,"ROTHMAN,       STEVEN R.*",,55020.0,D,29,high,
NEW JERSEY,10,2010,111877.0,14357.0,"ALONSO, MICHAEL J.",95299.0,"PAYNE, DONALD       M.*",2221.0,80942.0,D,29,high,0.0
NEW JERSEY,10,2008,169945.0,1848.0,WA,,"PAYNE, DONALD       M.*",,169945.0,D,29,high,
NEW JERSEY,10,2006,90264.0,,,90264.0,"PAYNE, DONALD       M.*",,90264.0,D,29,high,
NEW JERSEY,10,2004,160713.0,,,155697.0,"PAYNE, DONALD       M.*",5016.0,155697.0,D,29,high,
NEW JERSEY,10,2002,102346.0,15913.0,"WIRTZ, ANDREW",86433.0,"PAYNE, DONALD       M.*",,70520.0,D,29,high,
NEW JERSEY,11,2010,181800.0,122149.0,"FRELINGHUYSEN,      RODNEY*",55472.0,"HERBERT, DOUGLAS",4179.0,66677.0,R,29,high,0.0
NEW JERSEY,11,2008,306732.0,189696.0,"FRELINGHUYSEN,      RODNEY*",113510.0,"WYKA, TOM",3526.0,76186.0,R,29,high,0.0
NEW JERSEY,11,2006,203071.0,126085.0,"FRELINGHUYSEN,      RODNEY*",74414.0,".   WYKA, TOM",2572.0,51671.0,R,29,high,0.0
NEW JERSEY,11,2004,296002.0,200915.0,"FRELINGHUYSEN,      RODNEY*",91811.0,"BUELL, JAMES W.",3276.0,109104.0,R,29,high,0.0
NEW JERSEY,11,2002,183678.0,132938.0,"FRELINGHUYSEN,      RODNEY*",48477.0,"PAWAR, VII",2263.0,84461.0,R,29,high,0.0
NEW JERSEY,12,2008,306934.0,108400.0,"BATEMAN, ALAN R.",193732.0,"HOLT, RUSH D.*",4802.0,85332.0,D,29,high,0.0
NEW JERSEY,12,2006,190977.0,65509.0,"SINAGRA, JOSEPH S.",125468.0,"HOLT, RUSH D.*",,59959.0,D,29,high,
NEW JERSEY,12,2004,289785.0,115014.0,"SPADEA, BILL",171691.0,"HOLT, RUSH D.*",3080.0,56677.0,D,29,high,0.0
NEW JERSEY,12,2002,171713.0,62938.0,"SOARIES, DeFOREST",104806.0,"HOLT, RUSH D.*",3969.0,41868.0,D,29,high,0.0
NEW JERSEY,13,2010,84796.0,19538.0,"DWYER, HENRIETTA",62840.0,"SIRES, ALBIO*",2418.0,43302.0,D,29,high,0.0
NEW JERSEY,13,2008,159753.0,34735.0,"TURULA, JOSEPH",120382.0,"SIRES, ALBIO*",4636.0,85647.0,D,29,high,0.0
NEW JERSEY,13,2006,99630.0,19284.0,"GUARINI, JOHN J.",77238.0,"SIRES, ALBIO",3108.0,57954.0,D,29,high,0.0
NEW JERSEY,13,2004,159541.0,35288.0,"PIATKOWSKI, RICHARD W.",121018.0,"MENENDEZ, ROBERT*",3235.0,85730.0,D,29,high,0.0
NEW JERSEY,13,2002,2731.0,16852.0,"GERON, JAMES",72605.0,"MENENDEZ, ROBERT*",3274.0,55753.0,D,29,high,32.95496155254486
NEW MEXICO,1,2010,217250.0,104543.0,"BARELA, JONATHAN L.",112707.0,"HEINRICH, MARTIN*",,8164.0,D,29,high,
NEW MEXICO,1,2008,298756.0,132485.0,"WHITE, DARREN",166271.0,"HEINRICH, MARTIN",,33786.0,D,29,high,
NEW MEXICO,1,2006,211111.0,105986.0,"WILSON, HEATHER A.*",105125.0,"MADRID, PATRICIA A.",861.0,,,29,high,0.004078423199170105
NEW MEXICO,1,2004,270905.0,147372.0,"WILSON, HEATHERA.*",123339.0,"ROMERO, RICHARD M.",194.0,24033.0,R,29,high,0.0
NEW MEXICO,1,2002,172945.0,95711.0,"WILSON, HEATHER A.*",77234.0,"ROMERO, RICHARD M.",,18477.0,R,29,high,
NEW MEXICO,2,2010,169762.0,94053.0,"PEARCE, STEVE",75709.0,"TEAGUE, HARRY*",,18344.0,R,29,high,
NEW MEXICO,2,2008,231552.0,101980.0,"TINSLEY, EDWARD R.",129572.0,"TEAGUE, HARRY",,27592.0,D,29,high,
NEW MEXICO,2,2006,155874.0,92620.0,"PEARCE, STEVE*",63119.0,"KISSLING, ALBERT D.",135.0,29501.0,R,29,high,0.0
NEW MEXICO,2,2004,216790.0,130498.0,"PEARCE, STEVE*",86292.0,"KING, GARY K.",,44206.0,R,29,high,
NEW MEXICO,2,2002,141629.0,79631.0,"PEARCE, STEVE",61916.0,"SMITH, JOHN ARTHUR",82.0,17715.0,R,29,high,0.0
NEW MEXICO,3,2010,210678.0,90621.0,"MULLINS, THOMAS E.",120057.0,"LUJAN, BEN RAY*",,29436.0,D,29,high,
NEW MEXICO,3,2008,284258.0,86618.0,"EAST, DANIEL K.",161292.0,"LUJAN, BEN RAY",36348.0,74674.0,D,29,high,0.0
NEW MEXICO,3,2006,194099.0,49219.0,"DOLIN, RONALD M.",144880.0,"UDALL, TOM*",,95661.0,D,29,high,
NEW MEXICO,3,2004,255204.0,79935.0,"TUCKER, GREGORY M.",175269.0,"UDALL, TOM*",,95334.0,D,29,high,
NEW MEXICO,3,2002,122950.0,,,122950.0,"UDALL, TOM*",,122950.0,D,29,high,
NEW MEXICO,18,2010,358074.0,,,,,,,,29,high,
NEW YORK,8,2010,130928.0,31996.0,"KONE, SUSAN L.",98839.0,"NADLER, JERROLD*",93.0,66843.0,D,29,high,0.0
NEW YORK,8,2008,199861.0,39062.0,"LIN, GRACE",160775.0,"NADLER, JERROLD*",24.0,121713.0,D,29,high,0.0
NEW YORK,8,2006,127622.0,17413.0,"FRIEDMAN, ELEANOR",108536.0,"NADLER, JERROLD*",1673.0,91123.0,D,29,high,0.0
NEW YORK,8,2004,201322.0,39240.0,"HORT, PETER",162082.0,"NADLER, JERROLD*",,122842.0,D,29,high,
NEW YORK,8,2002,106481.0,19674.0,"FARRIN, JIM",81002.0,"NADLER, JERROLD*",5805.0,61328.0,D,29,high,0.0
NEW YORK,9,2008,120589.0,,,112205.0,"WEINER, ANTHONY*",8384.0,112205.0,D,29,high,
NEW YORK,9,2006,71762.0,,,71762.0,"WEINER, ANTHONY*",,71762.0,D,29,high,
NEW YORK,9,2004,158476.0,45451.0,"CRONIN, GERARD J.",113025.0,"WEINER, ANTHONY*",,67574.0,D,29,high,
NEW YORK,9,2002,92435.0,31698.0,"DONOHUE, ALFRED F.",60737.0,"WEINER, ANTHONY*",,29039.0,D,29,high,
NEW YORK,10,2010,104839.0,7419.0,"MUNIZ, DIANA",95485.0,"TOWNS,     EDOLPHUS*           WEBS         BOs D                   SMe         AM      GAN",,,,29,high,
NEW YORK,10,2008,164669.0,9565.0,"GRUPICO, SALVATORE",155090.0,"TOWNS,     EDOLPHUS*",14.0,145525.0,D,29,high,0.0
NEW YORK,10,2006,78307.0,4666.0,"ANDERSON, JONATHAN H.",72171.0,"TOWNS,     EDOLPHUS*",1470.0,67505.0,D,29,high,0.0
NEW YORK,10,2004,148766.0,11099.0,"CLARKE, HARVEY R.",136113.0,"TOWNS,     EDOLPHUS*",1554.0,125014.0,D,29,high,0.0
NEW YORK,10,2002,75498.0,,,73859.0,"TOWNS,     EDOLPHUS*",1639.0,73859.0,D,29,high,
NEW YORK,11,2008,181740.0,11644.0,"CARR, HUGH C.",168562.0,"CLARKE, YVETTE D.*",1534.0,156918.0,D,29,high,0.0
NEW YORK,11,2006,98102.0,7447.0,"FINGER, STEPHEN",88334.0,"CLARKE, YVETTE D.",2321.0,80887.0,D,29,high,0.0
NEW YORK,11,2004,154198.0,,,144999.0,"OWENS, MAJOR R.*",9199.0,144999.0,D,29,high,
NEW YORK,11,2002,88864.0,11149.0,"CLEARY, SUSAN",76917.0,"OWENS, MAJOR R.*",798.0,65768.0,D,29,high,0.0
NEW YORK,12,2010,73165.0,,,68624.0,"VELAZQUEZ,   NYDIA M.*",4541.0,68624.0,D,29,high,
NEW YORK,12,2008,136809.0,13748.0,"ROMAGUERA, ALLAN",123053.0,"VELAZQUEZ,   NYDIA M.*",,109305.0,D,29,high,
NEW YORK,12,2006,70029.0,7182.0,"ROMAGUERA, ALLAN",62847.0,"VELAZQUEZ,   NYDIA M.*",,55665.0,D,29,high,
NEW YORK,12,2004,124962.0,17166.0,"RODRIGUEZ, PAUL A.",107796.0,"VELAZQUEZ,   NYDIA M.*",,90630.0,D,29,high,
NEW YORK,12,2002,50527.0,,,48408.0,"VELAZQUEZ,   NYDIA M.*",2119.0,48408.0,D,29,high,
NEW YORK,13,2008,187446.0,62441.0,"STRANIERE, ROBERT A.",114219.0,"McMAHON, MICHAELE.",10786.0,51778.0,D,29,high,0.0
NEW YORK,13,2006,104465.0,59334.0,"FOSSELLA, VITO J.*",45131.0,"HARRISON, STEPHEN A.",,14203.0,R,29,high,
NEW YORK,13,2004,191434.0,112934.0,"FOSSELLA, VITO J.*",78500.0,"BARBARO, FRANKJ.",,34434.0,R,29,high,
NEW YORK,13,2002,103693.0,72204.0,"FOSSELLA, VITO J.*",29366.0,"MATTSSON, ARNE M.",2123.0,42838.0,R,29,high,0.0
NEW YORK,14,2010,143042.0,32065.0,"BRUMBERG, DAVID RYAN",107327.0,"MALONEY, CAROLYN        B.*",3650.0,75262.0,D,29,high,0.0
NEW YORK,14,2008,229308.0,43385.0,"HEIM, ROBERT G.",183239.0,"MALONEY, CAROLYN        B.*",2684.0,139854.0,D,29,high,0.0
NEW YORK,14,2006,141551.0,21969.0,"MAIO, DANNIEL",119582.0,"MALONEY, CAROLYN        B.*",,97613.0,D,29,high,
NEW YORK,14,2004,230311.0,43623.0,"SRDANOVIC, ANTON",186688.0,"MALONEY, CAROLYN        B.*",,143065.0,D,29,high,
NEW YORK,14,2002,127479.0,31548.0,"SRDANOVIC, ANTON",95931.0,"MALONEY, CAROLYN        B.*",,64383.0,D,29,high,
NEW YORK,15,2010,113686.0,11754.0,"FAULKNER, MICHELJ.",91225.0,"RANGEL, CHARLES B.*",10707.0,79471.0,D,29,high,0.0
NEW YORK,15,2008,198691.0,15676.0,"DANIELS, EDWARD",177151.0,"RANGEL, CHARLES B.*",5864.0,161475.0,D,29,high,0.0
NEW YORK,15,2006,110508.0,6592.0,"DANIELS, EDWARD",103916.0,"RANGEL, CHARLES B.*",,97324.0,D,29,high,
NEW YORK,15,2004,177051.0,12355.0,"JEFFERSON, KENNETH P.JR.",161351.0,"RANGEL, CHARLES B.*",3345.0,148996.0,D,29,high,0.0
NEW YORK,16,2010,64438.0,2758.0,"DELLA VALLE, FRANK",61642.0,"SERRANO, JOSE E.*",38.0,558884.0,D,29,high,0.0
NEW YORK,16,2008,131669.0,4488.0,"MOHAMED, ALI",127179.0,"SERRANO, JOSE E.*",,122691.0,D,29,high,
NEW YORK,16,2006,58883.0,2759.0,"MOHAMED, ALI",56124.0,"SERRANO, JOSE E.*",,53365.0,D,29,high,
NEW YORK,16,2004,117248.0,5610.0,"MOHAMED, ALI",111638.0,"SERRANO, JOSE E.*",,106028.0,D,29,high,
NEW YORK,16,2002,55082.0,4366.0,"DELLA VALLE, FRANK",50716.0,"SERRANO, JOSE E.*",,46350.0,D,29,high,
NEW YORK,7,2008,920273211.0,40707.0,"GOODMAN, ROBERT",161594.0,"ENGEL, ELIOT L.*",20.0,120887.0,D,29,high,0.9997801511577413
NEW YORK,17,2006,122456.0,28842.0,"FAULKNER, JIM",93614.0,"ENGEL, ELIOT L.*",,64772.0,D,29,high,
NEW YORK,17,2004,184536.0,40524.0,"BRENNAN, MATTI.",140530.0,"ENGEL, ELIOT L.*",3482.0,100006.0,D,29,high,0.0
NEW YORK,17,2002,123843.0,42634.0,"VANDERHOEF, C. SCOTT",77535.0,"ENGEL, ELIOT L.*",3674.0,34901.0,D,29,high,0.0
NEW YORK,18,2010,186099.0,70413.0,"RUSSELL, JIM",115619.0,"LOWEY, NITA M.*",67.0,45206.0,D,29,high,0.0
NEW YORK,18,2008,255311.0,80498.0,"RUSSELL, JIM",174791.0,"LOWEY, NITA M.*",22.0,94293.0,D,29,high,0.0
NEW YORK,18,2006,175706.0,51450.0,"HOFFMAN, RICHARD A.",124256.0,"LOWEY, NITA M.*",,72806.0,D,29,high,
NEW YORK,18,2004,244690.0,73975.0,"HOFFMAN, RICHARD A.",170715.0,"LOWEY, NITA M.*",,96740.0,D,29,high,
NEW YORK,18,2002,107515.0,,,98957.0,"LOWEY, NITA M.*",8558.0,98957.0,D,29,high,
NEW YORK,29,2010,198940.0,112314.0,"REED, THOMAS W. II",86099.0,"ZELLER, MATTHEW C.",27.0,26215.0,R,29,high,0.002513320599175631
NEW YORK,29,2008,275755.0,135199.0,"KUHL, JOHN R. RANDY JR.*",140529.0,"MASSA, ERIC J.J.",27.0,5330.0,D,29,high,0.0
NEW YORK,29,2006,206121.0,106077.0,"KUHL, JOHNR. RANDY JR.*",100044.0,"MASSA, ERICJ.J.",,6033.0,R,29,high,
NEW YORK,29,2004,270215.0,136883.0,"KUHL, JOHN R. RANDY JR.",110241.0,"BAREND, SAMARA",23091.0,26642.0,R,29,high,0.0
NEW YORK,29,2002,174631.0,127657.0,"HOUGHTON, AMO*",37128.0,"PETERS, KISUNJ.",9846.0,90529.0,R,29,high,0.0
NORTH CAROLINA,1,2010,174161.0,70867.0,"WOOLARD, ASHLEY",103294.0,"BUTTERFIELD, G. K.*",40.0,,,29,high,0.00022967254436986466
NORTH CAROLINA,1,2008,274271.0,81506.0,"STEPHENS, DEAN",192765.0,"BUTTERFIELD, G. K.*",29.0,,,29,high,0.00010573483890021183
NORTH CAROLINA,1,2006,82510.0,,,,,100.0,,,29,high,
NORTH CAROLINA,1,2004,215175.0,77508.0,"DORITY, GREG",137667.0,"BUTTERFIELD, G. K.*",36.0,,,29,high,0.0001673056814220983
NORTH CAROLINA,1,2002,146157.0,50907.0,"DORITY, GREG",93157.0,"BALANCE, FRANK W., JR.",2093.0,,,29,high,0.0
NORTH CAROLINA,2,2010,189774.0,93876.0,"ELLMERS, RENEE",92393.0,"ETHERIDGE,   BOB*",3505.0,,,29,high,0.0
NORTH CAROLINA,2,2008,298430.0,93323.0,"MANSELL, DAN",199730.0,"ETHERIDGE,   BOB*",5377.0,,,29,high,0.0
NORTH CAROLINA,2,2006,129264.0,43271.0,"MANSELL, DAN",85993.0,"ETHERIDGE,   BOB*",33.0,,,29,high,0.0002552914964723357
NORTH CAROLINA,2,2004,232890.0,87811.0,"CREECH, BILLY J.",145079.0,"ETHERIDGE,   BOB*",37.0,,,29,high,0.0001588732878182833
NORTH CAROLINA,2,2002,153184.0,50965.0,"ELLEN, JOSEPH L.",100121.0,"ETHERIDGE,   BOB*",2098.0,,,29,high,0.0
NORTH CAROLINA,3,2010,199304.0,143225.0,"JONES, WALTER B.*",51317.0,"ROUSE, JOHNNY G.",4762.0,,,29,high,0.0
NORTH CAROLINA,3,2008,306050.0,201686.0,"JONES, WALTER B.*",104364.0,"WEBER, CRAIG",65.0,,,29,high,0.00021238359745139683
NORTH CAROLINA,3,2006,144977.0,99519.0,"JONES, WALTER B.*",45458.0,"WEBER, CRAIG",,54061.0,R,29,high,
NORTH CAROLINA,3,2004,243090.0,171863.0,"JONES, WALTER B.*",71227.0,"EATON, ROGER A.",,100636.0,R,29,high,
NORTH CAROLINA,3,2002,144934.0,131448.0,"JONES, WALTER B.*",,,13486.0,131448.0,R,29,high,
NORTH CAROLINA,4,2010,271832.0,116448.0,"LAWSON, WILLIAM B. J.",155384.0,"PRICE, DAVID E.*",,38936.0,D,29,high,
NORTH CAROLINA,4,2008,419698.0,153947.0,"LAWSON, WILLIAM B. J.",265751.0,"PRICE, DAVID E.*",,111804.0,D,29,high,
NORTH CAROLINA,4,2006,195939.0,68599.0,"ACUFF, STEVE",127340.0,"PRICE, DAVID E.*",,58741.0,D,29,high,
NORTH CAROLINA,4,2004,339234.0,121717.0,"BATCHELOR, TODD A.",217441.0,"PRICE, DAVID E.*",76.0,95724.0,D,29,high,0.0
NORTH CAROLINA,4,2002,216046.0,78095.0,"NGUYEN, TUAN A.",132185.0,"PRICE, DAVID E.*",5766.0,54090.0,D,29,high,0.0
NORTH CAROLINA,5,2010,213287.0,140525.0,"FOXX, VIRGINIA*",72762.0,"KENNEDY, BILLY",,67763.0,R,29,high,
NORTH CAROLINA,5,2008,326923.0,190820.0,"FOXX, VIRGINIA*",136103.0,"CARTER, ROY",,54717.0,R,29,high,
NORTH CAROLINA,5,2006,168199.0,96138.0,"FOXX, VIRGINIA*",72061.0,"SHARPE, ROGER",,24077.0,R,29,high,
NORTH CAROLINA,5,2004,284817.0,167546.0,"FOXX, VIRGINIA",117271.0,"HARRELL, JIM A., JR.",,50275.0,R,29,high,
NORTH CAROLINA,5,2002,196437.0,137879.0,"BURR, RICHARD M.*",58558.0,"CRAWFORD, DAVID",,79321.0,R,29,high,
NORTH CAROLINA,6,2010,207759.0,156252.0,"COBLE, HOWARD*",51507.0,"TURNER, SAM",,104745.0,R,29,high,
NORTH CAROLINA,6,2008,329891.0,221018.0,"COBLE, HOWARD*",108873.0,"BRATTON, TERESA SUE",,112145.0,R,29,high,
NORTH CAROLINA,6,2006,153094.0,108433.0,"COBLE, HOWARD*",44661.0,"BLAKE, RORY",,63772.0,R,29,high,
NORTH CAROLINA,6,2004,283623.0,207470.0,"COBLE, HOWARD*",76153.0,"JORDAN, WILLIAM W.",,131317.0,R,29,high,
NORTH CAROLINA,6,2002,167497.0,151430.0,"COBLE, HOWARD*",,,16067.0,151430.0,R,29,high,
NORTH CAROLINA,7,2010,212285.0,98328.0,"PANTANO, ILARIO GREGORY",113957.0,"McINTYRE, MIKE*",,15629.0,D,29,high,
NORTH CAROLINA,7,2008,312855.0,97472.0,"BREAZEALE, WILL",215383.0,"McINTYRE, MIKE*",,117911.0,D,29,high,
NORTH CAROLINA,7,2006,139820.0,38033.0,"DAVIS, SHIRLEY",101787.0,"McINTYRE, MIKE*",,63754.0,D,29,high,
NORTH CAROLINA,7,2004,246466.0,66084.0,"PLONK, KEN",180382.0,"McINTYRE, MIKE*",,114298.0,D,29,high,
NORTH CAROLINA,7,2002,166654.0,45537.0,"ADAMS, JAMES R.",118543.0,"McINTYRE, MIKE*",2574.0,73006.0,D,29,high,0.0
NORTH CAROLINA,8,2010,167442.0,73129.0,"JOHNSON, HAROLD",88776.0,"KISSELL, LARRY*",5537.0,15647.0,D,29,high,0.0
NORTH CAROLINA,8,2008,283819.0,126634.0,"HAYES, ROBIN*",157185.0,"KISSELL, LARRY",,30551.0,D,29,high,
NORTH CAROLINA,8,2006,121523.0,60926.0,"HAYES, ROBIN*",60597.0,"KISSELL, LARRY",329.0,,,29,high,0.002707306435818734
NORTH CAROLINA,8,2004,225171.0,125070.0,"HAYES, ROBIN*",100101.0,"TROUTMAN, BETH",,24969.0,R,29,high,
NORTH CAROLINA,8,2002,149736.0,80298.0,"HAYES, ROBIN*",66819.0,"KOURI, CHRIS",2619.0,13479.0,R,29,high,0.0
NORTH CAROLINA,9,2010,230240.0,158790.0,"MYRICK, SUE*",71450.0,"DOCTOR, JEFF",,87340.0,R,29,high,
NORTH CAROLINA,9,2008,386483.0,241053.0,"MYRICK, SUE*",138719.0,"TAYLOR, HARRY",6711.0,102334.0,R,29,high,0.0
NORTH CAROLINA,9,2006,159643.0,106206.0,"MYRICK, SUE*",53437.0,"GLASS, BILL",,52769.0,R,29,high,
NORTH CAROLINA,9,2004,300101.0,210783.0,"MYRICK, SUE*",89318.0,"FLYNN, JACK",,121465.0,R,29,high,
NORTH CAROLINA,9,2002,193443.0,140095.0,"MYRICK, SUE*",49974.0,"McGUIRE, ED",3374.0,90121.0,R,29,high,0.0
NORTH CAROLINA,10,2010,183785.0,130813.0,"McHENRY, PATRICK T.*",52972.0,"GREGORY, JEFF",,77841.0,R,29,high,
NORTH CAROLINA,10,2008,298473.0,171774.0,"McHENRY, PATRICK T.*",126699.0,"JOHNSON, DANIEL",,45075.0,R,29,high,
NORTH CAROLINA,10,2006,152393.0,94179.0,"McHENRY, PATRICK T.*",58214.0,"CARSNER, RICHARD",,35965.0,R,29,high,
NORTH CAROLINA,10,2004,246117.0,157884.0,"McHENRY, PATRICK T.",88233.0,"FISCHER, ANNE N.",,69651.0,R,29,high,
NORTH CAROLINA,10,2002,173292.0,102768.0,"BALLENGER, CASS*",65587.0,"DAUGHERTY, RON",4937.0,37181.0,R,29,high,0.0
NORTH CAROLINA,11,2008,340716.0,122087.0,"MUMPOWER, CARL",211112.0,"SHULER, HEATH*",7517.0,89025.0,D,29,high,0.0
NORTH CAROLINA,11,2004,290897.0,159709.0,"TAYLOR, CHARLES H.*",131188.0,"KEEVER, PATSY",,28521.0,R,29,high,
NORTH CAROLINA,11,2002,202260.0,112335.0,"TAYLOR, CHARLES H.*",86664.0,"NEILL, SAM",326.0,,,29,high,0.014511025412834964
NORTH CAROLINA,12,2008,301722.0,85814.0,"COBB, TY JR.",215908.0,"WATT, MELVIN*",,130094.0,D,29,high,
NORTH CAROLINA,12,2006,106472.0,35127.0,"FISHER, ADA M.",71345.0,"WATT, MELVIN*",,36218.0,D,29,high,
NORTH CAROLINA,12,2004,231806.0,76898.0,"FISHER, ADA M.",154908.0,"WATT, MELVIN*",,78010.0,D,29,high,
NORTH CAROLINA,12,2002,151239.0,49588.0,"KISH, JEFF",98821.0,"WATT, MELVIN*",2830.0,49233.0,D,29,high,0.0
NORTH CAROLINA,12,2010,209202.0,93099.0,"RANDALL, WILLIAM",116103.0,"MILLER, BRAD*",,23004.0,D,29,high,
NORTH CAROLINA,13,2008,335762.0,114383.0,"WEBSTER, HUGH",221379.0,"MILLER, BRAD*",,106996.0,D,29,high,
NORTH CAROLINA,13,2006,154660.0,56120.0,"JOHNSON, VERNON",98540.0,"MILLER, BRAD*",,42420.0,D,29,high,
NORTH CAROLINA,13,2004,273684.0,112788.0,"JOHNSON, VIRGINIA",160896.0,"MILLER, BRAD*",,48108.0,D,29,high,
NORTH CAROLINA,13,2002,183270.0,77688.0,"GRANT, CAROLYN W.",100287.0,"MILLER, BRAD         Sy By LISD         AD",42.0,,,29,high,0.028662628908168276
NORTH CAROLINA,13,2010,2662549.0,,,,,,236278.0,R,29,high,
NORTH DAKOTA,AL,2010,237137.0,129802.0,"BERG, RICK",106542.0,"POMEROY, EARL*",793.0,23260.0,R,29,high,0.0
NORTH DAKOTA,AL,2008,313965.0,119388.0,"SAND, DUANE",194577.0,"POMEROY, EARL*",,75189.0,D,29,high,
NORTH DAKOTA,AL,2006,217621.0,74687.0,"MECHTEL, MATT",142934.0,"POMEROY, EARL*",,68247.0,D,29,high,
NORTH DAKOTA,AL,2004,310814.0,125684.0,"SAND, DUANE",185130.0,"POMEROY, EARL*",,59446.0,D,29,high,
NORTH DAKOTA,AL,2002,231030.0,109957.0,"CLAYBURGH, RICK",121073.0,"POMEROY, EARL*",,11116.0,D,29,high,
NORTH DAKOTA,AL,2000,285658.0,127251.0,"DORSO, JOHN",151173.0,"POMEROY, EARL*",7234.0,23922.0,D,29,high,0.0
NORTH DAKOTA,AL,1998,215469.0,75013.0,".  CRAMER, KEVIN",134747.0,"POMEROY, EARL*",5709.0,59734.0,D,29,high,0.0
NORTH DAKOTA,AL,1996,263010.0,113684.0,"CRAMER, KEVIN",144833.0,"POMEROY, EARL*",4493.0,31149.0,D,29,high,0.0
NORTH DAKOTA,AL,1994,235389.0,105988.0,"PORTER, GARY",123134.0,"POMEROY, EARL*",6267.0,17146.0,D,29,high,0.0
NORTH DAKOTA,AL,1992,297898.0,117442.0,"KORSMO, JOHN T.",169273.0,"POMEROY, EARL",11183.0,51831.0,D,29,high,0.0
NORTH DAKOTA,AL,1990,233979.0,81443.0,"SCHAFER, EDWARD",152530.0,"DORGAN, BYRON L.*",,71087.0,D,29,high,
NORTH DAKOTA,AL,1988,299982.0,84475.0,"SYDNESS, STEVE",212583.0,"DORGAN, BYRON L.*",2924.0,128108.0,D,29,high,0.0
NORTH DAKOTA,AL,1986,286361.0,66989.0,"VINJE, SYVER",216258.0,"DORGAN, BYRON L.*",3114.0,149269.0,D,29,high,0.0
NORTH DAKOTA,AL,1984,308729.0,65761.0,"ALTENBURG, LOIS.",242968.0,"DORGAN, BYRON L.*",,177207.0,D,29,high,
NORTH DAKOTA,AL,1982,260499.0,72241.0,"JONES, KENT",186534.0,"DORGAN, BYRON L.*",1724.0,114293.0,D,29,high,0.0
NORTH DAKOTA,AL,1980,293076.0,124707.0,"SMYKOWSKI, JIM",166437.0,".  DORGAN, BYRON L.",1932.0,41730.0,D,29,high,0.0
NORTH DAKOTA,AL,1978,220348.0,147746.0,"ANDREWS, MARK*",68016.0,"HAGEN, BRUCE",4586.0,79730.0,R,29,high,0.0
NORTH DAKOTA,AL,1976,289881.0,181018.0,"ANDREWS, MARK*",104263.0,"OMDAHL, LLOYD B.",4600.0,76755.0,R,29,high,0.0
NORTH DAKOTA,AL,1974,233688.0,130184.0,"ANDREWS, MARK*",103504.0,"DORGAN, BYRON L.",,26680.0,R,29,high,
NORTH DAKOTA,AL,1972,268721.0,195360.0,"ANDREWS, MARK*",72850.0,"STA, RICHARD",511.0,122510.0,R,29,high,0.0
OHIO,10,2004,287212.0,96463.0,"HERMAN, EDWARD",172406.0,"KUCINICH, DENNIS J.*",18343.0,75943.0,D,29,high,0.0
OHIO,10,2002,175536.0,41778.0,"HEBEN, JON",129997.0,"KUCINICH, DENNIS J.*",3761.0,88219.0,D,29,high,0.0
OHIO,11,2010,168447.0,28754.0,"PEKAREK, THOMAS",139693.0,"FUDGE, MARCIA L.*",,110939.0,D,29,high,
OHIO,11,2008,249542.0,36708.0,"PEKAREK, THOMAS",212667.0,"FUDGE, MARCIA L.",167.0,175959.0,D,29,high,0.0
OHIO,11,2006,175924.0,29125.0,"STRING, LINDSEY N.",146799.0,"JONES, STEPHANIE",,117674.0,D,29,high,
OHIO,11,2004,39222371.0,,,,,100.0,,,29,high,
OHIO,11,2002,152736.0,36146.0,"PAPPANO, PATRICK",116590.0,"JONES, STEPHANIE",,80444.0,D,29,high,
OHIO,12,2010,269180.0,150163.0,"TIBERI, PAT*",110307.0,"BROOKS, PAULA",8710.0,39856.0,R,29,high,0.0
OHIO,12,2008,360388.0,197447.0,"TIBERI, PAT*",152234.0,"ROBINSON, DAVID",10707.0,45213.0,R,29,high,0.0
OHIO,12,2006,254689.0,145943.0,"TIBERI, PAT*",108746.0,"SHAMANSKY, BOB",37.0,,,29,high,0.00014527521801098594
OHIO,12,2004,321046.0,198912.0,"TIBERI, PAT*",122109.0,"BROWN, EDWARD",25.0,76803.0,R,29,high,0.0
OHIO,12,2002,181689.0,116982.0,"TIBERI, PAT*",64707.0,"BROWN, EDWARD",,52275.0,R,29,high,
OHIO,13,2010,213173.0,94367.0,"GANLEY, TOM",118806.0,"SUTTON, BETTY*",,24439.0,D,29,high,
OHIO,13,2008,297680.0,105050.0,"POTTER, DAVID S.",192593.0,"SUTTON, BETTY*",37.0,87543.0,D,29,high,0.0
OHIO,13,2006,221561.0,85922.0,"FOLTIN, CRAIG",135639.0,"SUTTON, BETTY",,49717.0,D,29,high,
OHIO,13,2004,298094.0,97090.0,"LUCAS, ROBERT",201004.0,"BROWN, SHERROD*",,103914.0,D,29,high,
OHIO,13,2002,178382.0,55357.0,"OLIVEROS, ED",123025.0,"BROWN, SHERROD*",,67668.0,D,29,high,
OHIO,14,2010,230865.0,149878.0,"LaTOURETTE,      STEVEN C.*",72604.0,"O'NEILL, BILL",8383.0,77274.0,R,29,high,0.0
OHIO,14,2008,323213.0,188488.0,"LaTOURETTE,      STEVEN C.*",125214.0,"O'NEILL, BILL",9511.0,63274.0,R,29,high,0.0
OHIO,14,2006,250322.0,144069.0,"LaTOURETTE,      STEVEN C.*",97753.0,"KATZ, LEWIS R.",8500.0,46316.0,R,29,high,0.0
OHIO,14,2004,321366.0,201652.0,"LaTOURETTE,      STEVEN C.*",119714.0,"CAFARO, CAPRI S.",,81938.0,R,29,high,
OHIO,14,2002,186372.0,134413.0,"LaTOURETTE,      STEVEN C.*",51846.0,"BLANCHARD, DALE",113.0,82567.0,R,29,high,0.0
OHIO,15,2010,220596.0,119471.0,"STIVERS, STEVE",91077.0,"KILROY, MARY JO*",10048.0,28394.0,R,29,high,0.0
OHIO,5,2008,303838.0,137272.0,"STIVERS, STEVE",139584.0,"KILROY, MARYJO",26982.0,2312.0,D,29,high,0.0
OHIO,15,2006,220567.0,110714.0,"PRYCE, DEBORAH*",109659.0,"KILROY, MARYJO",194.0,1055.0,R,29,high,0.0
OHIO,15,2004,277435.0,166520.0,"PRYCE, DEBORAH*",110915.0,"BROWN, MARK",,55605.0,R,29,high,
OHIO,15,2002,162479.0,108193.0,"PRYCE, DEBORAH*",54286.0,"BROWN, MARK",,53907.0,R,29,high,
OHIO,16,2010,220137.0,114652.0,"RENACCI, JIM",90833.0,"BOCCIERI, JOHN A.*",14652.0,23819.0,R,29,high,0.0
OHIO,16,2008,305337.0,136293.0,"SCHURING, KIRK",169044.0,"BOCCIERI, JOHN A.",,32751.0,D,29,high,
OHIO,16,2006,235122.0,137167.0,"REGULA, RALPH*",97955.0,"SHAW, THOMAS",,39212.0,R,29,high,
OHIO,16,2004,304361.0,202544.0,"REGULA, RALPH*",101817.0,"SEEMANN, JEFF",,100727.0,R,29,high,
OHIO,16,2002,188378.0,129734.0,"REGULA, RALPH*",58644.0,"RICE, JIM",,71090.0,R,29,high,
OHIO,17,2010,190666.0,57352.0,"GRAHAM, JIM",102758.0,"RYAN, TIM*",30556.0,45406.0,D,29,high,0.0
OHIO,17,2008,280112.0,61216.0,"GRASSELL, DUANE V.",218896.0,"RYAN, TIM*",,157680.0,D,29,high,
OHIO,17,2006,212294.0,41925.0,"MANNING, DON, Ill",170369.0,"RYAN, TIM*",,128444.0,D,29,high,
OHIO,17,2004,275671.0,62871.0,"CUSIMANO, FRANK V.",212800.0,"RYAN, TIM*",,149929.0,D,29,high,
OHIO,7,2002,184674.0,62188.0,"BENJAMIN, ANN WOMER",94441.0,"RYAN, TIM",28045.0,32253.0,D,29,high,0.0
OHIO,18,2010,199448.0,107426.0,"GIBBS, BOB",80756.0,"SPACE, ZACK*",11266.0,26670.0,R,29,high,0.0
OHIO,18,2008,274218.0,110031.0,"DAILEY, FRED",164187.0,"SPACE, ZACK*",,54156.0,D,29,high,
OHIO,18,2006,208905.0,79259.0,"PADGETT, JOY",129646.0,"SPACE, ZACK",,50387.0,D,29,high,
OHIO,18,2004,268420.0,177600.0,"NEY, BOB*",90820.0,"THOMAS, BRIAN R.",,86780.0,R,29,high,
OHIO,18,2002,125546.0,125546.0,"NEY, BOB*",,,,125546.0,R,29,high,
OHIO,4,2010,,,,,,,,,29,high,
OKLAHOMA,1,2010,196829.0,151173.0,"SULLIVAN, JOHN*",,,45656.0,151173.0,R,29,high,
OKLAHOMA,1,2008,292294.0,193404.0,"SULLIVAN, JOHN*",98890.0,"OLIVER, GEORGIANNA W.",,94514.0,R,29,high,
OKLAHOMA,1,2006,183729.0,116920.0,"SULLIVAN, JOHN*",56724.0,"GENTGES, ALAN",10085.0,60196.0,R,29,high,0.0
OKLAHOMA,1,2004,310934.0,187145.0,"SULLIVAN, JOHN*",116731.0,"DODD, DOUG",7058.0,70414.0,R,29,high,0.0
OKLAHOMA,1,2002,214955.0,119566.0,"SULLIVAN, JOHN*",90649.0,"DODD, DOUG",4740.0,28917.0,R,29,high,0.0
OREGON,1,2010,292909.0,122858.0,"CORNILLES, ROB",160357.0,"WU, DAVID*",9694.0,37499.0,D,29,high,0.0
OREGON,1,2008,332248.0,,,237567.0,"WU, DAVID*",94681.0,237567.0,D,29,high,
OREGON,1,2006,269627.0,90904.0,"KITTS, DERRICK",169409.0,"WU, DAVID*",9314.0,78505.0,D,29,high,0.0
OREGON,1,2004,354338.0,135164.0,"GOLI, AMERI",203771.0,"WU, DAVID*",15403.0,68607.0,D,29,high,0.0
OREGON,1,2002,238036.0,80917.0,"GREENFIELD, JIM",149215.0,"WU, DAVID*",7904.0,68298.0,D,29,high,0.0
OREGON,2,2010,279037.0,206245.0,"WALDEN, GREG*",72173.0,"SEGERS, JOYCE B.",619.0,134072.0,R,29,high,0.0
OREGON,2,2008,340379.0,236560.0,"WALDEN, GREG*",87649.0,"LEMAS, NOAH",16170.0,148911.0,R,29,high,0.0
OREGON,2,2006,271719.0,181529.0,"WALDEN, GREG*",82484.0,"VOISON, CAROL",7706.0,99045.0,R,29,high,0.0
OREGON,2,2004,346865.0,248.0,"WALDEN, GREG*",461.0,".   McCOLGAN, JOHN C.",88914.0,159547.0,R,29,high,0.7416199385928243
OREGON,2,2002,252284.0,181295.0,"WALDEN, GREG*",64991.0,"BUCKLEY, PETER",5998.0,116304.0,R,29,high,0.0
OREGON,3,2010,275802.0,67714.0,"LOPEZ, DELIA",193104.0,"BLUMENAUER, EARL*",14984.0,125390.0,D,29,high,0.0
OREGON,3,2008,341062.0,71063.0,"LOPEZ, DELIA",254235.0,"BLUMENAUER, EARL*",15764.0,183172.0,D,29,high,0.0
OREGON,3,2006,253610.0,59529.0,"BROUSSARD, BRUCE",186380.0,"BLUMENAUER, EARL*",7701.0,126851.0,D,29,high,0.0
OREGON,3,2004,346560.0,82045.0,"MARS, TAMI",245559.0,"BLUMENAUER, EARL*",18956.0,163514.0,D,29,high,0.0
OREGON,3,2002,234977.0,62821.0,"SEALE, SARAH",156851.0,"BLUMENAUER, EARL*",15305.0,94030.0,D,29,high,0.0
OREGON,4,2010,298052.0,129877.0,"ROBINSON, ART",162416.0,"DeFAZIO, PETER A.*",5759.0,32539.0,D,29,high,0.0
OREGON,4,2008,334146.0,,,275143.0,"DeFAZIO, PETER A.*",59003.0,275143.0,D,29,high,
OREGON,4,2006,290244.0,109105.0,"FELDKAMP, JIM",180607.0,"DeFAZIO, PETER A.*",532.0,,,29,high,0.0
OREGON,4,2004,374909.0,140882.0,"FELDKAMP, JIM",228611.0,"DeFAZIO, PETER A.*         SAG",87729.0,,,29,high,0.21955461191915904
OREGON,4,2002,263481.0,90523.0,"VanLEEUWEN, LIZ",168150.0,"DeFAZIO, PETER A.*",4808.0,77627.0,D,29,high,0.0
OREGON,5,2010,283556.0,130313.0,"BRUUN, SCOTT",145319.0,"SCHRADER, KURT*",7924.0,15006.0,D,29,high,0.0
OREGON,5,2008,334674.0,128297.0,"ERICKSON, MIKE",181577.0,". SCHRADER, KURT",24800.0,53280.0,D,29,high,0.0
OREGON,5,2006,272234.0,116424.0,"ERICKSON, MIKE",146973.0,"HOOLEY, DARLENE*",8837.0,30549.0,D,29,high,0.0
OREGON,5,2004,349634.0,154993.0,"ZUPANCIC, JIM",184833.0,"HOOLEY, DARLENE*",9808.0,29840.0,D,29,high,0.0
OREGON,5,2002,251537.0,113441.0,"BOQUIST, BRIAN J.",137713.0,"HOOLEY, DARLENE*",383.0,,,29,high,0.0
PENNSYLVANIA,1,2010,149949.0,,,149944.0,"BRADY, ROBERT A.*",,149944.0,D,29,high,
PENNSYLVANIA,1,2008,267513.0,24714.0,"MUHAMMAD, MIKE",242799.0,"BRADY, ROBERT A.*",,218085.0,D,29,high,
PENNSYLVANIA,1,2006,137999.0,137987.0,"BRADY, ROBERT A.*",12.0,Va Sey,10.0,,,29,high,7.246429321951608e-05
PENNSYLVANIA,1,2004,248587.0,33266.0,"WILLIAMS, DEBORAH L.",214462.0,"BRADY, ROBERT A.*",859.0,181196.0,D,29,high,0.0
PENNSYLVANIA,1,2002,140090.0,17444.0,"DELANEY, MARIE G.",121076.0,"BRADY, ROBERT A.*",1570.0,103632.0,D,29,high,0.0
PENNSYLVANIA,2,2008,311336.0,34466.0,"LANG, ADAM A.",276870.0,"FATTAH, CHAKA*",,242404.0,D,29,high,
PENNSYLVANIA,2,2006,187283.0,17291.0,"GESSNER, MICHAEL",165867.0,"FATTAH, CHAKA*",4125.0,148576.0,D,29,high,0.0
PENNSYLVANIA,2,2004,287637.0,34411.0,"BOLNO, STEWART",253226.0,"FATTAH, CHAKA*",,218815.0,D,29,high,
PENNSYLVANIA,2,2002,171611.0,20988.0,"DOUGHERTY, THOMAS G.",150623.0,"FATTAH, CHAKA*",,129635.0,D,29,high,
PENNSYLVANIA,3,2010,200958.0,111909.0,"KELLY, MIKE",88924.0,"DAHLKEMPER, KATHLEEN A.*",125.0,22985.0,R,29,high,0.0
PENNSYLVANIA,3,2008,286603.0,139757.0,"ENGLISH, PHIL*",146846.0,"DAHLKEMPER, KATHLEEN A.",,7089.0,D,29,high,
PENNSYLVANIA,3,2006,202518.0,108525.0,"ENGLISH, PHIL*",85110.0,"PORTER, STEVEN",8883.0,23415.0,R,29,high,0.0
PENNSYLVANIA,3,2004,277323.0,166580.0,"ENGLISH, PHIL*",110684.0,"PORTER, STEVEN                  Se        SEE          IN   COMI        Oa           Ube      OMe",,,,29,high,
PENNSYLVANIA,3,2002,150329.0,116763.0,"ENGLISH, PHIL*",,,33566.0,116763.0,R,29,high,
PENNSYLVANIA,4,2010,238049.0,116958.0,"ROTHFUS, KEITH",120827.0,"ALTMIRE, JASON*",264.0,3869.0,D,29,high,0.0
PENNSYLVANIA,4,2008,333947.0,147411.0,"HART, MELISSA A.",186536.0,"ALTMIRE, JASON*",39.0,,,29,high,0.00011678499881717758
PENNSYLVANIA,4,2006,254084.0,122049.0,"HART, MELISSA A.*",131847.0,"ALTMIRE, JASON",188.0,9798.0,D,29,high,0.0
PENNSYLVANIA,4,2004,323945.0,204329.0,"HART, MELISSA A.*",116303.0,"DROBAC, STEVAN, JR.",3.0,,,29,high,0.01021778388306657
PENNSYLVANIA,4,2002,202218.0,130534.0,"HART, MELISSA A.*",71674.0,"DROBAC, STEVAN, JR.",10.0,58860.0,R,29,high,0.0
PENNSYLVANIA,5,2010,185648.0,127427.0,"THOMPSON, GLENN*",52375.0,"PIPE, MICHAEL",5846.0,75052.0,R,29,high,0.0
PENNSYLVANIA,5,2008,274177.0,155513.0,".    THOMPSON, GLENN",112509.0,"McCRACKEN, MARK B.",6155.0,43004.0,R,29,high,0.0
PENNSYLVANIA,5,2006,191727.0,115126.0,"PETERSON, JOHN E.*",76456.0,"HILLIARD, DONALD L.",145.0,38670.0,R,29,high,0.0
PENNSYLVANIA,5,2004,219198.0,192852.0,"PETERSON, JOHN E.*",,,26346.0,192852.0,R,29,high,
PENNSYLVANIA,5,2002,143211.0,124942.0,"PETERSON, JOHN E.*",,,18269.0,124942.0,R,29,high,
PENNSYLVANIA,6,2010,234455.0,133770.0,"GERLACH, IM*",100493.0,"TRIVEDI, MANAN                 T",9255.0,,,29,high,0.038655605553304474
PENNSYLVANIA,6,2008,344375.0,179423.0,"GERLACH, JIM*",164952.0,"ROGGIO, BOB",,14471.0,R,29,high,
PENNSYLVANIA,6,2006,238939.0,121047.0,"GERLACH, IM*",117892.0,"MURPHY, LOIS",,3155.0,R,29,high,
PENNSYLVANIA,6,2004,314386.0,160348.0,"GERLACH, JIM*",153977.0,"MURPHY, LOIS",61.0,6371.0,R,29,high,0.0
PENNSYLVANIA,6,2002,201791.0,103648.0,"GERLACH, JIM",98128.0,"WOFFORD, DAN                    ile",,5520.0,R,29,high,
PENNSYLVANIA,7,2010,250926.0,137825.0,"MEEHAN, PATRICK",110314.0,"LENTZ, BRYAN",2787.0,27511.0,R,29,high,0.0
PENNSYLVANIA,7,2008,352317.0,142362.0,"WILLIAMS, W. CRAIG",209955.0,"SESTAK, JOE*",,67593.0,D,29,high,
PENNSYLVANIA,7,2006,262434.0,114426.0,"WELDON, CURT*",147898.0,"SESTAK, JOE",110.0,33472.0,D,29,high,0.0
PENNSYLVANIA,7,2004,334547.0,196556.0,"WELDON, CURT*",134932.0,"SCOLES, PAUL",3059.0,61624.0,R,29,high,0.0
PENNSYLVANIA,7,2002,221351.0,146296.0,"WELDON, CURT*",75055.0,"LENNON, PETER A.",,71241.0,R,29,high,
PENNSYLVANIA,8,2010,244306.0,130759.0,"FITZPATRICK, MICHAEL G.",113547.0,"MURPHY, PATRICK J.*",,17212.0,R,29,high,
PENNSYLVANIA,8,2008,348515.0,145103.0,"MANION, TOM",197869.0,"MURPHY, PATRICK J.*",5543.0,52766.0,D,29,high,0.0
PENNSYLVANIA,8,2006,249817.0,124138.0,"FITZPATRICK, MICHAEL G.*",125656.0,"MURPHY, PATRICK .",23.0,1518.0,D,29,high,0.0
PENNSYLVANIA,8,2004,331276.0,183229.0,"FITZPATRICK, MICHAEL G.",143427.0,"SCHRADER, VIRGINIA WATERS",4620.0,39802.0,R,29,high,0.0
PENNSYLVANIA,8,2002,203687.0,127475.0,"GREENWOOD, JAMES C.*",76178.0,"REECE, TIMOTHY T.",34.0,51297.0,R,29,high,0.0
PENNSYLVANIA,9,2010,194379.0,141904.0,"SHUSTER, BILL*",2322.0,"CONNERS, TOM",153.0,89582.0,R,29,high,0.2572294332206668
PENNSYLVANIA,9,2008,273686.0,174951.0,"SHUSTER, BILL*",98735.0,"BARR, TONY",,76216.0,R,29,high,
PENNSYLVANIA,9,2006,200820.0,121069.0,"SHUSTER, BILL*",79610.0,"BARR, TONY",141.0,41459.0,R,29,high,0.0
PENNSYLVANIA,9,2004,265272.0,184320.0,"SHUSTER, BILL*",80787.0,"POLITIS, PAUL I.",165.0,103533.0,R,29,high,0.0
PENNSYLVANIA,9,2002,174849.0,124184.0,"SHUSTER, BILL*",50558.0,"HENRY, JOHN R.",107.0,73626.0,R,29,high,0.0
PENNSYLVANIA,10,2010,200655.0,110599.0,"MARINO, THOMAS A.",89846.0,"CARNEY, CHRISTOPHER P.*",210.0,20753.0,R,29,high,0.0
PENNSYLVANIA,10,2008,285518.0,124681.0,"HACKETT, CHRIS",160837.0,"CARNEY, CHRISTOPHER P.*",,36156.0,D,29,high,
PENNSYLVANIA,10,2006,208173.0,97862.0,"SHERWOOD, DON*",110115.0,"CARNEY, CHRISTOPHER P.",196.0,12253.0,D,29,high,0.0
PENNSYLVANIA,10,2004,206839.0,191967.0,"SHERWOOD, DON*",,,14872.0,191967.0,R,29,high,
PENNSYLVANIA,10,2002,164159.0,152017.0,"SHERWOOD, DON*",,,12142.0,152017.0,R,29,high,
PENNSYLVANIA,11,2010,186961.0,102179.0,"BARLETTA, LOU",84618.0,"KANJORSKI, PAUL E.*",164.0,17561.0,R,29,high,0.0
PENNSYLVANIA,11,2008,283530.0,137151.0,"BARLETTA, LOU",146379.0,"KANJORSKI, PAUL E.*",,9228.0,D,29,high,
PENNSYLVANIA,11,2006,185413.0,51033.0,"LEONARDI, JOSEPH F.",134340.0,"KANJORSKI, PAUL E.*",40.0,83307.0,D,29,high,0.0
PENNSYLVANIA,11,2004,181285.0,,,171147.0,"KANJORSKI, PAUL E.*",10138.0,171147.0,D,29,high,
PENNSYLVANIA,11,2002,168615.0,71543.0,"BARLETTA, LOU",93758.0,"KANJORSKI, PAUL E.*",3314.0,922215.0,D,29,high,0.0
PENNSYLVANIA,12,2010,185306.0,91170.0,"BURNS, TIM",94056.0,"CRITZ, MARK S.*",80.0,2886.0,D,29,high,0.0
PENNSYLVANIA,12,2008,268388.0,113120.0,"RUSSELL, WILLIAM",155268.0,"MURTHA, JOHN P.*",,42148.0,D,29,high,
PENNSYLVANIA,12,2006,203163.0,79612.0,"IREY, DIANA",123472.0,"MURTHA, JOHN P.*",79.0,43860.0,D,29,high,0.0
PENNSYLVANIA,12,2004,204710.0,,,204504.0,"MURTHA, JOHN P.*",206.0,204504.0,D,29,high,
PENNSYLVANIA,12,2002,169028.0,44818.0,"CHOBY, BILL",124201.0,"MURTHA, JOHN P.*                       DT                   D.   ADS      Mi           ASS      TSM",,,,29,high,
PENNSYLVANIA,13,2010,210697.0,91987.0,"ADCOCK, CARSON DEE",118710.0,"SCHWARTZ, ALLYSON Y.*",,26723.0,D,29,high,
PENNSYLVANIA,13,2008,313513.0,108271.0,"KATS, MARINA",196868.0,"SCHWARTZ, ALLYSON Y.*",8374.0,88597.0,D,29,high,0.0
PENNSYLVANIA,13,2006,222860.0,75492.0,"BHAKTA, RAJ PETER",147368.0,"SCHWARTZ, ALLYSON Y.*",,71876.0,D,29,high,
PENNSYLVANIA,13,2004,308124.0,127205.0,"BROWN, MELISSA",171763.0,"SCHWARTZ, ALLYSON Y.",9156.0,44558.0,D,29,high,0.0
PENNSYLVANIA,13,2002,211867.0,100295.0,"BROWN, MELISSA",107945.0,"HOEFFEL, JOSEPH M.*",3627.0,7650.0,D,29,high,0.0
PENNSYLVANIA,14,2010,178509.0,49997.0,"HALUSZCZAK, MELISSA",122073.0,"DOYLE, MIKE*",6439.0,72076.0,D,29,high,0.0
PENNSYLVANIA,14,2008,265540.0,,,242326.0,"DOYLE, MIKE*",23214.0,242326.0,D,29,high,
PENNSYLVANIA,14,2006,179401.0,,,161075.0,"DOYLE, MIKE*",18326.0,161075.0,D,29,high,
PENNSYLVANIA,14,2004,220299.0,,,220139.0,"DOYLE, MIKE*",160.0,220139.0,D,29,high,
PENNSYLVANIA,14,2002,123412.0,,,,,891123.0,,,29,high,
PENNSYLVANIA,15,2010,204549.0,109534.0,"DENT, CHARLIE*",79766.0,"CALLAHAN, JOHN B.",15249.0,29768.0,R,29,high,0.0
PENNSYLVANIA,15,2008,309766.0,181433.0,"DENT, CHARLIE*",128333.0,"BENNETT, SAM",,53100.0,R,29,high,
PENNSYLVANIA,15,2006,198173.0,106153.0,".     DENT, CHARLIE*",86186.0,"DERTINGER, CHARLES",5834.0,19967.0,R,29,high,0.0
PENNSYLVANIA,15,2004,291147.0,170634.0,"DENT, CHARLIE",114646.0,"DRISCOLL, JOE",5867.0,55988.0,R,29,high,0.0
PENNSYLVANIA,15,2002,98493.0,73212.0,WALA,,"TOOMEY, PATRICK J.*",,25281.0,R,29,high,
PENNSYLVANIA,16,2010,205304.0,134113.0,"PITTS, JOE*",70994.0,"HERR, LOIS",197.0,63119.0,R,29,high,0.0
PENNSYLVANIA,16,2008,305167.0,170329.0,"PITTS, JOE*",120193.0,"SLATER, BRUCE A.",14645.0,50136.0,R,29,high,0.0
PENNSYLVANIA,16,2006,204669.0,115741.0,"PITTS, JOE*",80915.0,"HERR, LOIS",8013.0,34826.0,R,29,high,0.0
PENNSYLVANIA,16,2004,285313.0,183620.0,"PITTS, JOE*",98410.0,"HERR, LOIS",3283.0,85210.0,R,29,high,0.0
PENNSYLVANIA,16,2002,134597.0,119046.0,"PITTS, JOE*",,,15551.0,119046.0,R,29,high,
PENNSYLVANIA,17,2010,213528.0,95000.0,"ARGALL, DAVE",118486.0,"HOLDEN, TIM*",42.0,23486.0,D,29,high,0.0
PENNSYLVANIA,17,2008,302608.0,109909.0,"GILHOOLEY, TONI",192699.0,"HOLDEN, TIM*",,82790.0,D,29,high,
PENNSYLVANIA,17,2006,212777.0,75455.0,"WERTZ, MATTHEW A.",137253.0,"HOLDEN, TIM*",69.0,61798.0,D,29,high,0.0
PENNSYLVANIA,17,2004,291793.0,113592.0,"PATERNO, SCOTT",172412.0,"HOLDEN, TIM*",5789.0,58820.0,D,29,high,0.0
PENNSYLVANIA,17,2002,201291.0,97802.0,"GEKAS, GEORGE W,*",103483.0,"HOLDEN, TIM*",,5681.0,D,29,high,
PENNSYLVANIA,18,2010,240708.0,161888.0,"MURPHY, TIM*",78558.0,"CONNOLLY, DAN",262.0,83330.0,R,29,high,0.0
PENNSYLVANIA,18,2008,333010.0,213349.0,"MURPHY, TIM*",119661.0,"O'DONNELL, STEVE",,93688.0,R,29,high,
PENNSYLVANIA,18,2006,250240.0,144632.0,"MURPHY, TIM*",105419.0,"KLUKO, CHAD",189.0,39213.0,R,29,high,0.0
PENNSYLVANIA,18,2004,315342.0,197894.0,"MURPHY, TIM*",117420.0,"BOLES, MARK G",28.0,80474.0,R,29,high,0.0
PENNSYLVANIA,18,2002,199349.0,119885.0,"MURPHY, TIM",79451.0,"MACHEK, JACK",13.0,40434.0,R,29,high,0.0
PENNSYLVANIA,19,2008,328395.0,218862.0,"PLATTS, TODD R.*",109533.0,"AVILLO, PHILIP J., JR.",,109329.0,R,29,high,
PENNSYLVANIA,19,2006,222898.0,142512.0,"PLATTS, TODD R.*",74625.0,"AVILLO, PHILIP J., JR.",5761.0,67887.0,R,29,high,0.0
PENNSYLVANIA,19,2004,245251.0,224274.0,"PLATTS, TODD R.*",,,20977.0,224274.0,R,29,high,
PENNSYLVANIA,19,2002,157145.0,143097.0,"PLATTS, TODD R.*",,,14048.0,143097.0,R,29,high,
PENNSYLVANIA,19,2010,3959504.0,,,,,,151943.0,R,29,high,
RHODE ISLAND,1,2010,160814.0,71542.0,"LOUGHLIN, JOHN J., Il",81269.0,"CICILLINE, DAVID N.",8003.0,9727.0,D,29,high,0.0
RHODE ISLAND,1,2008,211998.0,51340.0,"SCOTT, JONATHAN P.",145254.0,"KENNEDY, PATRICK .*",15404.0,993914.0,D,29,high,0.0
RHODE ISLAND,1,2006,180185.0,41856.0,"SCOTT, JONATHAN P.",124676.0,"KENNEDY, PATRICK .*",13653.0,82820.0,D,29,high,0.0
RHODE ISLAND,1,2004,195010.0,69819.0,"ROGERS, DAVID W.",124923.0,"KENNEDY, PATRICK J.*",268.0,55104.0,D,29,high,0.0
RHODE ISLAND,1,2002,159066.0,59370.0,"ROGERS, DAVID W.",95286.0,"KENNEDY, PATRICK .*",4410.0,35916.0,D,29,high,0.0
RHODE ISLAND,2,2010,174670.0,55409.0,"ZACCARIA, MARK S.",104442.0,"LANGEVIN, JIM*",14819.0,49033.0,D,29,high,0.0
RHODE ISLAND,2,2008,226234.0,67433.0,".   ZACCARIA, MARK S.",158416.0,"LANGEVIN, JIM*",385.0,90983.0,D,29,high,0.0
RHODE ISLAND,2,2006,193197.0,,,140352.0,"LANGEVIN, JIM*",52845.0,140352.0,D,29,high,
RHODE ISLAND,2,2004,207165.0,43139.0,"BARTON, ARTHUR CHUCK, Ill",154392.0,"LANGEVIN, JIM*",9634.0,111253.0,D,29,high,0.0
RHODE ISLAND,2,2002,169580.0,37767.0,"MATSON, JOHN O.",129390.0,"LANGEVIN, JIM*",2423.0,91623.0,D,29,high,0.0
SOUTH CAROLINA,1,2010,233695.0,152755.0,"SCOTT, TIM",67008.0,"FRASIER, BEN",13932.0,85747.0,R,29,high,0.0
SOUTH CAROLINA,1,2008,341879.0,177540.0,"BROWN, HENRY        E., JR.*",163724.0,"KETNER, LINDA",615.0,13816.0,R,29,high,0.0
SOUTH CAROLINA,1,2006,193375.0,115766.0,"BROWN, HENRY        E., JR.*",73218.0,"MAATTA, RANDY",4391.0,42548.0,R,29,high,0.0
SOUTH CAROLINA,1,2004,212308.0,186448.0,"BROWN, HENRY        E., JR.*",,,25860.0,186448.0,R,29,high,
SOUTH CAROLINA,1,2002,142425.0,127562.0,"BROWN, HENRY        E., JR.*",,,14863.0,127562.0,R,29,high,
SOUTH DAKOTA,1,2010,319426.0,153703.0,"NOEM, KRISTI",146589.0,"HERSETH SANDLIN, STEPHANIE*",19134.0,7114.0,R,29,high,0.0
SOUTH DAKOTA,1,2008,379007.0,122966.0,"LIEN, CHRIS",256041.0,"HERSETH SANDLIN, STEPHANIE*",,133075.0,D,29,high,
SOUTH DAKOTA,1,2006,333562.0,97864.0,"WHALEN, BRUCE W.",230468.0,"HERSETH, STEPHANIE*",5230.0,132604.0,D,29,high,0.0
SOUTH DAKOTA,1,2004,389468.0,178823.0,"DIEDRICH, LARRY",207837.0,"HERSETH, STEPHANIE*",2808.0,29014.0,D,29,high,0.0
SOUTH DAKOTA,1,2002,336807.0,180023.0,"JANKLOW, BILL",153656.0,"HERSETH, STEPHANIE",3128.0,26367.0,R,29,high,0.0
SOUTH DAKOTA,1,2000,314761.0,231083.0,"THUNE, JOHN*",78321.0,"HOHN, CURT",5357.0,152762.0,R,29,high,0.0
SOUTH DAKOTA,1,1998,258590.0,194157.0,"THUNE, JOHN*",64433.0,"MOSER, JEFF",,129724.0,R,29,high,
SOUTH DAKOTA,1,1996,323203.0,186393.0,"THUNE, JOHN",119547.0,"WEILAND, RICK",17263.0,66846.0,R,29,high,0.0
SOUTH DAKOTA,1,1994,305922.0,112054.0,"BERKHOUT, JAN",183036.0,"JOHNSON, TIM*",10832.0,70982.0,D,29,high,0.0
SOUTH DAKOTA,1,1992,332902.0,89375.0,"TIMMER, JOHN",230070.0,"JOHNSON, TIM*",13457.0,140695.0,D,29,high,0.0
SOUTH DAKOTA,1,1990,257298.0,83484.0,"FRANKENFELD,    DON",173814.0,"JOHNSON, TIM*",,90330.0,D,29,high,
SOUTH DAKOTA,1,1988,311916.0,88157.0,"VOLK, DAVID",223759.0,"JOHNSON, TIM*",,135602.0,D,29,high,
SOUTH DAKOTA,AL,1986,289723.0,118261.0,"BELL, DALE",171462.0,"JOHNSON, TIM",,53201.0,D,29,high,
SOUTH DAKOTA,AL,1984,316222.0,134821.0,"BELL, DALE",181401.0,"DASCHLE, TOM*",,46580.0,D,29,high,
SOUTH DAKOTA,AL,1982,275652.0,133530.0,"ROBERTS, CLINT",142122.0,"DASCHLE, TOM*",,8592.0,D,29,high,
TENNESSEE,1,2010,152161.0,123006.0,"ROE, PHIL*",26045.0,"CLARK, MICHAEL",3110.0,96961.0,R,29,high,0.0
TENNESSEE,1,2008,234.0,381.0,"ROE, PHIL",168343.0,"RUSSELL, ROB",57525.0,110818.0,R,29,high,965.8760683760684
TENNESSEE,1,2006,177278.0,108336.0,"DAVIS, DAVID",65538.0,"TRENT, RICK",3404.0,42798.0,R,29,high,0.0
TENNESSEE,1,2004,233560.0,172543.0,"JENKINS, BILL*",56361.0,"LEONARD, GRAHAM",4656.0,116182.0,R,29,high,0.0
TENNESSEE,1,2002,128886.0,127300.0,"JENKINS, BILL*",,,1586.0,127300.0,R,29,high,
TENNESSEE,2,2010,173380.0,141796.0,"DUNCAN, JOHN J. JIMMY, JR.*",25400.0,"HANCOCK, DAVE",6184.0,116396.0,R,29,high,0.0
TENNESSEE,2,2008,290759.0,227120.0,"DUNCAN, JOHN J. JIMMY, JR.*",63639.0,"SCOTT, BOB",,163481.0,R,29,high,
TENNESSEE,2,2006,202120.0,157095.0,"DUNCAN, JOHNJ.JIMMY, JR.*",45025.0,"GREENE, JOHN",,112070.0,R,29,high,
TENNESSEE,2,2004,272928.0,215795.0,"DUNCAN, JOHNJ.JIMMY, JR.*",52155.0,"GREENE, JOHN",4978.0,163640.0,R,29,high,0.0
TENNESSEE,2,2002,185981.0,146887.0,"DUNCAN, JOHN J. JIMMY, JR.*",37035.0,"GREENE, JOHN",2059.0,109852.0,R,29,high,0.0
TENNESSEE,3,2010,162056.0,92032.0,"FLEISCHMANN, CHUCK",45387.0,"WOLFE, JOHN",24637.0,46645.0,R,29,high,0.0
TENNESSEE,3,2008,266628.0,184964.0,"WAMP, ZACH*",73059.0,"VANDAGRIFF, DOUG",8605.0,111905.0,R,29,high,0.0
TENNESSEE,3,2006,199115.0,130791.0,"WAMP, ZACH*",68324.0,"BENEDICT, BRENT",,62467.0,R,29,high,
TENNESSEE,3,2004,256636.0,166154.0,"WAMP, ZACH*",84295.0,"WOLFE, JOHN",6187.0,81859.0,R,29,high,0.0
TENNESSEE,3,2002,173921.0,112254.0,"WAMP, ZACH*",58824.0,"WOLFE, JOHN",2843.0,53430.0,R,29,high,0.0
TENNESSEE,4,2008,249805.0,94447.0,"LANKFORD, MONTY J.",146776.0,"DAVIS, LINCOLN*",8582.0,52329.0,D,29,high,0.0
TENNESSEE,4,2006,186115.0,62449.0,"MARTIN, KENNETH",123666.0,"DAVIS, LINCOLN*",,61217.0,D,29,high,
TENNESSEE,4,2004,252646.0,109993.0,"BOWLING, JANICE",138459.0,"DAVIS, LINCOLN*",4194.0,28466.0,D,29,high,0.0
TENNESSEE,4,2002,184300.0,85680.0,"BOWLING, JANICE",95989.0,"DAVIS, LINCOLN",2631.0,10309.0,D,29,high,0.0
TENNESSEE,5,2010,176362.0,74204.0,"HALL, DAVID",99162.0,"COOPER, JIM*",2996.0,24958.0,D,29,high,0.0
TENNESSEE,5,2008,275602.0,85471.0,"DONOVAN, GERARD",181467.0,"COOPER, JIM*",8664.0,95996.0,D,29,high,0.0
TENNESSEE,5,2006,178142.0,49702.0,"KOVACH, THOMAS F.",122919.0,"COOPER, IM*",5521.0,73217.0,D,29,high,0.0
TENNESSEE,5,2004,243963.0,74978.0,"KNAPP, SCOTT",168970.0,"COOPER, jIM*                 S",193.0,9921.0,D,29,high,0.0007296188356431099
TENNESSEE,5,2002,170886.0,56825.0,"DUVALL, ROBERT",108903.0,"COOPER, JIM",5158.0,52078.0,D,29,high,0.0
TENNESSEE,6,2010,191084.0,128517.0,"BLACK, DIANE",56145.0,"CARTER, BRETT",6422.0,72372.0,R,29,high,0.0
TENNESSEE,6,2008,261028.0,,,194264.0,"GORDON, BART*",66764.0,194264.0,D,29,high,
TENNESSEE,6,2006,192380.0,60392.0,"DAVIS, DAVID R.",129069.0,"GORDON, BART*",2919.0,68677.0,D,29,high,0.0
TENNESSEE,6,2004,260642.0,87523.0,"DEMAS, NICK",167448.0,"GORDON, BART*",5671.0,79925.0,D,29,high,0.0
TENNESSEE,6,2002,177547.0,57401.0,"GARRISON, ROBERT L.",117034.0,"GORDON, BART*",3112.0,,,29,high,0.0
TENNESSEE,7,2010,219583.0,158916.0,"BLACKBURN,     MARSHA*",54347.0,"RABIDOUX, GREG",6320.0,104569.0,R,29,high,0.0
TENNESSEE,7,2008,316881.0,217332.0,"BLACKBURN,     MARSHA*",99549.0,"MORRIS, RANDY G.",,117783.0,R,29,high,
TENNESSEE,7,2006,230582.0,152288.0,"BLACKBURN,     MARSHA*",73369.0,"MORRISON, BILL",4925.0,78919.0,R,29,high,0.0
TENNESSEE,7,2004,232404.0,232404.0,"BLACKBURN,     MARSHA*",,,,232404.0,R,29,high,
TENNESSEE,7,2002,195558.0,138314.0,"BLACKBURN,     MARSHA",51790.0,"BARRON, TIM",5454.0,86524.0,R,29,high,0.0
TENNESSEE,8,2010,167405.0,98759.0,"FINCHER, STEPHEN LEE",64960.0,"HERRON, ROY",3686.0,33799.0,R,29,high,0.0
TENNESSEE,8,2008,180519.0,,,180465.0,"TANNER, JOHN*",54.0,180465.0,D,29,high,
TENNESSEE,8,2006,177108.0,47492.0,"FARMER, JOHN",129610.0,"TANNER, JOHN*",,82118.0,D,29,high,
TENNESSEE,8,2004,233567.0,59853.0,"HART, JAMES L.",173623.0,"TANNER, JOHN*",91.0,113770.0,D,29,high,0.0
TENNESSEE,8,2002,167970.0,45853.0,"McCLAIN, MAT",117811.0,"TANNER, JOHN*",4306.0,71958.0,D,29,high,0.0
TENNESSEE,9,2010,134907.0,33879.0,"BERGMANN, CHARLOTTE",99827.0,"COHEN, STEVE*",1201.0,65948.0,D,29,high,0.0
TENNESSEE,9,2008,226282.0,,,198798.0,"COHEN, STEVE*",27484.0,198798.0,D,29,high,
TENNESSEE,9,2002,144260.0,,,120904.0,"FORD, HAROLD E., JR.*",23356.0,120904.0,D,29,high,
TENNESSEE,9,2006,1715426.0,,,,,,61314.0,D,29,high,
TENNESSEE,9,2004,2218738.0,,,,,,128862.0,R,29,high,
TEXAS,1,2010,144209.0,129398.0,"GOHMERT, LOUIE*",,,14811.0,129398.0,R,29,high,
TEXAS,1,2008,215826.0,189012.0,"GOHMERT, LOUIE*",,,26814.0,189012.0,R,29,high,
TEXAS,1,2006,153070.0,104099.0,"GOHMERT, LOUIE*",46303.0,"OWEN, ROGER L.",2668.0,57796.0,R,29,high,0.0
TEXAS,1,2004,255507.0,157068.0,"GOHMERT, LOUIE",96281.0,"SANDLIN, MAX*",2158.0,60787.0,R,29,high,0.0
TEXAS,2,2010,146731.0,130020.0,"POE, TED*",,,16711.0,130020.0,R,29,high,
TEXAS,2,2008,196914.0,175101.0,"POE, TED*",,,21813.0,175101.0,R,29,high,
TEXAS,2,2006,137865.0,90490.0,"POE, TED*",45080.0,"BINDERIM, GARY E.",2295.0,45410.0,R,29,high,0.0
TEXAS,2,2004,252038.0,139951.0,"POE, TED",108156.0,"LAMPSON, NICK*",3931.0,31795.0,R,29,high,0.0
TEXAS,3,2010,152652.0,101180.0,"JOHNSON,     SAM*",47848.0,"LINGENFELDER, JOHN",3624.0,53332.0,R,29,high,0.0
TEXAS,3,2008,285783.0,170742.0,"JOHNSON,     SAM*",108693.0,"DALEY, TOM",6348.0,62049.0,R,29,high,0.0
TEXAS,3,2006,141881.0,88690.0,"JOHNSON,     SAM*",49529.0,"DODD, DAN",3662.0,39161.0,R,29,high,0.0
TEXAS,3,2004,210352.0,180099.0,"JOHNSON,     SAM*",,,30253.0,180099.0,R,29,high,
TEXAS,4,2010,186286.0,136338.0,"HALL, RALPH M.*",40975.0,"HATHCOX, VALINDA",8973.0,95363.0,R,29,high,0.0
TEXAS,4,2008,300744.0,206906.0,"HALL, RALPH M.*",88067.0,"MELANCON, GLENN",5771.0,118839.0,R,29,high,0.0
TEXAS,4,2006,165269.0,106495.0,"HALL, RALPH M.*",55278.0,"MELANCON, GLENN",3496.0,51217.0,R,29,high,0.0
TEXAS,4,2004,267942.0,182866.0,"HALL, RALPH M.*",81585.0,"NICKERSON, JIM",3491.0,101281.0,R,29,high,0.0
TEXAS,5,2010,151349.0,106742.0,"HENSARLING,     JEB*",41649.0,"BERRY, TOM",2958.0,65093.0,R,29,high,0.0
TEXAS,5,2008,194861.0,162894.0,"HENSARLING,     JEB*",,,31967.0,162894.0,R,29,high,
TEXAS,5,2006,143252.0,88478.0,"HENSARLING,     JEB*",50983.0,"THOMPSON, CHARLIE",3791.0,37495.0,R,29,high,0.0
TEXAS,5,2004,230845.0,148816.0,"HENSARLING,     JEB*",75911.0,"BERNSTEIN, BILL",6118.0,72905.0,R,29,high,0.0
TEXAS,6,2010,162557.0,107140.0,"BARTON,     JOE L.*",50717.0,".    COZAD, DAVID E.",4700.0,56423.0,R,29,high,0.0
TEXAS,6,2008,280582.0,174008.0,"BARTON,     JOE L.*",99.0,"OTTO, LUDWIG",919.0,74089.0,R,29,high,0.37620374792395805
TEXAS,6,2006,152036.0,91927.0,"BARTON,     JOE L.*",56369.0,"HARRIS, DAVID T.",3740.0,35558.0,R,29,high,0.0
TEXAS,6,2004,255627.0,168767.0,"BARTON,     JOE L.*",83609.0,"MEYER, MORRIS",3251.0,85158.0,R,29,high,0.0
TEXAS,7,2008,290934.0,162635.0,"CULBERSON,     JOHN*",123242.0,"SKELLY, MICHAEL",5057.0,39393.0,R,29,high,0.0
TEXAS,7,2006,167785.0,99318.0,"CULBERSON,     JOHN*",64514.0,"HENLEY, JIM            B",58.0,34804.0,R,29,high,0.0232142324999255
TEXAS,7,2004,273651.0,175440.0,"CULBERSON,     JOHN*",91126.0,"MARTINEZ, JOHN",7085.0,84314.0,R,29,high,0.0
TEXAS,8,2010,201099.0,161417.0,"BRADY, KEVIN*",34694.0,".   HARGETT, KENT",4988.0,126723.0,R,29,high,0.0
TEXAS,8,2008,285451.0,207128.0,"BRADY, KEVIN*",70758.0,"HARGETT, KENT",7565.0,136370.0,R,29,high,0.0
TEXAS,8,2006,157058.0,105665.0,"BRADY, KEVIN*",51393.0,"WRIGHT, JAMES JIM",,54272.0,R,29,high,
TEXAS,8,2004,260628.0,179599.0,"BRADY, KEVIN*",77324.0,"WRIGHT, JAMES JIM",3705.0,102275.0,R,29,high,0.0
TEXAS,9,2010,105767.0,24201.0,"MUELLER, STEVE",80107.0,"GREEN, AL*",1459.0,55906.0,D,29,high,0.0
TEXAS,9,2008,153628.0,,,143868.0,"GREEN, AL*",9760.0,143868.0,D,29,high,
TEXAS,9,2006,60253.0,,,60253.0,"GREEN, AL*",,60253.0,D,29,high,
TEXAS,9,2004,158566.0,42132.0,"MOLINA, ARLETTE",114462.0,"GREEN, AL",1972.0,72330.0,D,29,high,0.0
TEXAS,10,2010,224171.0,144980.0,"McCAUL,     MICHAEL*",74086.0,"ANKRUM, TED",5105.0,70894.0,R,29,high,0.0
TEXAS,10,2008,333083.0,179493.0,"McCAUL,     MICHAEL*",143719.0,"DOHERTY, LARRY JOE",9871.0,35774.0,R,29,high,0.0
TEXAS,10,2006,176755.0,97726.0,"McCAUL,     MICHAEL*",71415.0,"ANKRUM, TED",7614.0,26311.0,R,29,high,0.0
TEXAS,10,2004,231643.0,182113.0,"McCAUL,     MICHAEL                   ae",,,49530.0,182113.0,R,29,high,
TEXAS,11,2010,155340.0,125581.0,"CONAWAY,     K. MICHAEL*",23989.0,"QUILLIAN, JAMES",5770.0,101592.0,R,29,high,0.0
TEXAS,11,2008,214676.0,189625.0,"CONAWAY,     K. MICHAEL*",,,25051.0,189625.0,R,29,high,
TEXAS,11,2006,107268.0,107268.0,"CONAWAY,     K. MICHAEL*",,,,107268.0,R,29,high,
TEXAS,11,2004,230977.0,177291.0,"CONAWAY,     K. MICHAEL",50339.0,"RAASCH, WAYNE",3347.0,126952.0,R,29,high,0.0
TEXAS,12,2008,268754.0,181662.0,"GRANGER,     KAY*",82250.0,"SMITH, TRACEY",4842.0,99412.0,R,29,high,0.0
TEXAS,12,2004,239538.0,173222.0,"GRANGER,     KAY*",66316.0,"ALVARADO, FELIX",,106906.0,R,29,high,
TEXAS,24,2006,140138.0,83835.0,"MARCHANT, KENNY*",52075.0,"PAGE, GARY R.",4228.0,31760.0,R,29,high,0.0
TEXAS,24,2004,241374.0,154435.0,"MARCHANT, KENNY",82599.0,"PAGE, GARY R.",4340.0,71836.0,R,29,high,0.0
TEXAS,25,2010,189247.0,84849.0,"CAMPBELL, DONNA",99967.0,"DOGGETT, LLOYD*",4431.0,15118.0,D,29,high,0.0
TEXAS,25,2008,291296.0,88693.0,"MOROVICH, GEORGE L.",191755.0,"DOGGETT, LLOYD*",10848.0,103062.0,D,29,high,0.0
TEXAS,25,2006,163424.0,42975.0,"ROSTIG, GRANT",109911.0,"DOGGETT, LLOYD*",10538.0,66936.0,D,29,high,0.0
TEXAS,26,2010,180431.0,120984.0,"BURGESS,    MICHAEL C.*",55385.0,"DURRANCE, NEIL L.",4062.0,65599.0,R,29,high,0.0
TEXAS,26,2008,324376.0,195181.0,"BURGESS,    MICHAEL C.*",118167.0,"LEACH, KEN",11028.0,77014.0,R,29,high,0.0
TEXAS,26,2006,156483.0,94219.0,"BURGESS,    MICHAEL C.*",58271.0,"BARNWELL, TIM",3993.0,35948.0,R,29,high,0.0
TEXAS,26,2004,274539.0,180519.0,"BURGESS,    MICHAEL C.*",89809.0,"REYES, LICO",4211.0,90710.0,R,29,high,0.0
TEXAS,27,2010,106599.0,51001.0,"FARENTHOLD, R. BLAKE",50226.0,"ORTIZ, SOLOMON      P.*",5372.0,,,29,high,0.0
TEXAS,27,2008,180951.0,69458.0,"VADEN, WILLIAM WILLIE",104864.0,"ORTIZ, SOLOMON      P*",6629.0,35406.0,D,29,high,0.0
TEXAS,27,2006,109314.0,42538.0,"VADEN, WILLIAM WILLIE",62058.0,"ORTIZ, SOLOMON      P.*",4718.0,19520.0,D,29,high,0.0
TEXAS,27,2004,177536.0,61955.0,"VADEN, WILLIAM WILLIE",112081.0,"ORTIZ, SOLOMON      P.*",3500.0,50126.0,D,29,high,0.0
TEXAS,28,2010,111402.0,46740.0,"UNDERWOOD, BRYAN",62773.0,"CUELLAR, HENRY*",1889.0,16033.0,D,29,high,0.0
TEXAS,28,2008,179740.0,52524.0,"FISH, JIM",123494.0,"CUELLAR, HENRY*",3722.0,70970.0,D,29,high,0.0
TEXAS,28,2006,77755.0,,,68372.0,"CUELLAR, HENRY*",9383.0,68372.0,D,29,high,
TEXAS,29,2010,66948.0,22825.0,"MORALES, ROY",43257.0,"GREEN, GENE*",866.0,20432.0,D,29,high,0.0
TEXAS,29,2008,106794.0,25512.0,"STORY, ERIC",79718.0,"GREEN, GENE*",1564.0,54206.0,D,29,high,0.0
TEXAS,29,2006,50550.0,12347.0,"STORY, ERIC",37174.0,"GREEN, GENE*",1029.0,24827.0,D,29,high,0.0
TEXAS,29,2004,83124.0,,,78256.0,"GREEN, GENE*",868.0,78256.0,D,29,high,
TEXAS,30,2010,113978.0,24668.0,"BRODEN, STEPHEN E.",86322.0,"JOHNSON, EDDIE",2988.0,61654.0,D,29,high,0.0
TEXAS,30,2008,203976.0,32361.0,"WOOD, FRED",168249.0,"JOHNSON, EDDIE",3366.0,135888.0,D,29,high,0.0
TEXAS,30,2006,101448.0,17850.0,"AURBACH, WILSON",81348.0,"JOHNSON, EDDIE",2250.0,63498.0,D,29,high,0.0
TEXAS,30,2004,155334.0,,,144513.0,"JOHNSON, EDDIE",10821.0,144513.0,D,29,high,
TEXAS,31,2010,153119.0,126384.0,"CARTER, JOHN*",,,26735.0,126384.0,R,29,high,
TEXAS,31,2008,291304.0,175563.0,"CARTER, JOHN*",106559.0,"RUIZ, BRIAN P.",9182.0,69004.0,R,29,high,0.0
TEXAS,31,2006,155383.0,90869.0,"CARTER, JOHN*",60293.0,"HARRELL, MARY BETH",4221.0,30576.0,R,29,high,0.0
TEXAS,31,2004,247427.0,160247.0,"CARTER, JOHN*",80292.0,"PORTER, JON",6888.0,79955.0,R,29,high,0.0
TEXAS,32,2010,126869.0,79433.0,"SESSIONS,   PETE*",44258.0,"RAGGIO, GRIER",3178.0,35175.0,R,29,high,0.0
TEXAS,32,2008,203110.0,116283.0,"SESSIONS,   PETE*",82406.0,"ROBERSON, ERIC",4421.0,33877.0,R,29,high,0.0
TEXAS,32,2006,126652.0,71461.0,"SESSIONS,   PETE*",52269.0,"PRYOR, WILL",2922.0,19192.0,R,29,high,0.0
TEXAS,32,2004,202236.0,109859.0,"SESSIONS,   PETE*",89030.0,"FROST, MARTIN*",3347.0,20829.0,R,29,high,0.0
TEXAS,32,2002,4295210.0,,,,,,405545.0,R,29,high,
UTAH,1,2010,195462.0,135247.0,"BISHOP, ROB*",46765.0,"BOWEN, MORGAN",13450.0,88482.0,R,29,high,0.0
UTAH,1,2008,303445.0,196799.0,"BISHOP, ROB*",92469.0,"BOWEN, MORGAN",14177.0,104330.0,R,29,high,0.0
UTAH,1,2006,178474.0,112546.0,"BISHOP, ROB*",57922.0,"OLSEN, STEVEN",8006.0,54624.0,R,29,high,0.0
UTAH,1,2004,293961.0,199615.0,"BISHOP, ROB*",85630.0,"THOMPSON, STEVEN",8.0,113985.0,R,29,high,0.02962297719765547
UTAH,1,2002,179412.0,109265.0,"BISHOP, ROB",66104.0,"THOMAS, DAVE",4043.0,43161.0,R,29,high,0.0
UTAH,2,2010,251847.0,116001.0,"PHILPOT, MORGAN",127151.0,"MATHESON, IM*",8695.0,11150.0,D,29,high,0.0
UTAH,2,2008,348.0,325.0,"DEW, BILL",120083.0,"MATHESON, JIM*",220666.0,100583.0,D,29,high,979.0977011494252
UTAH,2,2006,225818.0,84234.0,"CHRISTENSEN, LAVAR",133231.0,"MATHESON, IM*",8353.0,48997.0,D,29,high,0.0
UTAH,2,2004,341968.0,147778.0,"SWALLOW, JOHN",187250.0,"MATHESON, JIM*",6940.0,39472.0,D,29,high,0.0
UTAH,2,2002,224098.0,109123.0,"SWALLOW, JOHN",110764.0,"MATHESON, JIM*",421.0,1641.0,D,29,high,0.01691224375050201
UTAH,3,2010,193186.0,139721.0,"CHAFFETZ, JASON*",44320.0,"HYER, KAREN",9145.0,95401.0,R,29,high,0.0
UTAH,3,2008,285069.0,187035.0,"CHAFFETZ, JASON",80626.0,"SPENCER, BENNION L.",17408.0,106409.0,R,29,high,0.0
UTAH,3,2006,165398.0,95455.0,"CANNON, CHRIS*",53330.0,"BURRIDGE, CHRISTIAN",16613.0,42125.0,R,29,high,0.0
UTAH,3,2004,272928.0,173010.0,"CANNON, CHRIS*",88748.0,"BABKA, BEAU",11170.0,84262.0,R,29,high,0.0
UTAH,3,2002,153643.0,103598.0,"CANNON, CHRIS*",44533.0,"WOODSIDE, NANCY JANE",5512.0,59065.0,R,29,high,0.0
UTAH,22,2010,155609.0,,,,,,,,29,high,
VERMONT,AL,2010,238521.0,76403.0,"BEAUDRY, PAUL D.",154006.0,"WELCH, PETER*",8112.0,77603.0,D,29,high,0.0
VERMONT,AL,2008,298151.0,,,248203.0,"WELCH, PETER*",49948.0,248203.0,D,29,high,
VERMONT,AL,2006,262726.0,117023.0,"RAINVILLE, MARTHA",139815.0,"WELCH, PETER",5888.0,22792.0,D,29,high,0.0
VERMONT,AL,2004,305008.0,74271.0,"PARKE, GREG",21684.0,"DROWN, LARRY",209053.0,,,29,high,0.0
VERMONT,AL,2002,225476.0,,,,,152663.0,,,29,high,
VERMONT,AL,2000,283366.0,51977.0,"KERIN, KAREN ANN",14918.0,"DIAMONDSTONE, PETE",216471.0,,,29,high,0.0
VERMONT,AL,1998,215133.0,,,,,144393.0,,,29,high,
VERMONT,AL,1996,254706.0,83021.0,"SWEETSER, SUSAN W.",23830.0,"LONG, JACK",147855.0,,,29,high,0.0
VERMONT,AL,1994,211449.0,,,,,112926.0,,,29,high,
VERMONT,AL,1992,281626.0,86901.0,"PHILBIN, TIMOTHY",22279.0,"YOUNG, LEWIS E.",172446.0,,,29,high,0.0
VERMONT,AL,1990,209856.0,82938.0,"SMITH, PETER*",6315.0,"SANDOVAL, DOLORES",120603.0,,,29,high,0.0
VERMONT,AL,1988,240131.0,98937.0,"SMITH, PETER",45330.0,"POIRIER, PAUL N.",95864.0,8911.0,R,29,high,0.0
VERMONT,AL,1986,188954.0,168403.0,"JEFFORDS, JAMES M.*",,,20551.0,168403.0,R,29,high,
VERMONT,AL,1984,226297.0,148025.0,"JEFFORDS, JAMES M.*",60360.0,"POLLINA, ANTHONY",17912.0,87665.0,R,29,high,0.0
VERMONT,AL,1982,164951.0,114191.0,"JEFFORDS, JAMES M.*",38296.0,"KAPLAN, MARK A.",12464.0,75895.0,R,29,high,0.0
VERMONT,AL,1980,194697.0,154274.0,"JEFFORDS, JAMES M.*",,,,154274.0,R,29,high,
VERMONT,AL,1978,120502.0,90688.0,"JEFFORDS, JAMES M.*",23228.0,"DIETZ, S. MARIE",,67460.0,R,29,high,
VERMONT,AL,1976,184783.0,124458.0,"JEFFORDS, JAMES M.*",60202.0,"BURGESS, JOHN A.",,64256.0,R,29,high,
VERMONT,AL,1974,140899.0,74561.0,"JEFFORDS, JAMES M.",56342.0,"CAIN, FRANCIS J.",21.0,,,29,high,0.07079539244423311
VERMONT,AL,1972,186028.0,120924.0,"MALLARY, RICHARD W.",65062.0,"MEYER, WILLIAM H.",,55862.0,R,29,high,
VERMONT,AL,1970,152557.0,103806.0,"STAFFORD, ROBERT T.*",44415.0,"O'SHEA, BERNARD G.",,59391.0,R,29,high,
VERMONT,AL,1968,157133.0,156956.0,"STAFFORD, ROBERT T.*",,,,156956.0,R,29,high,
VERMONT,AL,1966,135748.0,89097.0,"STAFFORD, ROBERT T.*",46643.0,"RYAN, WILLIAM J.",,42454.0,R,29,high,
VERMONT,AL,1964,163452.0,92252.0,"STAFFORD, ROBERT T.*",71193.0,"O'SHEA, BERNARD G.",,21059.0,R,29,high,
VERMONT,AL,1962,121381.0,68822.0,"STAFFORD, ROBERT T.*",52535.0,"RAYNOLDS, HAROLD",,16287.0,R,29,high,
VERMONT,AL,1960,166035.0,94905.0,"STAFFORD, ROBERT T.",71111.0,"MEYER, WILLIAM H.",,23794.0,R,29,high,
VERMONT,AL,1958,122702.0,59536.0,"ARTHUR, HAROLD J.",63131.0,"MEYER, WILLIAM H.",,3595.0,D,29,high,
VERMONT,AL,1956,154536.0,103736.0,"PROUTY, WINSTON L.*",50797.0,"ST. AMOUR, CAMILLE",,52939.0,R,29,high,
VERMONT,AL,1954,114289.0,70143.0,"PROUTY, WINSTON L.*",44141.0,"BAYLAN, JOHN J.",,26002.0,R,29,high,
VERMONT,AL,1952,153060.0,109871.0,"PROUTY, WINSTON L.*",43187.0,"COMINGS, HERBERT B.",,66684.0,R,29,high,
VERMONT,AL,1950,88851.0,65248.0,"PROUTY, WINSTON L.",22709.0,"COMINGS, HERBERT B.",894.0,42539.0,R,29,high,0.0
VIRGINIA,1,2010,212236.0,135564.0,"WITTMAN, ROBERT J.*",73824.0,"BALL, KRYSTAL M.",2848.0,61740.0,R,29,high,0.0
VIRGINIA,1,2008,360292.0,203839.0,"WITTMAN, ROBERT J.*",150432.0,"DAY, BILL S., JR.",6021.0,53407.0,R,29,high,0.0
VIRGINIA,1,2006,228534.0,143889.0,"DAVIS, JO ANN*",81083.0,"O'DONNELL, SHAWN M.",3562.0,62806.0,R,29,high,0.0
VIRGINIA,1,2004,286534.0,225071.0,"DAVIS, JO ANN*",,,61463.0,225071.0,R,29,high,
VIRGINIA,1,2002,117997.0,113168.0,"DAVIS, JO ANN*",,,4829.0,113168.0,R,29,high,
VIRGINIA,2,2010,166289.0,88340.0,"RIGELL, E. SCOTT",70591.0,"NYE, GLENN C.*",7358.0,17749.0,R,29,high,0.0
VIRGINIA,2,2004,241380.0,132946.0,"DRAKE, THELMA",108180.0,"ASHE, DAVID B.",254.0,24766.0,R,29,high,0.0
VIRGINIA,2,2002,124846.0,103807.0,"SCHROCK, ED*",,,21039.0,103807.0,R,29,high,
VIRGINIA,3,2008,247288.0,,,,,97.0,,,29,high,
VIRGINIA,3,2006,138994.0,,,133546.0,"SCOTT, ROBERT C.*",5448.0,133546.0,D,29,high,
VIRGINIA,3,2004,229892.0,70194.0,"SEARS, WINSOME E.",159373.0,"SCOTT, ROBERT C.*",325.0,89179.0,D,29,high,0.0
VIRGINIA,4,2010,198389.0,123659.0,"FORBES,.RANDY*",74298.0,"LeGROW, WYNNEV. E.          ADie M",4936.0,,,29,high,0.022702871630987605
VIRGINIA,4,2008,334521.0,199075.0,"FORBES,J.RANDY*",135041.0,"MILLER, ANDREA R.",405.0,64034.0,R,29,high,0.0
VIRGINIA,4,2006,198340.0,150967.0,"FORBES,.RANDY*",,,47373.0,150967.0,R,29,high,
VIRGINIA,4,2004,283027.0,182444.0,"FORBES, J. RANDY*",100413.0,"MENEFEE, JONATHAN R.",170.0,82031.0,R,29,high,0.0
VIRGINIA,4,2002,111041.0,108733.0,"FORBES,J.RANDY*",,,2308.0,108733.0,R,29,high,
VIRGINIA,5,2010,235299.0,119560.0,"HURT, ROBERT",110562.0,"PERRIELLO, TOM S. P.*     Sy",,8998.0,R,29,high,
VIRGINIA,5,2008,317076.0,158083.0,"GOODE, VIRGIL H., JR.*",158810.0,"PERRIELLO, TOM S. P.",183.0,,,29,high,0.0
VIRGINIA,5,2006,212079.0,125370.0,"GOODE, VIRGIL H., JR.*",84682.0,"WEED, AL C., Il",2027.0,40688.0,R,29,high,0.0
VIRGINIA,5,2004,270758.0,172431.0,"GOODE, VIRGIL H., JR.*",98237.0,"WEED, ALC., Il",90.0,74194.0,R,29,high,0.0
VIRGINIA,5,2002,150233.0,95360.0,"GOODE, VIRGIL H., JR.*",54805.0,"RICHARDS, MEREDITH M.",68.0,40555.0,R,29,high,0.0
VIRGINIA,6,2010,167154.0,127487.0,"GOODLATTE,    ROBERT W.*",,,39667.0,127487.0,R,29,high,
VIRGINIA,6,2008,312392.0,192350.0,"GOODLATTE,    ROBERT W.*",114367.0,"RASOUL, S. SAM",5675.0,77983.0,R,29,high,0.0
VIRGINIA,6,2006,203995.0,153187.0,"GOODLATTE,    ROBERT W.*",,,50808.0,153187.0,R,29,high,
VIRGINIA,6,2004,213648.0,206560.0,"GOODLATTE,    ROBERT W.*",,,7088.0,206560.0,R,29,high,
VIRGINIA,6,2002,108732.0,105530.0,"GOODLATTE,    ROBERT W.*",,,3202.0,105530.0,R,29,high,
VIRGINIA,7,2010,233402.0,138209.0,"CANTOR, ERIC*",79616.0,"WAUGH, RICK E. JR.",15577.0,8593.0,R,29,high,0.0
VIRGINIA,7,2008,372337.0,233531.0,"CANTOR, ERIC*",138123.0,"HARTKE, ANITA",683.0,95408.0,R,29,high,0.0
VIRGINIA,7,2006,256397.0,163706.0,"CANTOR, ERIC*",88206.0,"NACHMAN, JAMES M.",4485.0,75500.0,R,29,high,0.0
VIRGINIA,7,2004,305658.0,230765.0,"CANTOR, ERIC*",,,74893.0,230765.0,R,29,high,
VIRGINIA,7,2002,163665.0,113658.0,"CANTOR, ERIC*",49854.0,"JONES, BEN L. COOTER",153.0,63804.0,R,29,high,0.0
VIRGINIA,8,2010,190748.0,71145.0,"MURRAY, . PATRICK",116404.0,"MORAN, JAMES P.*",3199.0,45259.0,D,29,high,0.0
VIRGINIA,8,2004,287919.0,106231.0,"CHENEY, LISA MARIE",171986.0,"MORAN, JAMES P.*",9702.0,65755.0,D,29,high,0.0
VIRGINIA,9,2006,191415.0,61574.0,"CARRICO, C. W, BILL",129705.0,"BOUCHER, RICK*",136.0,68131.0,D,29,high,0.0
VIRGINIA,9,2004,252947.0,98499.0,"TRIPLETT, KEVIN R.",150039.0,"BOUCHER, RICK*",4409.0,51540.0,D,29,high,0.0
VIRGINIA,10,2010,208556.0,131116.0,"WOLF, FRANK R.*",72604.0,"BARNETT, JEFFERY R.",836.0,58512.0,R,29,high,0.019179500949385298
VIRGINIA,10,2008,379480.0,223140.0,"WOLF, FRANK R.*",147357.0,"FEDER, JUDY M.",8983.0,75783.0,R,29,high,0.0
VIRGINIA,10,2006,241134.0,138213.0,"WOLF, FRANK R.*",98769.0,"FEDER, JUDY M.",4152.0,39444.0,R,29,high,0.0
VIRGINIA,10,2004,323011.0,205982.0,"WOLF, FRANK R.*",116654.0,"SOCAS, JAMES R.",375.0,89328.0,R,29,high,0.0
VIRGINIA,10,2002,161615.0,115917.0,"WOLF, FRANK R.*",45464.0,"STEVENS, JOHN B., JR.",234.0,70453.0,R,29,high,0.0
VIRGINIA,11,2010,226951.0,110739.0,"FIMIAN, KEITH S.",111720.0,"CONNOLLY, GERALD E.*",4492.0,,,29,high,0.0
VIRGINIA,11,2008,359491.0,154758.0,"FIMIAN, KEITH S.",196598.0,"CONNOLLY, GERALD E.",8135.0,41840.0,D,29,high,0.0
VIRGINIA,11,2006,235280.0,130468.0,"DAVIS, THOMAS M., Ill*",102511.0,"HURST, ANDREW L.",2301.0,27957.0,R,29,high,0.0
VIRGINIA,11,2004,309233.0,186299.0,"DAVIS, THOMAS M., Ill*",118305.0,"LONGMYER, KEN",4629.0,67994.0,R,29,high,0.0
VIRGINIA,11,2002,163298.0,135379.0,"DAVIS, THOMAS M., Ill*",27919.0,BSS,798.0,,,29,high,0.00488677142402234
VIRGINIA,11,2009,10.0,,,,,,,,29,high,
WASHINGTON,1,2010,299379.0,126737.0,"WATKINS, JAMES",172642.0,"NSLEE, JAY*",,45905.0,D,29,high,
WASHINGTON,1,2008,345020.0,111240.0,"ISHMAEL, LARRY W.",233780.0,"INSLEE, JAY*",,122540.0,D,29,high,
WASHINGTON,1,2006,241937.0,78105.0,"ISHMAEL, LARRY W.",163832.0,"INSLEE, JAY*",,85727.0,D,29,high,
WASHINGTON,1,2004,327769.0,117850.0,"EASTWOOD, RANDY",204121.0,"INSLEE, JAY*",5798.0,86271.0,D,29,high,0.0
WASHINGTON,1,2002,205034.0,84696.0,"MARINE, JOE",114087.0,"INSLEE, JAY*",6251.0,29391.0,D,29,high,0.0
WEST VIRGINIA,1,2010,179880.0,90660.0,"McKINLEY, DAVID B.",89220.0,"OLIVERIO, MIKE",,1440.0,R,29,high,
WEST VIRGINIA,1,2008,187864.0,,,187734.0,"MOLLOHAN, ALAN B.*",130.0,187734.0,D,29,high,
WEST VIRGINIA,1,2006,157000.0,55963.0,"WAKIM, CHRIS",100939.0,"MOLLOHAN, ALAN B.*",98.0,44976.0,D,29,high,0.0
WEST VIRGINIA,1,2004,245779.0,79196.0,"PARKS, ALAN LEE",166583.0,"MOLLOHAN, ALAN B.*",,87387.0,D,29,high,
WEST VIRGINIA,1,2002,111261.0,,,110941.0,"MOLLOHAN, ALAN B.*",320.0,110941.0,D,29,high,
WEST VIRGINIA,2,2010,185246.0,126814.0,"CAPITO, SHELLEY MOORE*",55001.0,"GRAF, VIRGINIA LYNCH",3431.0,71813.0,R,29,high,0.0
WEST VIRGINIA,2,2008,258169.0,147334.0,"CAPITO, SHELLEY MOORE*",110819.0,"BARTH, ANNE",16.0,36515.0,R,29,high,0.0
WEST VIRGINIA,2,2006,164580.0,94110.0,"CAPITO, SHELLEY MOORE*",70470.0,"CALLAGHAN, MIKE",,23640.0,R,29,high,
WEST VIRGINIA,2,2004,257025.0,147676.0,"CAPITO, SHELLEY MOORE*",106131.0,"WELLS, ERIK",3218.0,41545.0,R,29,high,0.0
WEST VIRGINIA,2,2002,163676.0,98276.0,"CAPITO, SHELLEY MOORE*",65400.0,"HUMPHREYS, JIM",,32876.0,R,29,high,
WEST VIRGINIA,3,2010,149247.0,65611.0,"MAYNARD, ELIOTT E.",83636.0,"RAHALL, NICK J., Il*",,18025.0,D,29,high,
WEST VIRGINIA,3,2008,199527.0,66005.0,"GEARHEART, MARTY",133522.0,"RAHALL, NICK J., II*",,67517.0,D,29,high,
WEST VIRGINIA,3,2006,133233.0,40820.0,"WOLFE, KIM",92413.0,"RAHALL, NICK J., Il*",,51593.0,D,29,high,
WEST VIRGINIA,3,2004,218852.0,76170.0,"SNUFFER, RICK",142682.0,"RAHALL, NICK J., II*",,66512.0,D,29,high,
WEST VIRGINIA,3,2002,125012.0,37229.0,"CHAPMAN, PAUL E.",87783.0,"RAHALL, NICK J., Il*",,50554.0,D,29,high,
WEST VIRGINIA,28,2010,2010.0,347231.0,Senate                   as of April,,Republican,,,,29,high,
WISCONSIN,1,2010,263627.0,179819.0,"RYAN, PAUL D.*",79363.0,"HECKENLIVELY, JOHN",4445.0,100456.0,R,29,high,0.0
WISCONSIN,1,2008,361107.0,231009.0,"RYAN, PAUL D.*",125268.0,"KRUPP, MARGE",4830.0,105741.0,R,29,high,0.0
WISCONSIN,1,2006,257596.0,161320.0,"RYAN, PAUL D.*",95761.0,"THOMAS, JEFFREY C.",515.0,65559.0,R,29,high,0.0
WISCONSIN,1,2004,356976.0,233372.0,"RYAN, PAUL D.*",116250.0,"THOMAS, JEFFREYC.",7354.0,117122.0,R,29,high,0.0
WISCONSIN,1,2002,208613.0,140176.0,"RYAN, PAUL D.*",63895.0,"THOMAS, JEFFREYC.",4542.0,76281.0,R,29,high,0.0
WYOMING,AL,2010,186969.0,131661.0,"LUMMIS, CYNTHIA M.*",45768.0,"WENDT, DAVID",9540.0,85893.0,R,29,high,0.0
WYOMING,AL,2008,249395.0,131244.0,"LUMMIS, CYNTHIA M.",106758.0,"TRAUNER, GARY",11393.0,24486.0,R,29,high,0.0
WYOMING,AL,2006,193369.0,93336.0,"CUBIN, BARBARA*",92324.0,"TRAUNER, GARY",7709.0,1012.0,R,29,high,0.0
WYOMING,AL,2004,239034.0,132107.0,"CUBIN, BARBARA*",99989.0,"LADD, TED",6938.0,32118.0,R,29,high,0.0
WYOMING,AL,2002,182152.0,110229.0,"CUBIN, BARBARA*",65961.0,"AKIN, RON",5962.0,44268.0,R,29,high,0.0
WYOMING,AL,2000,212312.0,141848.0,"CUBIN, BARBARA*",60638.0,"GREEN, MICHAEL ALLEN",9826.0,81210.0,R,29,high,0.0
WYOMING,AL,1998,174219.0,100687.0,"CUBIN, BARBARA*",67399.0,"FARRIS, SCOTT",6133.0,33288.0,R,29,high,0.0
WYOMING,AL,1996,209983.0,116004.0,"CUBIN, BARBARA*",85724.0,"MAXFIELD, PETE",8255.0,30280.0,R,29,high,0.0
WYOMING,AL,1994,196197.0,104426.0,"CUBIN, BARBARA",81022.0,"SCHUSTER, BOB",10749.0,23404.0,R,29,high,0.0
WYOMING,AL,1992,196977.0,113882.0,"THOMAS, CRAIG*",77418.0,"HERSCHLER, JON",5677.0,36464.0,R,29,high,0.0
WYOMING,AL,1990,158055.0,87078.0,"THOMAS, CRAIG*",70977.0,"MAXFIELD, PETE",,16101.0,R,29,high,
WYOMING,AL,1988,177651.0,118350.0,"CHENEY, RICHARD*",56527.0,"SHARRATT, BRYAN",2774.0,61823.0,R,29,high,0.0
WYOMING,AL,1986,159787.0,111007.0,"CHENEY, RICHARD*",48780.0,"GILMORE, RICK",,62227.0,R,29,high,
WYOMING,AL,1984,187904.0,138234.0,"CHENEY, RICHARD*",45857.0,"MCFADDEN, HUGH B.",3813.0,,,29,high,0.0
WYOMING,AL,1982,159277.0,113236.0,"CHENEY, RICHARD*",46041.0,"HOMMEL, THEODORE H.                          CONES           Hilly      AE         NG     AEM",,,,29,high,
WYOMING,AL,1980,169699.0,116361.0,"CHENEY, RICHARD*",53338.0,"ROGERS, JIM",,63023.0,R,29,high,
WYOMING,AL,1978,129377.0,75855.0,"CHENEY, RICHARD",53522.0,"BAGLEY, BILL",,22333.0,R,29,high,
WYOMING,AL,1976,151868.0,66147.0,"HART, LARRY",85721.0,"RONCALIO, TENO*",,19574.0,D,29,high,
WYOMING,AL,1974,126933.0,57499.0,"STROOK, TOM",69434.0,"RONCALIO, TENO*",,11935.0,D,29,high,
WYOMING,AL,1972,146299.0,70667.0,"KIDD, WILLIAM",75632.0,"RONCALIO, TENO*",,4965.0,D,29,high,
WYOMING,AL,1970,116304.0,57848.0,"ROBERTS, HARRY",58456.0,"RONCALIO, TENO",608.0,,,29,high,0.005227679185582611
WYOMING,AL,1968,123313.0,77363.0,"WOLD, JOHN S.",45950.0,"LINFORD, VELMA",31413.0,,,29,high,0.2547419980050765
WYOMING,AL,1966,119426.0,62984.0,"HARRISON, WILLIAM H.",56442.0,"CHRISTIAN, AL",,6542.0,R,29,high,
WYOMING,AL,1964,139175.0,68482.0,"HARRISON, WILLIAM H.*",70693.0,"RONCALIO, TENO",,2211.0,D,29,high,
WYOMING,AL,1962,116474.0,71489.0,"HARRISON, WILLIAM H.*",44985.0,"MANKUS, LOUIS A.",,26504.0,R,29,high,
WYOMING,AL,1960,134331.0,70241.0,"HARRISON, WILLIAM H.",64090.0,"ARMSTONG, H.T.",,6151.0,R,29,high,
WYOMING,AL,1958,111780.0,59894.0,"THOMSON, E. KEITH*",51886.0,"WHITAKER, RAY",,8008.0,R,29,high,
WYOMING,AL,1956,120128.0,69903.0,"THOMSON, E. KEITH*",50225.0,"OCALLAGHAN, JERRY",,19678.0,R,29,high,
WYOMING,AL,1954,108771.0,61111.0,"THOMSON, E. KEITH",47660.0,"TULLY, SAM",,13451.0,R,29,high,
WYOMING,AL,1952,126720.0,76161.0,"HARRISON, WILLIAM H.*",50559.0,"ROSE, ROBERT R.",,25602.0,R,29,high,
WYOMING,AL,1950,93348.0,50865.0,"HARRISON, WILLIAM H.",42483.0,"CLARK, JOHN B.",,8382.0,R,29,high,
