year,state_po,district,off_dem,off_rep,off_sum,off_total,our_dem,our_rep,our_total,n_counties,rel_dem,rel_rep,rel_tot,s_dem,s_rep,s_tot
2004,AL,01,93938,161067,255005,255164,93938,161067,255164,6,0,0,0,ok (<0.05%),ok (<0.05%),ok (<0.05%)
2004,AL,02,70562,177086,247648,247947,70562,177086,247947,16,0,0,0,ok (<0.05%),ok (<0.05%),ok (<0.05%)
2004,AL,03,95240,150411,245651,245784,95240,150411,245784,13,0,0,0,ok (<0.05%),ok (<0.05%),ok (<0.05%)
2004,AL,04,64278,191110,255388,255724,64278,191110,255724,14,0,0,0,ok (<0.05%),ok (<0.05%),ok (<0.05%)
2004,AL,05,200999,74145,275144,275459,200999,74145,275459,7,0,0,0,ok (<0.05%),ok (<0.05%),ok (<0.05%)
2004,AL,06,0,264819,264819,268043,0,264819,268043,7,0,0,0,ok (<0.05%),ok (<0.05%),ok (<0.05%)
2004,AL,07,183408,61019,244427,244638,183408,61019,244638,12,0,0,0,ok (<0.05%),ok (<0.05%),ok (<0.05%)
2004,AR,01,162388,81556,243944,243944,NA,NA,NA,NA,NA,NA,NA,MISSING,MISSING,MISSING
2004,AR,02,160834,115655,276493,276493,NA,NA,NA,NA,NA,NA,NA,MISSING,MISSING,MISSING
2004,AR,03,103158,160629,270803,270803,NA,NA,NA,NA,NA,NA,NA,MISSING,MISSING,MISSING
2004,AS,00,6656,5472,12128,12128,NA,NA,NA,NA,NA,NA,NA,MISSING,MISSING,MISSING
2004,AZ,01,91776,148315,253351,253351,91776,148315,253351,8,0,0,0,ok (<0.05%),ok (<0.05%),ok (<0.05%)
2004,AZ,02,107406,165260,279303,279303,107406,165260,279303,6,0,0,0,ok (<0.05%),ok (<0.05%),ok (<0.05%)
2004,AZ,03,0,181012,225974,225974,0,181012,225974,1,0,0,0,ok (<0.05%),ok (<0.05%),ok (<0.05%)
2004,AZ,04,77150,28238,110027,110027,77150,28238,110027,1,0,0,0,ok (<0.05%),ok (<0.05%),ok (<0.05%)
2004,AZ,05,102363,159455,268007,268007,102363,159455,268007,1,0,0,0,ok (<0.05%),ok (<0.05%),ok (<0.05%)
2004,AZ,06,0,202882,255577,255577,0,202882,255577,2,0,0,0,ok (<0.05%),ok (<0.05%),ok (<0.05%)
2004,AZ,07,108868,59066,175437,175437,108868,59066,175437,6,0,0,0,ok (<0.05%),ok (<0.05%),ok (<0.05%)
2004,AZ,08,109963,183363,303769,303769,109963,183363,303769,4,0,0,0,ok (<0.05%),ok (<0.05%),ok (<0.05%)
2004,CA,01,189366,79970,282971,282971,189366,79970,282971,7,0,0,0,ok (<0.05%),ok (<0.05%),ok (<0.05%)
2004,CA,02,90310,182119,272429,272429,90310,182119,272429,10,0,0,0,ok (<0.05%),ok (<0.05%),ok (<0.05%)
2004,CA,03,100025,177738,287073,287073,100025,177738,287073,5,0,0,0,ok (<0.05%),ok (<0.05%),ok (<0.05%)
2004,CA,04,117443,221926,339369,339369,117443,221926,339369,9,0,0,0,ok (<0.05%),ok (<0.05%),ok (<0.05%)
2004,CA,05,138004,45120,193387,193387,138004,45120,193387,1,0,0,0,ok (<0.05%),ok (<0.05%),ok (<0.05%)
2004,CA,06,226423,85244,311667,311667,226423,85244,311667,2,0,0,0,ok (<0.05%),ok (<0.05%),ok (<0.05%)
2004,CA,07,166831,52446,219277,219277,166831,52446,219277,2,0,0,0,ok (<0.05%),ok (<0.05%),ok (<0.05%)
2004,CA,08,224017,31074,270064,270064,224017,31074,270064,1,0,0,0,ok (<0.05%),ok (<0.05%),ok (<0.05%)
2004,CA,09,215630,31278,255039,255039,215630,31278,255039,1,0,0,0,ok (<0.05%),ok (<0.05%),ok (<0.05%)
2004,CA,10,182750,95349,278099,278099,182750,95349,278099,4,0,0,0,ok (<0.05%),ok (<0.05%),ok (<0.05%)
2004,CA,11,0,163582,267169,267169,103587,163582,267169,4,103587,0,0,BAD (>=2%),ok (<0.05%),ok (<0.05%)
2004,CA,12,171852,52593,252599,252599,171852,52593,252599,2,0,0,0,ok (<0.05%),ok (<0.05%),ok (<0.05%)
2004,CA,13,144605,48439,201921,201921,144605,48439,201921,1,0,0,0,ok (<0.05%),ok (<0.05%),ok (<0.05%)
2004,CA,14,182712,69564,261888,261888,182712,69564,261888,3,0,0,0,ok (<0.05%),ok (<0.05%),ok (<0.05%)
2004,CA,15,154385,59953,214338,214338,154385,59953,214338,1,0,0,0,ok (<0.05%),ok (<0.05%),ok (<0.05%)
2004,CA,16,129222,47992,182281,182281,129222,47992,182281,1,0,0,0,ok (<0.05%),ok (<0.05%),ok (<0.05%)
2004,CA,17,148958,65117,223225,223225,148958,65117,223225,3,0,0,0,ok (<0.05%),ok (<0.05%),ok (<0.05%)
2004,CA,18,103732,49973,153705,153705,103732,49973,153705,5,0,0,0,ok (<0.05%),ok (<0.05%),ok (<0.05%)
2004,CA,19,64047,155354,235264,235264,64047,155354,235264,5,0,0,0,ok (<0.05%),ok (<0.05%),ok (<0.05%)
2004,CA,20,61005,53231,114236,114236,61005,53231,114236,3,0,0,0,ok (<0.05%),ok (<0.05%),ok (<0.05%)
2004,CA,21,51594,140721,192315,192315,51594,140721,192315,2,0,0,0,ok (<0.05%),ok (<0.05%),ok (<0.05%)
2004,CA,22,0,209384,209384,209384,0,209384,209384,3,0,0,0,ok (<0.05%),ok (<0.05%),ok (<0.05%)
2004,CA,23,153980,83926,244297,244297,153980,83926,244297,3,0,0,0,ok (<0.05%),ok (<0.05%),ok (<0.05%)
2004,CA,24,96397,178660,284378,284378,96397,178660,284378,2,0,0,0,ok (<0.05%),ok (<0.05%),ok (<0.05%)
2004,CA,25,80395,145575,225970,225970,80395,145575,225970,4,0,0,0,ok (<0.05%),ok (<0.05%),ok (<0.05%)
2004,CA,26,107522,134596,251207,251207,107522,134596,251207,2,0,0,0,ok (<0.05%),ok (<0.05%),ok (<0.05%)
2004,CA,27,125296,66946,201198,201198,125296,66946,201198,1,0,0,0,ok (<0.05%),ok (<0.05%),ok (<0.05%)
2004,CA,28,115303,37868,162510,162510,115303,37868,162510,1,0,0,0,ok (<0.05%),ok (<0.05%),ok (<0.05%)
2004,CA,29,133670,62871,206832,206832,133670,62871,206832,1,0,0,0,ok (<0.05%),ok (<0.05%),ok (<0.05%)
2004,CA,30,216682,87465,304147,304147,216682,87465,304147,1,0,0,0,ok (<0.05%),ok (<0.05%),ok (<0.05%)
2004,CA,31,89363,22048,111411,111411,89363,22048,111411,1,0,0,0,ok (<0.05%),ok (<0.05%),ok (<0.05%)
2004,CA,32,119144,0,140146,140146,119144,0,140146,1,0,0,0,ok (<0.05%),ok (<0.05%),ok (<0.05%)
2004,CA,33,166801,0,188314,188314,166801,0,188314,1,0,0,0,ok (<0.05%),ok (<0.05%),ok (<0.05%)
2004,CA,34,82282,28175,110457,110457,82282,28175,110457,1,0,0,0,ok (<0.05%),ok (<0.05%),ok (<0.05%)
2004,CA,35,125949,23591,156407,156407,125949,23591,156407,1,0,0,0,ok (<0.05%),ok (<0.05%),ok (<0.05%)
2004,CA,36,151208,81666,244044,244044,151208,81666,244044,1,0,0,0,ok (<0.05%),ok (<0.05%),ok (<0.05%)
2004,CA,37,118823,31960,158318,158318,118823,31960,158318,1,0,0,0,ok (<0.05%),ok (<0.05%),ok (<0.05%)
2004,CA,38,116851,0,116851,116851,116851,0,116851,1,0,0,0,ok (<0.05%),ok (<0.05%),ok (<0.05%)
2004,CA,39,100132,64832,164964,164964,100132,64832,164964,1,0,0,0,ok (<0.05%),ok (<0.05%),ok (<0.05%)
2004,CA,40,69684,147617,217301,217301,69684,147617,217301,1,0,0,0,ok (<0.05%),ok (<0.05%),ok (<0.05%)
2004,CA,41,0,181605,218937,218937,0,181605,218937,2,0,0,0,ok (<0.05%),ok (<0.05%),ok (<0.05%)
2004,CA,42,78393,167632,246025,246025,78393,167632,246025,3,0,0,0,ok (<0.05%),ok (<0.05%),ok (<0.05%)
2004,CA,43,86830,44004,130834,130834,86830,44004,130834,1,0,0,0,ok (<0.05%),ok (<0.05%),ok (<0.05%)
2004,CA,44,78796,138768,225123,225123,78796,138768,225123,2,0,0,0,ok (<0.05%),ok (<0.05%),ok (<0.05%)
2004,CA,45,76967,153523,230490,230490,76967,153523,230490,1,0,0,0,ok (<0.05%),ok (<0.05%),ok (<0.05%)
2004,CA,46,90129,171318,276690,276690,90129,171318,276690,2,0,0,0,ok (<0.05%),ok (<0.05%),ok (<0.05%)
2004,CA,47,65684,43099,108783,108783,65684,43099,108783,1,0,0,0,ok (<0.05%),ok (<0.05%),ok (<0.05%)
2004,CA,48,93525,189004,290872,290872,93525,189004,290872,1,0,0,0,ok (<0.05%),ok (<0.05%),ok (<0.05%)
2004,CA,49,79057,141658,226466,226466,79057,141658,226466,2,0,0,0,ok (<0.05%),ok (<0.05%),ok (<0.05%)
2004,CA,50,105590,169025,289328,289328,105590,169025,289328,1,0,0,0,ok (<0.05%),ok (<0.05%),ok (<0.05%)
2004,CA,51,111441,63526,180879,180879,111441,63526,180879,2,0,0,0,ok (<0.05%),ok (<0.05%),ok (<0.05%)
2004,CA,52,74857,187799,271438,271438,74857,187799,271438,1,0,0,0,ok (<0.05%),ok (<0.05%),ok (<0.05%)
2004,CA,53,146449,63897,221436,221436,146449,63897,221436,1,0,0,0,ok (<0.05%),ok (<0.05%),ok (<0.05%)
2004,CO,01,177077,58659,240929,240929,177077,58659,240929,3,0,0,0,ok (<0.05%),ok (<0.05%),ok (<0.05%)
2004,CO,02,207900,94160,309364,309364,207900,94160,309364,10,0,0,0,ok (<0.05%),ok (<0.05%),ok (<0.05%)
2004,CO,03,153500,141376,303646,303646,153500,141376,303646,29,0,0,0,ok (<0.05%),ok (<0.05%),ok (<0.05%)
2004,CO,04,136812,155958,305509,305509,136812,155958,305509,18,0,0,0,ok (<0.05%),ok (<0.05%),ok (<0.05%)
2004,CO,05,74098,193333,274058,274058,74117,193352,274100,6,2.5641717725174767e-4,9.827603151039915e-5,1.5325223127951018e-4,ok (<0.05%),ok (<0.05%),ok (<0.05%)
2004,CO,06,139870,212778,357741,357741,139893,212805,357793,5,1.644384070923e-4,1.2689281786650876e-4,1.4535655683860671e-4,ok (<0.05%),ok (<0.05%),ok (<0.05%)
2004,CO,07,106026,135571,247764,247764,106026,135571,247764,3,0,0,0,ok (<0.05%),ok (<0.05%),ok (<0.05%)
2004,CT,01,198802,73601,272403,272403,198802,73601,272403,3,0,0,0,ok (<0.05%),ok (<0.05%),ok (<0.05%)
2004,CT,02,140536,166412,307078,307078,140536,166412,306948,6,0,0,-4.233452087091879e-4,ok (<0.05%),ok (<0.05%),ok (<0.05%)
2004,CT,03,200638,69160,276980,276980,200638,69160,276980,3,0,0,0,ok (<0.05%),ok (<0.05%),ok (<0.05%)
2004,CT,04,138333,152493,290830,290830,138333,152493,290826,2,0,0,-1.375373929787161e-5,ok (<0.05%),ok (<0.05%),ok (<0.05%)
2004,CT,05,107438,168268,281447,281447,107438,168268,281447,4,0,0,0,ok (<0.05%),ok (<0.05%),ok (<0.05%)
2004,DE,00,105716,245978,356045,356045,105634,245808,355788,3,-7.756630973551781e-4,-6.911187179341242e-4,-7.218188712100999e-4,small (<0.5%),small (<0.5%),small (<0.5%)
2004,FL,01,72506,236604,309110,309110,72506,236604,309110,6,0,0,0,ok (<0.05%),ok (<0.05%),ok (<0.05%)
2004,FL,02,201577,125399,326987,326987,201577,125399,326987,16,0,0,0,ok (<0.05%),ok (<0.05%),ok (<0.05%)
2004,FL,03,174156,0,174156,174156,174156,0,174156,9,0,0,0,ok (<0.05%),ok (<0.05%),ok (<0.05%)
2004,FL,04,0,256157,257327,257327,0,256157,257327,9,0,0,0,ok (<0.05%),ok (<0.05%),ok (<0.05%)
2004,FL,05,124140,240315,364488,364488,124140,240315,364488,8,0,0,0,ok (<0.05%),ok (<0.05%),ok (<0.05%)
2004,FL,06,116680,211137,327853,327853,116680,211137,327853,8,0,0,0,ok (<0.05%),ok (<0.05%),ok (<0.05%)
2004,FL,08,112343,172232,284575,284575,112343,172232,284575,4,0,0,0,ok (<0.05%),ok (<0.05%),ok (<0.05%)
2004,FL,09,0,284035,284278,284278,0,284035,284278,3,0,0,0,ok (<0.05%),ok (<0.05%),ok (<0.05%)
2004,FL,10,91658,207175,298833,298833,91658,207175,298833,1,0,0,0,ok (<0.05%),ok (<0.05%),ok (<0.05%)
2004,FL,11,191780,0,223481,223481,191780,0,223481,3,0,0,0,ok (<0.05%),ok (<0.05%),ok (<0.05%)
2004,FL,12,96965,179204,276169,276169,96965,179204,276169,3,0,0,0,ok (<0.05%),ok (<0.05%),ok (<0.05%)
2004,FL,13,153961,190477,344438,344438,153961,190477,344438,5,0,0,0,ok (<0.05%),ok (<0.05%),ok (<0.05%)
2004,FL,14,108672,226662,335334,335334,108672,226662,335334,3,0,0,0,ok (<0.05%),ok (<0.05%),ok (<0.05%)
2004,FL,15,111538,210388,321926,321926,111538,210388,321926,4,0,0,0,ok (<0.05%),ok (<0.05%),ok (<0.05%)
2004,FL,16,101247,215563,316810,316810,101247,215563,316810,8,0,0,0,ok (<0.05%),ok (<0.05%),ok (<0.05%)
2004,FL,17,178690,0,179424,179424,178690,0,179424,2,0,0,0,ok (<0.05%),ok (<0.05%),ok (<0.05%)
2004,FL,18,78281,143647,221928,221928,78281,143647,221928,2,0,0,0,ok (<0.05%),ok (<0.05%),ok (<0.05%)
2004,FL,20,191195,81213,272408,272408,191195,81213,272408,2,0,0,0,ok (<0.05%),ok (<0.05%),ok (<0.05%)
2004,FL,21,0,146507,201243,201243,0,146507,201243,2,0,0,0,ok (<0.05%),ok (<0.05%),ok (<0.05%)
2004,FL,22,108258,192581,306726,306726,108258,192581,306726,2,0,0,0,ok (<0.05%),ok (<0.05%),ok (<0.05%)
2004,GA,01,0,188347,188347,188347,0,188347,188347,29,0,0,0,ok (<0.05%),ok (<0.05%),ok (<0.05%)
2004,GA,02,129984,64645,194629,194629,129988,64645,194633,27,3.077301821762679e-5,0,2.055192186159308e-5,ok (<0.05%),ok (<0.05%),ok (<0.05%)
2004,GA,03,136273,80435,216708,216708,136273,80435,216708,31,0,0,0,ok (<0.05%),ok (<0.05%),ok (<0.05%)
2004,GA,04,157461,89509,246970,246970,157461,89509,246970,2,0,0,0,ok (<0.05%),ok (<0.05%),ok (<0.05%)
2004,GA,05,201773,0,201773,201773,202216,0,202216,4,0.002195536568321827,0,0.002195536568321827,small (<0.5%),ok (<0.05%),small (<0.5%)
2004,GA,06,0,267542,267619,267619,0,267542,267542,3,0,0,-2.877224711249949e-4,ok (<0.05%),ok (<0.05%),ok (<0.05%)
2004,GA,07,0,258982,258982,258982,0,258982,258982,5,0,0,0,ok (<0.05%),ok (<0.05%),ok (<0.05%)
2004,GA,08,73632,227524,301156,301156,73632,227524,301156,18,0,0,0,ok (<0.05%),ok (<0.05%),ok (<0.05%)
2004,GA,09,68462,197869,266331,266331,68463,197870,266333,26,1.4606643101282463e-5,5.0538487585220525e-6,7.509452523363784e-6,ok (<0.05%),ok (<0.05%),ok (<0.05%)
2004,GA,10,0,219136,219136,219136,0,219136,219136,15,0,0,0,ok (<0.05%),ok (<0.05%),ok (<0.05%)
2004,GA,11,89591,120696,210287,210287,89591,120696,210287,17,0,0,0,ok (<0.05%),ok (<0.05%),ok (<0.05%)
2004,GA,12,113036,105132,218168,218168,113040,105133,218173,14,3.53869563678828e-5,9.511851767302058e-6,2.2918118147482672e-5,ok (<0.05%),ok (<0.05%),ok (<0.05%)
2004,GA,13,170657,0,170657,170657,170657,0,170657,11,0,0,0,ok (<0.05%),ok (<0.05%),ok (<0.05%)
2004,GU,00,31051,0,31051,31888,NA,NA,NA,NA,NA,NA,NA,MISSING,MISSING,MISSING
2004,IA,01,127246,159993,289966,290054,125490,159993,289966,12,-0.01380004086572466,0,-3.0339178221986253e-4,check (0.5-2%),ok (<0.05%),ok (<0.05%)
2004,IA,02,117405,176684,299675,299881,117405,176684,299675,15,0,0,-6.869391525305038e-4,ok (<0.05%),ok (<0.05%),small (<0.5%)
2004,IA,03,168007,136099,304106,304319,168007,136099,304106,12,0,0,-6.999234356054009e-4,ok (<0.05%),ok (<0.05%),small (<0.5%)
2004,IA,04,116121,181294,297415,297566,116121,181294,297415,28,0,0,-5.074504479678458e-4,ok (<0.05%),ok (<0.05%),small (<0.5%)
2004,IA,05,97597,168583,266180,266341,97597,168583,266180,32,0,0,-6.04488231252417e-4,ok (<0.05%),ok (<0.05%),small (<0.5%)
2004,ID,01,90927,207662,298589,298589,90927,207662,298589,19,0,0,0,ok (<0.05%),ok (<0.05%),ok (<0.05%)
2004,ID,02,80133,193704,273837,273837,80133,193704,273837,26,0,0,0,ok (<0.05%),ok (<0.05%),ok (<0.05%)
2004,IL,01,212109,37840,249949,249949,212109,37840,249949,1,0,0,0,ok (<0.05%),ok (<0.05%),ok (<0.05%)
2004,IL,02,207535,0,234525,234525,207535,0,234525,2,0,0,0,ok (<0.05%),ok (<0.05%),ok (<0.05%)
2004,IL,03,167034,57845,229956,229956,167034,57845,229956,1,0,0,0,ok (<0.05%),ok (<0.05%),ok (<0.05%)
2004,IL,04,104761,15536,125142,125142,104761,15536,125142,1,0,0,0,ok (<0.05%),ok (<0.05%),ok (<0.05%)
2004,IL,05,158400,49530,207930,207930,158400,49530,207930,1,0,0,0,ok (<0.05%),ok (<0.05%),ok (<0.05%)
2004,IL,06,110470,139627,250097,250097,110470,139627,250097,2,0,0,0,ok (<0.05%),ok (<0.05%),ok (<0.05%)
2004,IL,07,221133,35603,256736,256736,221133,35603,256736,1,0,0,0,ok (<0.05%),ok (<0.05%),ok (<0.05%)
2004,IL,08,139792,130601,270393,270393,139792,130601,270393,3,0,0,0,ok (<0.05%),ok (<0.05%),ok (<0.05%)
2004,IL,09,175282,56135,231417,231417,175282,56135,231417,1,0,0,0,ok (<0.05%),ok (<0.05%),ok (<0.05%)
2004,IL,10,99218,177493,276711,276711,99218,177493,276711,2,0,0,0,ok (<0.05%),ok (<0.05%),ok (<0.05%)
2004,IL,11,121903,173057,294960,294960,121903,173057,294960,8,0,0,0,ok (<0.05%),ok (<0.05%),ok (<0.05%)
2004,IL,12,198962,82677,286435,286435,198962,82677,286435,11,0,0,0,ok (<0.05%),ok (<0.05%),ok (<0.05%)
2004,IL,13,107836,200472,308312,308312,107836,200472,308312,3,0,0,0,ok (<0.05%),ok (<0.05%),ok (<0.05%)
2004,IL,14,87590,191618,279208,279208,87590,191618,279208,8,0,0,0,ok (<0.05%),ok (<0.05%),ok (<0.05%)
2004,IL,15,113625,178114,291739,291739,113625,178114,291739,22,0,0,0,ok (<0.05%),ok (<0.05%),ok (<0.05%)
2004,IL,16,91452,204350,295806,295806,91452,204350,295806,9,0,0,0,ok (<0.05%),ok (<0.05%),ok (<0.05%)
2004,IL,17,172320,111680,284000,284000,172320,111680,284000,23,0,0,0,ok (<0.05%),ok (<0.05%),ok (<0.05%)
2004,IL,18,91548,216047,307595,307595,91548,216047,307595,20,0,0,0,ok (<0.05%),ok (<0.05%),ok (<0.05%)
2004,IL,19,94303,213451,307754,307754,94303,213451,307754,30,0,0,0,ok (<0.05%),ok (<0.05%),ok (<0.05%)
2004,IN,01,178406,82858,261264,261264,178406,82858,261264,5,0,0,0,ok (<0.05%),ok (<0.05%),ok (<0.05%)
2004,IN,02,115513,140496,259355,259355,115513,140496,259355,12,0,0,0,ok (<0.05%),ok (<0.05%),ok (<0.05%)
2004,IN,03,76232,171389,247621,247621,76232,171389,247621,8,0,0,0,ok (<0.05%),ok (<0.05%),ok (<0.05%)
2004,IN,04,77574,190445,274136,274136,77574,190445,274136,12,0,0,0,ok (<0.05%),ok (<0.05%),ok (<0.05%)
2004,IN,05,82637,228718,318363,318363,82637,228718,318363,11,0,0,0,ok (<0.05%),ok (<0.05%),ok (<0.05%)
2004,IN,06,85123,182529,272049,272049,85123,182529,272049,19,0,0,0,ok (<0.05%),ok (<0.05%),ok (<0.05%)
2004,IN,07,121303,97491,223175,223175,121303,97491,223175,1,0,0,0,ok (<0.05%),ok (<0.05%),ok (<0.05%)
2004,IN,08,121522,145576,272778,272778,121522,145576,272778,18,0,0,0,ok (<0.05%),ok (<0.05%),ok (<0.05%)
2004,IN,09,140772,142197,287510,287510,140772,142197,287510,20,0,0,0,ok (<0.05%),ok (<0.05%),ok (<0.05%)
2004,KS,01,0,239776,264293,264293,0,239776,264293,69,0,0,0,ok (<0.05%),ok (<0.05%),ok (<0.05%)
2004,KS,02,121532,165325,294436,294436,121532,165325,294436,26,0,0,0,ok (<0.05%),ok (<0.05%),ok (<0.05%)
2004,KS,03,184050,145542,335739,335739,184050,145542,335739,3,0,0,0,ok (<0.05%),ok (<0.05%),ok (<0.05%)
2004,KS,04,81388,173151,261915,261915,81388,173151,261915,11,0,0,0,ok (<0.05%),ok (<0.05%),ok (<0.05%)
2004,KY,01,85229,175972,261387,261387,85229,175972,261201,34,0,0,-7.115885640831411e-4,ok (<0.05%),ok (<0.05%),small (<0.5%)
2004,KY,02,87585,185394,272979,272979,87585,185394,272979,21,0,0,0,ok (<0.05%),ok (<0.05%),ok (<0.05%)
2004,KY,03,124040,197736,328154,328154,124040,197736,328139,1,0,0,-4.571024579922841e-5,ok (<0.05%),ok (<0.05%),ok (<0.05%)
2004,KY,04,129876,160982,295927,295927,129876,160982,295927,24,0,0,0,ok (<0.05%),ok (<0.05%),ok (<0.05%)
2004,KY,05,0,177579,177579,177579,0,177579,177579,29,0,0,0,ok (<0.05%),ok (<0.05%),ok (<0.05%)
2004,KY,06,175355,119716,299217,299217,175355,119716,299217,16,0,0,0,ok (<0.05%),ok (<0.05%),ok (<0.05%)
2004,LA,01,54214,233683,287897,287897,54214,233683,287897,6,0,0,0,ok (<0.05%),ok (<0.05%),ok (<0.05%)
2004,LA,02,173510,46097,219607,219607,173510,46097,219607,2,0,0,0,ok (<0.05%),ok (<0.05%),ok (<0.05%)
2004,LA,03,57611,57042,114653,114653,57611,57042,114653,13,0,0,0,ok (<0.05%),ok (<0.05%),ok (<0.05%)
2004,LA,05,58591,179466,238057,238057,58591,179466,238057,22,0,0,0,ok (<0.05%),ok (<0.05%),ok (<0.05%)
2004,LA,06,72763,189106,261869,261869,72763,189106,261869,9,0,0,0,ok (<0.05%),ok (<0.05%),ok (<0.05%)
2004,LA,07,61493,75039,136532,136532,61493,75039,136532,8,0,0,0,ok (<0.05%),ok (<0.05%),ok (<0.05%)
2004,MA,01,229465,0,229465,231747,229465,0,231747,6,0,0,0,ok (<0.05%),ok (<0.05%),ok (<0.05%)
2004,MA,02,217682,0,217682,220484,217682,0,220484,4,0,0,0,ok (<0.05%),ok (<0.05%),ok (<0.05%)
2004,MA,03,192036,80197,272233,272412,192036,80197,272412,4,0,0,0,ok (<0.05%),ok (<0.05%),ok (<0.05%)
2004,MA,04,219260,0,281553,282039,219260,0,282039,4,0,0,0,ok (<0.05%),ok (<0.05%),ok (<0.05%)
2004,MA,05,179652,88232,267884,268189,179652,88232,268189,3,0,0,0,ok (<0.05%),ok (<0.05%),ok (<0.05%)
2004,MA,06,213458,91597,305055,305522,213458,91597,305522,2,0,0,0,ok (<0.05%),ok (<0.05%),ok (<0.05%)
2004,MA,07,202399,60334,274872,275099,202399,60334,275099,2,0,0,0,ok (<0.05%),ok (<0.05%),ok (<0.05%)
2004,MA,08,165852,0,165852,168081,165852,0,168081,2,0,0,0,ok (<0.05%),ok (<0.05%),ok (<0.05%)
2004,MA,09,218167,0,218167,220312,218167,0,220312,4,0,0,0,ok (<0.05%),ok (<0.05%),ok (<0.05%)
2004,MA,10,222013,114879,336892,337070,222013,114879,337070,5,0,0,0,ok (<0.05%),ok (<0.05%),ok (<0.05%)
2004,MD,01,77872,245149,323021,323526,77872,245149,323526,12,0,0,0,ok (<0.05%),ok (<0.05%),ok (<0.05%)
2004,MD,02,164751,75812,247071,247295,164751,75812,247295,4,0,0,0,ok (<0.05%),ok (<0.05%),ok (<0.05%)
2004,MD,03,182066,97008,286969,287219,182066,97008,287219,4,0,0,0,ok (<0.05%),ok (<0.05%),ok (<0.05%)
2004,MD,04,196809,52907,261607,261860,196809,52907,261860,2,0,0,0,ok (<0.05%),ok (<0.05%),ok (<0.05%)
2004,MD,05,204867,87189,298129,298335,204867,87189,298335,5,0,0,0,ok (<0.05%),ok (<0.05%),ok (<0.05%)
2004,MD,06,90108,206076,305508,305857,90108,206076,305857,8,0,0,0,ok (<0.05%),ok (<0.05%),ok (<0.05%)
2004,MD,07,179189,60102,244018,244183,179189,60102,244183,3,0,0,0,ok (<0.05%),ok (<0.05%),ok (<0.05%)
2004,MD,08,215208,71989,287197,287680,215208,71989,287680,2,0,0,0,ok (<0.05%),ok (<0.05%),ok (<0.05%)
2004,ME,01,219077,147663,366740,366740,219077,147663,366740,6,0,0,0,ok (<0.05%),ok (<0.05%),ok (<0.05%)
2004,ME,02,199303,135547,343436,343436,199303,135547,343436,11,0,0,0,ok (<0.05%),ok (<0.05%),ok (<0.05%)
2004,MI,01,211571,105706,322674,322674,211532,105688,322672,31,-1.843352822456764e-4,-1.7028361682402135e-4,-6.1982062391144e-6,ok (<0.05%),ok (<0.05%),ok (<0.05%)
2004,MI,02,94040,225343,325005,325005,94040,225343,325005,11,0,0,0,ok (<0.05%),ok (<0.05%),ok (<0.05%)
2004,MI,03,101395,214465,322103,322103,101395,214465,322103,3,0,0,0,ok (<0.05%),ok (<0.05%),ok (<0.05%)
2004,MI,04,110885,205274,318924,318924,110885,205274,318924,14,0,0,0,ok (<0.05%),ok (<0.05%),ok (<0.05%)
2004,MI,05,208163,96934,309915,309915,208163,96934,309915,4,0,0,0,ok (<0.05%),ok (<0.05%),ok (<0.05%)
2004,MI,06,97978,197425,302158,302158,97978,197425,302158,7,0,0,0,ok (<0.05%),ok (<0.05%),ok (<0.05%)
2004,MI,07,109527,176053,301642,301642,109527,176053,301642,7,0,0,0,ok (<0.05%),ok (<0.05%),ok (<0.05%)
2004,MI,08,125619,207925,340423,340423,125619,207925,340423,5,0,0,0,ok (<0.05%),ok (<0.05%),ok (<0.05%)
2004,MI,09,134764,199210,340799,340799,134764,199210,340799,1,0,0,0,ok (<0.05%),ok (<0.05%),ok (<0.05%)
2004,MI,10,98029,227720,331868,331868,98029,227720,331868,5,0,0,0,ok (<0.05%),ok (<0.05%),ok (<0.05%)
2004,MI,11,134301,186431,327216,327216,134301,186431,327216,2,0,0,0,ok (<0.05%),ok (<0.05%),ok (<0.05%)
2004,MI,12,210827,88256,304134,304134,210827,88256,304134,2,0,0,0,ok (<0.05%),ok (<0.05%),ok (<0.05%)
2004,MI,13,173246,40935,221654,221654,173246,40935,221654,1,0,0,0,ok (<0.05%),ok (<0.05%),ok (<0.05%)
2004,MI,14,213681,35089,254580,254580,213681,35089,254580,1,0,0,0,ok (<0.05%),ok (<0.05%),ok (<0.05%)
2004,MI,15,218409,81828,307963,307963,218409,81828,307963,3,0,0,0,ok (<0.05%),ok (<0.05%),ok (<0.05%)
2004,MN,01,115088,193132,323791,324055,115088,193132,324055,23,0,0,0,ok (<0.05%),ok (<0.05%),ok (<0.05%)
2004,MN,02,147527,206313,365662,365945,147527,206313,365945,7,0,0,0,ok (<0.05%),ok (<0.05%),ok (<0.05%)
2004,MN,03,126665,231871,358536,358892,126665,231871,358892,2,0,0,0,ok (<0.05%),ok (<0.05%),ok (<0.05%)
2004,MN,04,182387,105467,316953,317299,182387,105467,317299,3,0,0,0,ok (<0.05%),ok (<0.05%),ok (<0.05%)
2004,MN,05,218434,76600,313018,313526,218434,76600,313526,3,0,0,0,ok (<0.05%),ok (<0.05%),ok (<0.05%)
2004,MN,06,173309,203669,376978,377224,173309,203669,377224,7,0,0,0,ok (<0.05%),ok (<0.05%),ok (<0.05%)
2004,MN,07,207628,106349,313977,314257,207628,106349,314257,35,0,0,0,ok (<0.05%),ok (<0.05%),ok (<0.05%)
2004,MN,08,228586,112693,350212,350483,228586,112693,350483,18,0,0,0,ok (<0.05%),ok (<0.05%),ok (<0.05%)
2004,MO,01,213658,64791,283771,283771,213658,64791,283771,2,0,0,0,ok (<0.05%),ok (<0.05%),ok (<0.05%)
2004,MO,02,115366,228725,349867,349867,115366,228725,349867,3,0,0,0,ok (<0.05%),ok (<0.05%),ok (<0.05%)
2004,MO,03,146894,125422,277916,277916,146894,125422,277916,4,0,0,0,ok (<0.05%),ok (<0.05%),ok (<0.05%)
2004,MO,04,190800,93334,288226,288226,190800,93334,288226,25,0,0,0,ok (<0.05%),ok (<0.05%),ok (<0.05%)
2004,MO,05,161727,123431,293025,293025,161727,123431,293025,3,0,0,0,ok (<0.05%),ok (<0.05%),ok (<0.05%)
2004,MO,06,106987,196516,307855,307855,106987,196516,307855,26,0,0,0,ok (<0.05%),ok (<0.05%),ok (<0.05%)
2004,MO,07,84356,210080,298205,298205,84356,210080,298205,10,0,0,0,ok (<0.05%),ok (<0.05%),ok (<0.05%)
2004,MO,08,71543,194039,268711,268711,71543,194039,268711,28,0,0,0,ok (<0.05%),ok (<0.05%),ok (<0.05%)
2004,MO,09,101343,193429,299447,299447,101343,193429,299447,25,0,0,0,ok (<0.05%),ok (<0.05%),ok (<0.05%)
2004,MS,01,0,219328,277584,277584,0,219328,277584,24,0,0,0,ok (<0.05%),ok (<0.05%),ok (<0.05%)
2004,MS,02,154626,107647,264869,264869,154626,107647,264869,23,0,0,0,ok (<0.05%),ok (<0.05%),ok (<0.05%)
2004,MS,03,0,234874,293368,293368,0,234874,293368,28,0,0,0,ok (<0.05%),ok (<0.05%),ok (<0.05%)
2004,MS,04,181614,96740,280382,280382,181314,96740,280082,15,-0.0016518550332022862,0,-0.0010699688282414706,small (<0.5%),ok (<0.05%),small (<0.5%)
2004,MT,00,145606,286076,444230,444230,145606,286076,444230,56,0,0,0,ok (<0.05%),ok (<0.05%),ok (<0.05%)
2004,NC,01,137667,77508,215175,215175,137667,77508,215175,23,0,0,0,ok (<0.05%),ok (<0.05%),ok (<0.05%)
2004,NC,02,145079,87811,232890,232890,145079,87811,232890,10,0,0,0,ok (<0.05%),ok (<0.05%),ok (<0.05%)
2004,NC,03,71227,171863,243090,243090,71227,171863,243090,17,0,0,0,ok (<0.05%),ok (<0.05%),ok (<0.05%)
2004,NC,04,217441,121717,339234,339234,217441,121717,339234,4,0,0,0,ok (<0.05%),ok (<0.05%),ok (<0.05%)
2004,NC,05,117271,167546,284817,284817,117271,167546,284817,12,0,0,0,ok (<0.05%),ok (<0.05%),ok (<0.05%)
2004,NC,06,76153,207470,283623,283623,76153,207470,283623,6,0,0,0,ok (<0.05%),ok (<0.05%),ok (<0.05%)
2004,NC,07,180382,66084,246466,246466,180382,66084,246466,10,0,0,0,ok (<0.05%),ok (<0.05%),ok (<0.05%)
2004,NC,08,100101,125070,225171,225171,100101,125070,225171,10,0,0,0,ok (<0.05%),ok (<0.05%),ok (<0.05%)
2004,NC,09,89318,210783,300101,300101,89318,210783,300101,3,0,0,0,ok (<0.05%),ok (<0.05%),ok (<0.05%)
2004,NC,10,88233,157884,246117,246117,88233,157884,246117,10,0,0,0,ok (<0.05%),ok (<0.05%),ok (<0.05%)
2004,NC,11,131188,159709,290897,290897,131188,159709,290897,15,0,0,0,ok (<0.05%),ok (<0.05%),ok (<0.05%)
2004,NC,12,154908,76898,231806,231806,154908,76898,231806,6,0,0,0,ok (<0.05%),ok (<0.05%),ok (<0.05%)
2004,NC,13,160896,112788,273684,273684,160896,112788,273684,7,0,0,0,ok (<0.05%),ok (<0.05%),ok (<0.05%)
2004,ND,00,185130,125684,310814,310814,185112,125661,310773,53,-9.722897423432182e-5,-1.8299863148849496e-4,-1.3191168994961618e-4,ok (<0.05%),ok (<0.05%),ok (<0.05%)
2004,NE,01,113971,143756,265072,265072,113971,143756,265072,24,0,0,0,ok (<0.05%),ok (<0.05%),ok (<0.05%)
2004,NE,02,90292,152608,249764,249764,90292,152608,249764,2,0,0,0,ok (<0.05%),ok (<0.05%),ok (<0.05%)
2004,NE,03,26434,218751,250136,250136,26434,218751,250136,69,0,0,0,ok (<0.05%),ok (<0.05%),ok (<0.05%)
2004,NH,01,118226,204836,323062,323372,NA,NA,NA,NA,NA,NA,NA,MISSING,MISSING,MISSING
2004,NH,02,125280,191188,327779,328194,NA,NA,NA,NA,NA,NA,NA,MISSING,MISSING,MISSING
2004,NJ,01,201163,66109,268203,268203,201163,66109,268203,3,0,0,0,ok (<0.05%),ok (<0.05%),ok (<0.05%)
2004,NJ,02,86792,172779,265442,265442,86792,172779,265442,7,0,0,0,ok (<0.05%),ok (<0.05%),ok (<0.05%)
2004,NJ,03,107034,195938,308862,308862,107034,195938,308862,3,0,0,0,ok (<0.05%),ok (<0.05%),ok (<0.05%)
2004,NJ,04,92826,192671,287553,287553,92826,192671,287553,4,0,0,0,ok (<0.05%),ok (<0.05%),ok (<0.05%)
2004,NJ,05,122259,171220,297425,297425,122259,171220,297425,4,0,0,0,ok (<0.05%),ok (<0.05%),ok (<0.05%)
2004,NJ,06,153981,70942,230151,230151,153981,70942,230151,4,0,0,0,ok (<0.05%),ok (<0.05%),ok (<0.05%)
2004,NJ,07,119081,162597,285847,285847,119081,162597,285847,4,0,0,0,ok (<0.05%),ok (<0.05%),ok (<0.05%)
2004,NJ,08,152001,62747,218820,218820,152001,62747,218820,2,0,0,0,ok (<0.05%),ok (<0.05%),ok (<0.05%)
2004,NJ,09,146038,0,216251,216251,146038,68564,216251,3,0,68564,0,ok (<0.05%),BAD (>=2%),ok (<0.05%)
2004,NJ,10,155697,0,160713,160713,155697,0,160713,3,0,0,0,ok (<0.05%),ok (<0.05%),ok (<0.05%)
2004,NJ,11,91811,200915,296002,296002,91811,200915,296002,5,0,0,0,ok (<0.05%),ok (<0.05%),ok (<0.05%)
2004,NJ,12,171691,115014,289785,289785,171691,115014,289785,5,0,0,0,ok (<0.05%),ok (<0.05%),ok (<0.05%)
2004,NJ,13,121018,35288,159541,159541,121018,35288,159541,4,0,0,0,ok (<0.05%),ok (<0.05%),ok (<0.05%)
2004,NM,01,123339,147372,270905,270905,123339,147566,270905,5,0,0.0013163966017968136,0,ok (<0.05%),small (<0.5%),ok (<0.05%)
2004,NM,02,86292,130498,216790,216790,86292,130498,216790,18,0,0,0,ok (<0.05%),ok (<0.05%),ok (<0.05%)
2004,NM,03,175269,79935,255204,255204,175269,79935,255204,16,0,0,0,ok (<0.05%),ok (<0.05%),ok (<0.05%)
2004,NY,01,156354,121855,278209,278209,156354,121855,278209,1,0,0,0,ok (<0.05%),ok (<0.05%),ok (<0.05%)
2004,NY,02,161593,80950,242543,242543,161593,80950,242543,2,0,0,0,ok (<0.05%),ok (<0.05%),ok (<0.05%)
2004,NY,03,100737,171259,271996,271996,100737,171259,271996,2,0,0,0,ok (<0.05%),ok (<0.05%),ok (<0.05%)
2004,NY,04,159969,94141,254110,254110,159969,94141,254110,1,0,0,0,ok (<0.05%),ok (<0.05%),ok (<0.05%)
2004,NY,05,119726,46867,167841,167841,119726,46867,167841,2,0,0,0,ok (<0.05%),ok (<0.05%),ok (<0.05%)
2004,NY,06,129688,0,129688,129688,129688,0,129688,1,0,0,0,ok (<0.05%),ok (<0.05%),ok (<0.05%)
2004,NY,07,104275,24548,128823,128823,104275,24548,128823,2,0,0,0,ok (<0.05%),ok (<0.05%),ok (<0.05%)
2004,NY,08,162082,39240,201322,201322,162082,39240,201322,2,0,0,0,ok (<0.05%),ok (<0.05%),ok (<0.05%)
2004,NY,09,113025,45451,158476,158476,113025,45451,158476,2,0,0,0,ok (<0.05%),ok (<0.05%),ok (<0.05%)
2004,NY,10,136113,11099,148766,148766,136113,11099,148766,1,0,0,0,ok (<0.05%),ok (<0.05%),ok (<0.05%)
2004,NY,11,144999,0,154198,154198,144999,0,154198,1,0,0,0,ok (<0.05%),ok (<0.05%),ok (<0.05%)
2004,NY,12,107796,17166,124962,124962,107796,17166,124962,3,0,0,0,ok (<0.05%),ok (<0.05%),ok (<0.05%)
2004,NY,13,78500,112934,191434,191434,78500,112934,191434,2,0,0,0,ok (<0.05%),ok (<0.05%),ok (<0.05%)
2004,NY,14,186688,43623,230311,230311,186688,43623,230311,2,0,0,0,ok (<0.05%),ok (<0.05%),ok (<0.05%)
2004,NY,15,161351,12355,177051,177051,161351,12355,177051,1,0,0,0,ok (<0.05%),ok (<0.05%),ok (<0.05%)
2004,NY,16,111638,5610,117248,117248,111638,5610,117248,1,0,0,0,ok (<0.05%),ok (<0.05%),ok (<0.05%)
2004,NY,17,140530,40524,184536,184536,140530,40524,184536,3,0,0,0,ok (<0.05%),ok (<0.05%),ok (<0.05%)
2004,NY,18,170715,73975,244690,244690,170715,73975,244690,2,0,0,0,ok (<0.05%),ok (<0.05%),ok (<0.05%)
2004,NY,19,87429,175401,262830,262830,87429,175401,262830,5,0,0,0,ok (<0.05%),ok (<0.05%),ok (<0.05%)
2004,NY,20,96630,188753,286736,286736,96630,188753,286736,10,0,0,0,ok (<0.05%),ok (<0.05%),ok (<0.05%)
2004,NY,21,194033,80121,274154,274154,194033,80121,274154,7,0,0,0,ok (<0.05%),ok (<0.05%),ok (<0.05%)
2004,NY,22,167489,81881,249370,249370,167489,81881,249370,8,0,0,0,ok (<0.05%),ok (<0.05%),ok (<0.05%)
2004,NY,23,66448,160079,226527,226527,66448,160079,226527,11,0,0,0,ok (<0.05%),ok (<0.05%),ok (<0.05%)
2004,NY,24,85140,143000,251368,251368,85140,143000,251368,11,0,0,0,ok (<0.05%),ok (<0.05%),ok (<0.05%)
2004,NY,25,0,189063,209169,209169,0,189063,209169,4,0,0,0,ok (<0.05%),ok (<0.05%),ok (<0.05%)
2004,NY,26,125613,157466,283079,283079,125613,157466,283079,7,0,0,0,ok (<0.05%),ok (<0.05%),ok (<0.05%)
2004,NY,27,143332,139558,282890,282890,143332,139558,282890,2,0,0,0,ok (<0.05%),ok (<0.05%),ok (<0.05%)
2004,NY,28,159655,54543,219876,219876,159655,54543,219876,4,0,0,0,ok (<0.05%),ok (<0.05%),ok (<0.05%)
2004,NY,29,110241,136883,270215,270215,110241,136883,270215,8,0,0,0,ok (<0.05%),ok (<0.05%),ok (<0.05%)
2004,OH,01,116235,173430,289863,289863,NA,NA,NA,NA,NA,NA,NA,MISSING,MISSING,MISSING
2004,OH,02,89598,227102,316760,316760,NA,NA,NA,NA,NA,NA,NA,MISSING,MISSING,MISSING
2004,OH,03,119448,197290,316738,316738,NA,NA,NA,NA,NA,NA,NA,MISSING,MISSING,MISSING
2004,OH,04,118538,167807,286345,286345,NA,NA,NA,NA,NA,NA,NA,MISSING,MISSING,MISSING
2004,OH,05,96656,196649,293305,293305,NA,NA,NA,NA,NA,NA,NA,MISSING,MISSING,MISSING
2004,OH,06,223844,0,223989,223989,NA,NA,NA,NA,NA,NA,NA,MISSING,MISSING,MISSING
2004,OH,07,100617,186534,287151,287151,NA,NA,NA,NA,NA,NA,NA,MISSING,MISSING,MISSING
2004,OH,08,90574,201675,292249,292249,NA,NA,NA,NA,NA,NA,NA,MISSING,MISSING,MISSING
2004,OH,09,205149,95983,301132,301132,NA,NA,NA,NA,NA,NA,NA,MISSING,MISSING,MISSING
2004,OH,10,172406,96463,287212,287212,NA,NA,NA,NA,NA,NA,NA,MISSING,MISSING,MISSING
2004,OH,11,222371,0,222371,222371,NA,NA,NA,NA,NA,NA,NA,MISSING,MISSING,MISSING
2004,OH,12,122109,198912,321046,321046,NA,NA,NA,NA,NA,NA,NA,MISSING,MISSING,MISSING
2004,OH,13,201004,97090,298094,298094,NA,NA,NA,NA,NA,NA,NA,MISSING,MISSING,MISSING
2004,OH,14,119714,201652,321366,321366,NA,NA,NA,NA,NA,NA,NA,MISSING,MISSING,MISSING
2004,OH,15,110915,166520,277435,277435,NA,NA,NA,NA,NA,NA,NA,MISSING,MISSING,MISSING
2004,OH,16,101817,202544,304361,304361,NA,NA,NA,NA,NA,NA,NA,MISSING,MISSING,MISSING
2004,OH,17,212800,62871,275671,275671,NA,NA,NA,NA,NA,NA,NA,MISSING,MISSING,MISSING
2004,OH,18,90820,177600,268420,268420,NA,NA,NA,NA,NA,NA,NA,MISSING,MISSING,MISSING
2004,OK,01,116731,187145,310934,310934,116731,187145,310934,5,0,0,0,ok (<0.05%),ok (<0.05%),ok (<0.05%)
2004,OK,02,179579,92963,272542,272542,179579,92963,272542,25,0,0,0,ok (<0.05%),ok (<0.05%),ok (<0.05%)
2004,OK,03,0,215510,262131,262131,0,215510,262131,32,0,0,0,ok (<0.05%),ok (<0.05%),ok (<0.05%)
2004,OK,04,0,198985,255854,255854,0,198985,255854,16,0,0,0,ok (<0.05%),ok (<0.05%),ok (<0.05%)
2004,OK,05,92719,180430,273149,273149,92719,180430,273149,3,0,0,0,ok (<0.05%),ok (<0.05%),ok (<0.05%)
2004,OR,01,203771,135164,352817,354338,203771,135164,352817,5,0,0,-0.004292511669648754,ok (<0.05%),ok (<0.05%),small (<0.5%)
2004,OR,02,88914,248461,346227,346865,44666,132214,181434,12,-0.49764941404053353,-0.46786819661838275,-0.4769319475876782,BAD (>=2%),BAD (>=2%),BAD (>=2%)
2004,OR,03,245559,82045,345401,346560,245559,82045,345401,2,0,0,-0.003344298245614035,ok (<0.05%),ok (<0.05%),small (<0.5%)
2004,OR,04,228611,140882,374482,374909,221887,134481,360894,6,-0.029412407976869004,-0.04543518689399639,-0.03738240479689738,BAD (>=2%),BAD (>=2%),BAD (>=2%)
2004,OR,05,184833,154993,349260,349634,175968,148414,333316,6,-0.047962214539611435,-0.04244707825514701,-0.04667166236693228,BAD (>=2%),BAD (>=2%),BAD (>=2%)
2004,PA,01,214462,33266,248585,248587,214462,33266,248585,2,0,0,-8.045473013472144e-6,ok (<0.05%),ok (<0.05%),ok (<0.05%)
2004,PA,02,253226,34411,287637,287637,253226,34411,287637,2,0,0,0,ok (<0.05%),ok (<0.05%),ok (<0.05%)
2004,PA,03,110684,166580,277264,277323,110684,166580,277264,7,0,0,-2.1274831153564615e-4,ok (<0.05%),ok (<0.05%),ok (<0.05%)
2004,PA,04,116303,204329,323917,323945,116303,204329,323917,6,0,0,-8.643442559693776e-5,ok (<0.05%),ok (<0.05%),ok (<0.05%)
2004,PA,05,0,192852,219091,219198,0,192852,219091,17,0,0,-4.881431399921532e-4,ok (<0.05%),ok (<0.05%),ok (<0.05%)
2004,PA,06,153977,160348,314325,314386,153977,160348,314325,4,0,0,-1.9402899620212096e-4,ok (<0.05%),ok (<0.05%),ok (<0.05%)
2004,PA,07,134932,196556,334527,334547,134932,196556,334527,3,0,0,-5.978233252726822e-5,ok (<0.05%),ok (<0.05%),ok (<0.05%)
2004,PA,08,143427,183229,331264,331276,143427,183229,331264,3,0,0,-3.622357188567841e-5,ok (<0.05%),ok (<0.05%),ok (<0.05%)
2004,PA,09,80787,184320,265107,265272,80787,184320,265107,15,0,0,-6.2200307608794e-4,ok (<0.05%),ok (<0.05%),small (<0.5%)
2004,PA,10,0,191967,206772,206839,0,191967,206772,14,0,0,-3.239234380363471e-4,ok (<0.05%),ok (<0.05%),ok (<0.05%)
2004,PA,11,171147,0,181252,181285,171147,0,181252,5,0,0,-1.8203381416002427e-4,ok (<0.05%),ok (<0.05%),ok (<0.05%)
2004,PA,12,204504,0,204504,204710,204504,0,204504,9,0,0,-0.001006301597381662,ok (<0.05%),ok (<0.05%),small (<0.5%)
2004,PA,13,171763,127205,308124,308124,171763,127205,308124,2,0,0,0,ok (<0.05%),ok (<0.05%),ok (<0.05%)
2004,PA,14,220139,0,220139,220299,220139,0,220139,1,0,0,-7.262856390632731e-4,ok (<0.05%),ok (<0.05%),small (<0.5%)
2004,PA,15,114646,170634,291134,291147,114646,170634,291134,4,0,0,-4.465098386725606e-5,ok (<0.05%),ok (<0.05%),ok (<0.05%)
2004,PA,16,98410,183620,285299,285313,98410,183620,285299,3,0,0,-4.90689172943399e-5,ok (<0.05%),ok (<0.05%),ok (<0.05%)
2004,PA,17,172412,113592,291786,291793,172412,113592,291786,5,0,0,-2.3989609072184733e-5,ok (<0.05%),ok (<0.05%),ok (<0.05%)
2004,PA,18,117420,197894,315314,315342,117420,197894,315314,4,0,0,-8.87924856187885e-5,ok (<0.05%),ok (<0.05%),ok (<0.05%)
2004,PA,19,0,224274,245094,245251,0,224274,245094,3,0,0,-6.401604886422482e-4,ok (<0.05%),ok (<0.05%),small (<0.5%)
2004,PR,00,0,0,1959108,1959553,NA,NA,NA,NA,NA,NA,NA,MISSING,MISSING,MISSING
2004,RI,01,124923,69819,194748,195010,124923,69819,194742,3,0,0,-0.0013742884980257424,ok (<0.05%),ok (<0.05%),small (<0.5%)
2004,RI,02,154392,43139,207035,207165,154392,43139,207030,3,0,0,-6.516544783143871e-4,ok (<0.05%),ok (<0.05%),small (<0.5%)
2004,SC,01,0,186448,212122,212308,0,186448,212308,5,0,0,0,ok (<0.05%),ok (<0.05%),ok (<0.05%)
2004,SC,02,93249,181862,279558,279870,93249,181862,279870,10,0,0,0,ok (<0.05%),ok (<0.05%),ok (<0.05%)
2004,SC,03,0,191052,191052,191999,0,191052,191999,10,0,0,0,ok (<0.05%),ok (<0.05%),ok (<0.05%)
2004,SC,04,78376,188795,270444,270594,78376,188795,270594,4,0,0,0,ok (<0.05%),ok (<0.05%),ok (<0.05%)
2004,SC,05,152867,89568,242435,242518,152867,89568,242518,14,0,0,0,ok (<0.05%),ok (<0.05%),ok (<0.05%)
2004,SC,06,161987,79600,241587,241829,161987,79600,241829,15,0,0,0,ok (<0.05%),ok (<0.05%),ok (<0.05%)
2004,SD,00,207837,178823,389468,389468,207837,178823,389468,66,0,0,0,ok (<0.05%),ok (<0.05%),ok (<0.05%)
2004,TN,01,56361,172543,233560,233560,56361,172543,233560,12,0,0,0,ok (<0.05%),ok (<0.05%),ok (<0.05%)
2004,TN,02,52155,215795,272928,272928,52155,215795,272928,6,0,0,0,ok (<0.05%),ok (<0.05%),ok (<0.05%)
2004,TN,03,84295,166154,256636,256636,84295,166154,256636,11,0,0,0,ok (<0.05%),ok (<0.05%),ok (<0.05%)
2004,TN,04,138459,109993,252646,252646,138459,109993,252646,24,0,0,0,ok (<0.05%),ok (<0.05%),ok (<0.05%)
2004,TN,05,168970,74978,243963,243963,168970,74978,243963,3,0,0,0,ok (<0.05%),ok (<0.05%),ok (<0.05%)
2004,TN,06,167448,87523,260642,260642,167448,87523,260642,15,0,0,0,ok (<0.05%),ok (<0.05%),ok (<0.05%)
2004,TN,07,0,232404,232404,232404,0,232404,232404,15,0,0,0,ok (<0.05%),ok (<0.05%),ok (<0.05%)
2004,TN,08,173623,59853,233567,233567,173623,59853,233567,19,0,0,0,ok (<0.05%),ok (<0.05%),ok (<0.05%)
2004,TN,09,190648,41578,232392,232392,190648,41578,232392,1,0,0,0,ok (<0.05%),ok (<0.05%),ok (<0.05%)
2004,TX,01,96281,157068,255507,255507,96281,157068,255507,13,0,0,0,ok (<0.05%),ok (<0.05%),ok (<0.05%)
2004,TX,02,108156,139951,252038,252038,108156,139951,252038,3,0,0,0,ok (<0.05%),ok (<0.05%),ok (<0.05%)
2004,TX,03,0,180099,210352,210352,0,180099,210352,2,0,0,0,ok (<0.05%),ok (<0.05%),ok (<0.05%)
2004,TX,04,81585,182866,267942,267942,81585,182866,267942,16,0,0,0,ok (<0.05%),ok (<0.05%),ok (<0.05%)
2004,TX,05,75911,148816,230845,230845,75911,148816,230845,7,0,0,0,ok (<0.05%),ok (<0.05%),ok (<0.05%)
2004,TX,06,83609,168767,255627,255627,83609,168767,255627,8,0,0,0,ok (<0.05%),ok (<0.05%),ok (<0.05%)
2004,TX,07,91126,175440,273651,273651,91126,175440,273651,1,0,0,0,ok (<0.05%),ok (<0.05%),ok (<0.05%)
2004,TX,08,77324,179599,260628,260628,77324,179599,260628,11,0,0,0,ok (<0.05%),ok (<0.05%),ok (<0.05%)
2004,TX,09,114462,42132,158566,158566,114462,42132,158566,2,0,0,0,ok (<0.05%),ok (<0.05%),ok (<0.05%)
2004,TX,10,0,182113,231643,231643,0,182113,231643,8,0,0,0,ok (<0.05%),ok (<0.05%),ok (<0.05%)
2004,TX,11,50339,177291,230977,230977,50339,177291,230977,36,0,0,0,ok (<0.05%),ok (<0.05%),ok (<0.05%)
2004,TX,12,66316,173222,239538,239538,66316,173222,239538,3,0,0,0,ok (<0.05%),ok (<0.05%),ok (<0.05%)
2004,TX,13,0,189448,205241,205241,0,189448,205241,44,0,0,0,ok (<0.05%),ok (<0.05%),ok (<0.05%)
2004,TX,14,0,173668,173668,173668,0,173668,173668,10,0,0,0,ok (<0.05%),ok (<0.05%),ok (<0.05%)
2004,TX,15,96089,67917,166358,166358,96089,67917,166358,13,0,0,0,ok (<0.05%),ok (<0.05%),ok (<0.05%)
2004,TX,16,108577,49972,160773,160773,108577,49972,160773,1,0,0,0,ok (<0.05%),ok (<0.05%),ok (<0.05%)
2004,TX,17,125309,116049,244748,244748,125309,116049,244748,12,0,0,0,ok (<0.05%),ok (<0.05%),ok (<0.05%)
2004,TX,18,136018,0,152988,152988,136018,0,152988,1,0,0,0,ok (<0.05%),ok (<0.05%),ok (<0.05%)
2004,TX,19,93531,136459,233514,233514,93531,136459,233514,27,0,0,0,ok (<0.05%),ok (<0.05%),ok (<0.05%)
2004,TX,20,112480,54976,171804,171804,112480,54976,171804,1,0,0,0,ok (<0.05%),ok (<0.05%),ok (<0.05%)
2004,TX,21,330903,0,341119,341119,330903,0,341119,5,0,0,0,ok (<0.05%),ok (<0.05%),ok (<0.05%)
2004,TX,22,116920,150386,272620,272620,116920,150386,272620,4,0,0,0,ok (<0.05%),ok (<0.05%),ok (<0.05%)
2004,TX,23,72480,170716,246503,246503,72480,170716,246503,25,0,0,0,ok (<0.05%),ok (<0.05%),ok (<0.05%)
2004,TX,24,82599,154435,241374,241374,82599,154435,241374,3,0,0,0,ok (<0.05%),ok (<0.05%),ok (<0.05%)
2004,TX,25,108309,49252,160217,160217,108309,49252,160217,9,0,0,0,ok (<0.05%),ok (<0.05%),ok (<0.05%)
2004,TX,26,89809,180519,274539,274539,89809,180519,274539,4,0,0,0,ok (<0.05%),ok (<0.05%),ok (<0.05%)
2004,TX,27,112081,61955,177536,177536,112081,61955,177536,6,0,0,0,ok (<0.05%),ok (<0.05%),ok (<0.05%)
2004,TX,28,106323,69538,180166,180166,106323,69538,180166,11,0,0,0,ok (<0.05%),ok (<0.05%),ok (<0.05%)
2004,TX,29,78256,0,83124,83124,78256,0,83124,1,0,0,0,ok (<0.05%),ok (<0.05%),ok (<0.05%)
2004,TX,30,144513,0,155334,155334,144513,0,155334,1,0,0,0,ok (<0.05%),ok (<0.05%),ok (<0.05%)
2004,TX,31,80292,160247,247427,247427,80292,160247,247427,8,0,0,0,ok (<0.05%),ok (<0.05%),ok (<0.05%)
2004,TX,32,89030,109859,202236,202236,89030,109859,202236,1,0,0,0,ok (<0.05%),ok (<0.05%),ok (<0.05%)
2004,UT,01,85630,199615,293961,293961,85630,199615,293961,29,0,0,0,ok (<0.05%),ok (<0.05%),ok (<0.05%)
2004,UT,02,187250,147778,341968,341968,187250,147778,341968,29,0,0,0,ok (<0.05%),ok (<0.05%),ok (<0.05%)
2004,UT,03,88748,173010,272928,272928,88748,173010,272928,29,0,0,0,ok (<0.05%),ok (<0.05%),ok (<0.05%)
2004,VA,01,0,225071,282505,286534,0,225071,286534,23,0,0,0,ok (<0.05%),ok (<0.05%),ok (<0.05%)
2004,VA,02,108180,132946,241126,241380,108180,132946,241380,5,0,0,0,ok (<0.05%),ok (<0.05%),ok (<0.05%)
2004,VA,03,159373,70194,229567,229892,159373,70194,229892,10,0,0,0,ok (<0.05%),ok (<0.05%),ok (<0.05%)
2004,VA,04,100413,182444,282857,283027,100413,182444,283027,18,0,0,0,ok (<0.05%),ok (<0.05%),ok (<0.05%)
2004,VA,05,98237,172431,270668,270758,98237,172431,270758,22,0,0,0,ok (<0.05%),ok (<0.05%),ok (<0.05%)
2004,VA,06,0,206560,206560,213648,0,206560,213648,20,0,0,0,ok (<0.05%),ok (<0.05%),ok (<0.05%)
2004,VA,07,0,230765,305090,305658,0,230765,305658,13,0,0,0,ok (<0.05%),ok (<0.05%),ok (<0.05%)
2004,VA,08,171986,106231,287221,287919,171986,106231,287919,4,0,0,0,ok (<0.05%),ok (<0.05%),ok (<0.05%)
2004,VA,09,150039,98499,252879,252947,150039,98499,252947,27,0,0,0,ok (<0.05%),ok (<0.05%),ok (<0.05%)
2004,VA,10,116654,205982,322636,323011,116654,205982,323011,10,0,0,0,ok (<0.05%),ok (<0.05%),ok (<0.05%)
2004,VA,11,118305,186299,308942,309233,118305,186299,309233,3,0,0,0,ok (<0.05%),ok (<0.05%),ok (<0.05%)
2004,VI,00,17879,1512,26931,26931,NA,NA,NA,NA,NA,NA,NA,MISSING,MISSING,MISSING
2004,VT,00,21684,74271,304747,305008,21684,74271,305008,14,0,0,0,ok (<0.05%),ok (<0.05%),ok (<0.05%)
2004,WI,01,116250,233372,356810,356976,116250,233372,356810,6,0,0,-4.6501725606203217e-4,ok (<0.05%),ok (<0.05%),ok (<0.05%)
2004,WI,02,251637,145810,397447,397724,251637,145810,397447,7,0,0,-6.964628737516469e-4,ok (<0.05%),ok (<0.05%),small (<0.5%)
2004,WI,03,204856,157866,362722,363008,204856,157866,362722,19,0,0,-7.878614245416079e-4,ok (<0.05%),ok (<0.05%),small (<0.5%)
2004,WI,04,212382,85928,304801,305142,212382,85928,304801,1,0,0,-0.001117512502375943,ok (<0.05%),ok (<0.05%),small (<0.5%)
2004,WI,05,129384,271153,407086,407291,129384,271153,407086,5,0,0,-5.033256320419552e-4,ok (<0.05%),ok (<0.05%),small (<0.5%)
2004,WI,06,107209,238620,355847,355995,107209,238620,355847,12,0,0,-4.1573617606988864e-4,ok (<0.05%),ok (<0.05%),ok (<0.05%)
2004,WI,07,241306,0,280665,281752,241306,0,280665,20,0,0,-0.0038580027825889434,ok (<0.05%),ok (<0.05%),small (<0.5%)
2004,WI,08,105513,248070,353583,353725,105513,248070,353583,15,0,0,-4.0144179800692627e-4,ok (<0.05%),ok (<0.05%),ok (<0.05%)
2004,WV,01,166583,79196,245779,245779,245779,0,245779,20,0.4754146581583955,-1,0,BAD (>=2%),BAD (>=2%),ok (<0.05%)
2004,WV,02,106131,147676,257025,257025,106131,147676,257025,18,0,0,0,ok (<0.05%),ok (<0.05%),ok (<0.05%)
2004,WV,03,142682,76170,218852,218852,218852,0,218852,17,0.53384449334884565,-1,0,BAD (>=2%),BAD (>=2%),ok (<0.05%)
2004,WY,00,99989,132107,238677,239034,99989,132107,238677,23,0,0,-0.0014935113833178543,ok (<0.05%),ok (<0.05%),small (<0.5%)
2006,AL,01,52770,112944,165714,165841,52770,112944,165841,6,0,0,0,ok (<0.05%),ok (<0.05%),ok (<0.05%)
2006,AL,02,54450,124302,178752,178919,54450,124302,178919,16,0,0,0,ok (<0.05%),ok (<0.05%),ok (<0.05%)
2006,AL,03,63559,98257,165230,165301,63559,98257,165301,13,0,0,0,ok (<0.05%),ok (<0.05%),ok (<0.05%)
2006,AL,04,54382,128484,182866,183072,54382,128484,183072,14,0,0,0,ok (<0.05%),ok (<0.05%),ok (<0.05%)
2006,AL,05,143015,0,143015,145555,143015,0,145555,7,0,0,0,ok (<0.05%),ok (<0.05%),ok (<0.05%)
2006,AL,06,0,163514,163514,166300,0,163514,166300,7,0,0,0,ok (<0.05%),ok (<0.05%),ok (<0.05%)
2006,AL,07,133870,0,133870,135164,133870,0,135164,12,0,0,0,ok (<0.05%),ok (<0.05%),ok (<0.05%)
2006,AR,01,127577,56611,184188,184188,127577,56611,184188,26,0,0,0,ok (<0.05%),ok (<0.05%),ok (<0.05%)
2006,AR,02,124871,81432,206303,206303,124871,81432,206303,8,0,0,0,ok (<0.05%),ok (<0.05%),ok (<0.05%)
2006,AR,03,75885,125039,200924,200924,75885,125039,200924,12,0,0,0,ok (<0.05%),ok (<0.05%),ok (<0.05%)
2006,AR,04,171596,0,171596,171596,171596,0,171596,29,0,0,0,ok (<0.05%),ok (<0.05%),ok (<0.05%)
2006,AS,00,5195,4493,11033,11033,NA,NA,NA,NA,NA,NA,NA,MISSING,MISSING,MISSING
2006,AZ,01,88691,105646,204139,204139,88691,105646,204139,8,0,0,0,ok (<0.05%),ok (<0.05%),ok (<0.05%)
2006,AZ,02,89671,135150,230560,230560,89671,135150,230560,6,0,0,0,ok (<0.05%),ok (<0.05%),ok (<0.05%)
2006,AZ,03,72586,112519,189849,189849,72586,112519,189849,1,0,0,0,ok (<0.05%),ok (<0.05%),ok (<0.05%)
2006,AZ,04,56464,18627,77861,77861,56464,18627,77861,1,0,0,0,ok (<0.05%),ok (<0.05%),ok (<0.05%)
2006,AZ,05,101838,93815,202010,202010,101838,93815,202010,1,0,0,0,ok (<0.05%),ok (<0.05%),ok (<0.05%)
2006,AZ,06,0,152201,203486,203486,0,152201,203486,2,0,0,0,ok (<0.05%),ok (<0.05%),ok (<0.05%)
2006,AZ,07,80354,46498,131525,131525,80354,46498,131525,6,0,0,0,ok (<0.05%),ok (<0.05%),ok (<0.05%)
2006,AZ,08,137655,106790,253720,253720,137655,106790,253720,4,0,0,0,ok (<0.05%),ok (<0.05%),ok (<0.05%)
2006,CA,01,144409,63194,218044,218044,144409,63194,218044,7,0,0,0,ok (<0.05%),ok (<0.05%),ok (<0.05%)
2006,CA,02,68234,134911,210202,210202,68234,134911,210202,10,0,0,0,ok (<0.05%),ok (<0.05%),ok (<0.05%)
2006,CA,03,86318,135709,228169,228169,86318,135709,228169,5,0,0,0,ok (<0.05%),ok (<0.05%),ok (<0.05%)
2006,CA,04,126999,135818,276893,276893,126999,135818,276893,9,0,0,0,ok (<0.05%),ok (<0.05%),ok (<0.05%)
2006,CA,05,105676,35106,149266,149266,105676,35106,149266,1,0,0,0,ok (<0.05%),ok (<0.05%),ok (<0.05%)
2006,CA,06,173190,64410,246628,246628,173190,64410,246628,2,0,0,0,ok (<0.05%),ok (<0.05%),ok (<0.05%)
2006,CA,07,118000,0,140486,140486,118000,0,140486,2,0,0,0,ok (<0.05%),ok (<0.05%),ok (<0.05%)
2006,CA,08,148435,19800,184639,184639,148435,19800,184639,1,0,0,0,ok (<0.05%),ok (<0.05%),ok (<0.05%)
2006,CA,09,167245,20786,193686,193686,167245,20786,193686,1,0,0,0,ok (<0.05%),ok (<0.05%),ok (<0.05%)
2006,CA,10,130859,66069,196978,196978,130859,66119,196978,4,0,7.567845737032497e-4,0,ok (<0.05%),small (<0.5%),ok (<0.05%)
2006,CA,11,109868,96396,206264,206264,109868,96396,206264,4,0,0,0,ok (<0.05%),ok (<0.05%),ok (<0.05%)
2006,CA,12,138650,43674,182324,182324,138650,43674,182324,2,0,0,0,ok (<0.05%),ok (<0.05%),ok (<0.05%)
2006,CA,13,110756,37141,147897,147897,110756,37141,147897,1,0,0,0,ok (<0.05%),ok (<0.05%),ok (<0.05%)
2006,CA,14,141153,48097,198575,198575,141153,48097,198575,3,0,0,0,ok (<0.05%),ok (<0.05%),ok (<0.05%)
2006,CA,15,115532,44186,159718,159718,115532,44186,159718,1,0,0,0,ok (<0.05%),ok (<0.05%),ok (<0.05%)
2006,CA,16,98929,37130,136059,136059,98929,37130,136059,1,0,0,0,ok (<0.05%),ok (<0.05%),ok (<0.05%)
2006,CA,17,120750,35932,159293,159293,120750,35932,159293,3,0,0,0,ok (<0.05%),ok (<0.05%),ok (<0.05%)
2006,CA,18,71182,37531,108713,108713,71182,37531,108713,5,0,0,0,ok (<0.05%),ok (<0.05%),ok (<0.05%)
2006,CA,19,71748,110246,181994,181994,71748,110246,181994,5,0,0,0,ok (<0.05%),ok (<0.05%),ok (<0.05%)
2006,CA,20,61120,0,61120,61120,61120,0,61120,3,0,0,0,ok (<0.05%),ok (<0.05%),ok (<0.05%)
2006,CA,21,42718,95214,142661,142661,42718,95214,142661,2,0,0,0,ok (<0.05%),ok (<0.05%),ok (<0.05%)
2006,CA,22,55226,133278,188504,188504,55226,133278,188504,3,0,0,0,ok (<0.05%),ok (<0.05%),ok (<0.05%)
2006,CA,23,114661,61272,175951,175951,114661,61272,175951,3,0,0,0,ok (<0.05%),ok (<0.05%),ok (<0.05%)
2006,CA,24,79461,129812,209292,209292,79461,129812,209292,2,0,0,0,ok (<0.05%),ok (<0.05%),ok (<0.05%)
2006,CA,25,55913,93987,156773,156773,55913,93987,156773,4,0,0,0,ok (<0.05%),ok (<0.05%),ok (<0.05%)
2006,CA,26,67878,102028,179144,179144,67878,102028,179144,2,0,0,0,ok (<0.05%),ok (<0.05%),ok (<0.05%)
2006,CA,27,92650,42074,134724,134724,92650,42074,134724,1,0,0,0,ok (<0.05%),ok (<0.05%),ok (<0.05%)
2006,CA,28,79866,20629,108042,108042,79866,20629,108042,1,0,0,0,ok (<0.05%),ok (<0.05%),ok (<0.05%)
2006,CA,29,91014,39321,143404,143404,91014,39321,143404,1,0,0,0,ok (<0.05%),ok (<0.05%),ok (<0.05%)
2006,CA,30,151284,55904,211734,211734,151284,55904,211734,1,0,0,0,ok (<0.05%),ok (<0.05%),ok (<0.05%)
2006,CA,31,64952,0,64952,64952,64952,0,64952,1,0,0,0,ok (<0.05%),ok (<0.05%),ok (<0.05%)
2006,CA,32,76059,0,91686,91686,76059,0,91686,1,0,0,0,ok (<0.05%),ok (<0.05%),ok (<0.05%)
2006,CA,33,113715,0,113715,113715,113715,0,113715,1,0,0,0,ok (<0.05%),ok (<0.05%),ok (<0.05%)
2006,CA,34,57459,17359,74819,74819,57459,17359,74819,1,0,0,0,ok (<0.05%),ok (<0.05%),ok (<0.05%)
2006,CA,35,82498,0,98506,98506,82498,0,98506,1,0,0,0,ok (<0.05%),ok (<0.05%),ok (<0.05%)
2006,CA,36,105323,53068,166153,166153,105323,53068,166153,1,0,0,0,ok (<0.05%),ok (<0.05%),ok (<0.05%)
2006,CA,37,80716,0,97962,97962,80716,0,97962,1,0,0,0,ok (<0.05%),ok (<0.05%),ok (<0.05%)
2006,CA,38,75181,24620,99801,99801,75181,24620,99801,1,0,0,0,ok (<0.05%),ok (<0.05%),ok (<0.05%)
2006,CA,39,72149,37384,109533,109533,72149,37384,109533,1,0,0,0,ok (<0.05%),ok (<0.05%),ok (<0.05%)
2006,CA,40,46418,100995,151289,151289,46418,100995,151289,1,0,0,0,ok (<0.05%),ok (<0.05%),ok (<0.05%)
2006,CA,41,54235,109761,164044,164044,54235,109761,164044,2,0,0,0,ok (<0.05%),ok (<0.05%),ok (<0.05%)
2006,CA,42,0,129720,129720,129720,0,129720,129720,3,0,0,0,ok (<0.05%),ok (<0.05%),ok (<0.05%)
2006,CA,43,52791,29069,81860,81860,52791,29069,81860,1,0,0,0,ok (<0.05%),ok (<0.05%),ok (<0.05%)
2006,CA,44,55275,89555,149316,149316,55275,89555,149316,2,0,0,0,ok (<0.05%),ok (<0.05%),ok (<0.05%)
2006,CA,45,64613,99638,164251,164251,64613,99638,164251,1,0,0,0,ok (<0.05%),ok (<0.05%),ok (<0.05%)
2006,CA,46,71573,116176,195052,195052,71573,116176,195052,2,0,0,0,ok (<0.05%),ok (<0.05%),ok (<0.05%)
2006,CA,47,47134,28485,75619,75619,47134,28485,75619,1,0,0,0,ok (<0.05%),ok (<0.05%),ok (<0.05%)
2006,CA,48,74647,120130,200527,200527,74647,120130,200527,1,0,0,0,ok (<0.05%),ok (<0.05%),ok (<0.05%)
2006,CA,49,52227,98831,156137,156137,52354,98831,156137,2,0.0024316924196296935,0,0,small (<0.5%),ok (<0.05%),ok (<0.05%)
2006,CA,50,96612,118018,222102,222102,96612,118018,222102,1,0,0,0,ok (<0.05%),ok (<0.05%),ok (<0.05%)
2006,CA,51,78114,34931,115839,115839,78114,34931,115839,2,0,0,0,ok (<0.05%),ok (<0.05%),ok (<0.05%)
2006,CA,52,61208,123696,191369,191369,61208,123696,191369,1,0,0,0,ok (<0.05%),ok (<0.05%),ok (<0.05%)
2006,CA,53,97541,43312,144387,144387,97541,43312,144387,1,0,0,0,ok (<0.05%),ok (<0.05%),ok (<0.05%)
2006,CO,01,129446,0,162271,162271,129446,0,162271,3,0,0,0,ok (<0.05%),ok (<0.05%),ok (<0.05%)
2006,CO,02,157850,65481,231307,231307,157850,65481,231307,10,0,0,0,ok (<0.05%),ok (<0.05%),ok (<0.05%)
2006,CO,03,146488,86930,237858,237858,146488,86930,237858,29,0,0,0,ok (<0.05%),ok (<0.05%),ok (<0.05%)
2006,CO,04,103748,109732,240613,240613,103748,109732,240613,18,0,0,0,ok (<0.05%),ok (<0.05%),ok (<0.05%)
2006,CO,05,83431,123264,206756,206756,83492,123264,206756,6,7.311431002864643e-4,0,0,small (<0.5%),ok (<0.05%),ok (<0.05%)
2006,CO,06,108007,158806,270931,270931,108007,158831,270931,5,0,1.5742478243895068e-4,0,ok (<0.05%),ok (<0.05%),ok (<0.05%)
2006,CO,07,103918,79571,189172,189172,103923,79571,189172,3,4.811485979329856e-5,0,0,ok (<0.05%),ok (<0.05%),ok (<0.05%)
2006,CT,01,154539,53010,207592,207592,154539,53010,207564,3,0,0,-1.348799568384138e-4,ok (<0.05%),ok (<0.05%),ok (<0.05%)
2006,CT,02,121248,121165,242413,242413,121248,121165,242413,6,0,0,0,ok (<0.05%),ok (<0.05%),ok (<0.05%)
2006,CT,03,150436,44386,197911,197911,150436,44386,197911,3,0,0,0,ok (<0.05%),ok (<0.05%),ok (<0.05%)
2006,CT,04,99450,106510,209019,209019,100763,106510,210331,2,0.013202614379084968,0,0.006276941330692425,check (0.5-2%),ok (<0.05%),check (0.5-2%)
2006,CT,05,122980,94824,217804,217804,122980,94824,217804,4,0,0,0,ok (<0.05%),ok (<0.05%),ok (<0.05%)
2006,DE,00,97565,143897,251694,251694,97565,148360,251694,3,0,0.031015240067548317,0,ok (<0.05%),BAD (>=2%),ok (<0.05%)
2006,FL,01,62340,135786,198126,198126,62340,135786,198126,6,0,0,0,ok (<0.05%),ok (<0.05%),ok (<0.05%)
2006,FL,04,61704,141759,203479,203479,61704,141759,203479,9,0,0,0,ok (<0.05%),ok (<0.05%),ok (<0.05%)
2006,FL,05,108959,162421,271380,271380,108959,162421,271380,8,0,0,0,ok (<0.05%),ok (<0.05%),ok (<0.05%)
2006,FL,06,91528,136601,228129,228129,91528,136601,228129,8,0,0,0,ok (<0.05%),ok (<0.05%),ok (<0.05%)
2006,FL,07,87584,149656,237240,237240,87584,149656,237240,6,0,0,0,ok (<0.05%),ok (<0.05%),ok (<0.05%)
2006,FL,08,82526,95258,180444,180444,82526,95258,180444,4,0,0,0,ok (<0.05%),ok (<0.05%),ok (<0.05%)
2006,FL,09,96978,123016,220013,220013,96978,123016,220013,3,0,0,0,ok (<0.05%),ok (<0.05%),ok (<0.05%)
2006,FL,10,67950,131488,199445,199445,67950,131488,199445,1,0,0,0,ok (<0.05%),ok (<0.05%),ok (<0.05%)
2006,FL,11,97470,42454,139942,139942,97470,42454,139942,3,0,0,0,ok (<0.05%),ok (<0.05%),ok (<0.05%)
2006,FL,12,0,124452,180064,180064,0,124452,180064,3,0,0,0,ok (<0.05%),ok (<0.05%),ok (<0.05%)
2006,FL,13,118940,119309,238249,238249,118940,119309,238249,5,0,0,0,ok (<0.05%),ok (<0.05%),ok (<0.05%)
2006,FL,14,83920,151615,235538,235539,83920,151615,235539,3,0,0,0,ok (<0.05%),ok (<0.05%),ok (<0.05%)
2006,FL,15,97834,125965,223799,223799,97834,125965,223799,4,0,0,0,ok (<0.05%),ok (<0.05%),ok (<0.05%)
2006,FL,16,115832,111415,233773,233773,115832,111415,233773,8,0,0,0,ok (<0.05%),ok (<0.05%),ok (<0.05%)
2006,FL,17,90663,0,90686,90686,90663,0,90686,2,0,0,0,ok (<0.05%),ok (<0.05%),ok (<0.05%)
2006,FL,18,48499,79631,128132,128132,48499,79631,128132,2,0,0,0,ok (<0.05%),ok (<0.05%),ok (<0.05%)
2006,FL,21,45522,66784,112306,112306,45522,66784,112306,2,0,0,0,ok (<0.05%),ok (<0.05%),ok (<0.05%)
2006,FL,22,108688,100663,213605,213605,108688,100663,213605,2,0,0,0,ok (<0.05%),ok (<0.05%),ok (<0.05%)
2006,FL,24,89863,123795,213658,213658,89863,123795,213658,4,0,0,0,ok (<0.05%),ok (<0.05%),ok (<0.05%)
2006,FL,25,43168,60765,103933,103933,43168,60765,103933,3,0,0,0,ok (<0.05%),ok (<0.05%),ok (<0.05%)
2006,GA,01,43668,94961,138629,138629,43668,94961,138629,25,0,0,0,ok (<0.05%),ok (<0.05%),ok (<0.05%)
2006,GA,02,88662,41967,130629,130629,88662,41967,130629,32,0,0,0,ok (<0.05%),ok (<0.05%),ok (<0.05%)
2006,GA,03,62371,130428,192799,192799,62371,130428,192799,15,0,0,0,ok (<0.05%),ok (<0.05%),ok (<0.05%)
2006,GA,04,106352,34778,141194,141194,106352,34778,141130,3,0,0,-4.5327705143278043e-4,ok (<0.05%),ok (<0.05%),ok (<0.05%)
2006,GA,05,122380,0,122428,122428,122380,0,122380,3,0,0,-3.920671741758421e-4,ok (<0.05%),ok (<0.05%),ok (<0.05%)
2006,GA,06,55294,144958,200252,200252,55294,144958,200252,4,0,0,0,ok (<0.05%),ok (<0.05%),ok (<0.05%)
2006,GA,07,53553,130561,184114,184114,53553,130561,184114,5,0,0,0,ok (<0.05%),ok (<0.05%),ok (<0.05%)
2006,GA,08,80660,78908,159568,159568,80660,78908,159568,21,0,0,0,ok (<0.05%),ok (<0.05%),ok (<0.05%)
2006,GA,09,39240,128685,167926,167926,39240,128685,167925,15,0,0,-5.955003989852673e-6,ok (<0.05%),ok (<0.05%),ok (<0.05%)
2006,GA,10,57032,117721,174753,174753,57032,117721,174753,21,0,0,0,ok (<0.05%),ok (<0.05%),ok (<0.05%)
2006,GA,11,48261,118524,166788,166788,48261,118524,166785,9,0,0,-1.7986905532772142e-5,ok (<0.05%),ok (<0.05%),ok (<0.05%)
2006,GA,12,71651,70787,142438,142438,71651,70787,142438,22,0,0,0,ok (<0.05%),ok (<0.05%),ok (<0.05%)
2006,GA,13,103019,45770,148789,148789,103019,45770,148789,6,0,0,0,ok (<0.05%),ok (<0.05%),ok (<0.05%)
2006,GU,00,32677,0,32677,33878,NA,NA,NA,NA,NA,NA,NA,MISSING,MISSING,MISSING
2006,IA,01,114322,89729,207478,207621,114322,89729,207478,12,0,0,-6.88754991065451e-4,ok (<0.05%),ok (<0.05%),small (<0.5%)
2006,IA,02,0,101707,209390,209586,107683,101707,209390,15,107683,0,-9.35176967927247e-4,BAD (>=2%),ok (<0.05%),small (<0.5%)
2006,IA,03,115769,103722,223082,223287,115769,103722,223082,12,0,0,-9.181009194444817e-4,ok (<0.05%),ok (<0.05%),small (<0.5%)
2006,IA,04,90982,121650,212632,212730,90982,121650,212632,28,0,0,-4.606778545574202e-4,ok (<0.05%),ok (<0.05%),ok (<0.05%)
2006,IA,05,64181,105580,180399,180464,64181,105580,180399,32,0,0,-3.6018264030499155e-4,ok (<0.05%),ok (<0.05%),ok (<0.05%)
2006,ID,01,103935,115843,231974,231974,103935,115843,231974,19,0,0,0,ok (<0.05%),ok (<0.05%),ok (<0.05%)
2006,ID,02,73441,132262,213332,213332,73441,132262,213332,26,0,0,0,ok (<0.05%),ok (<0.05%),ok (<0.05%)
2006,IL,01,146623,27804,174427,174427,146623,27804,174427,1,0,0,0,ok (<0.05%),ok (<0.05%),ok (<0.05%)
2006,IL,02,146347,20395,172490,172490,146347,20395,172490,2,0,0,0,ok (<0.05%),ok (<0.05%),ok (<0.05%)
2006,IL,03,127768,37954,165722,165722,127768,37954,165722,1,0,0,0,ok (<0.05%),ok (<0.05%),ok (<0.05%)
2006,IL,04,69910,11532,81442,81442,69910,11532,81442,1,0,0,0,ok (<0.05%),ok (<0.05%),ok (<0.05%)
2006,IL,05,114319,32250,146581,146581,114319,32250,146581,1,0,0,0,ok (<0.05%),ok (<0.05%),ok (<0.05%)
2006,IL,06,86572,91382,177957,177957,86572,91382,177957,2,0,0,0,ok (<0.05%),ok (<0.05%),ok (<0.05%)
2006,IL,07,143071,21939,165011,165011,143071,21939,165011,1,0,0,0,ok (<0.05%),ok (<0.05%),ok (<0.05%)
2006,IL,08,93355,80720,183394,183394,93355,80720,183394,3,0,0,0,ok (<0.05%),ok (<0.05%),ok (<0.05%)
2006,IL,09,122852,41861,164713,164713,122852,41858,164713,1,0,-7.166575093762691e-5,0,ok (<0.05%),ok (<0.05%),ok (<0.05%)
2006,IL,10,94278,107929,202208,202208,94278,107929,202208,2,0,0,0,ok (<0.05%),ok (<0.05%),ok (<0.05%)
2006,IL,11,88846,109009,197856,197856,88846,109009,197856,8,0,0,0,ok (<0.05%),ok (<0.05%),ok (<0.05%)
2006,IL,12,157802,0,157809,157809,157284,0,157291,11,-0.003282594643920863,0,-0.0032824490364934825,small (<0.5%),ok (<0.05%),small (<0.5%)
2006,IL,13,85507,119720,205234,205234,85507,119720,205234,3,0,0,0,ok (<0.05%),ok (<0.05%),ok (<0.05%)
2006,IL,14,79274,117870,197144,197144,79274,117870,197144,8,0,0,0,ok (<0.05%),ok (<0.05%),ok (<0.05%)
2006,IL,15,86025,116810,202835,202835,86025,116810,202835,22,0,0,0,ok (<0.05%),ok (<0.05%),ok (<0.05%)
2006,IL,16,63627,125951,198101,198101,63462,125508,197493,9,-0.0025932387194115706,-0.0035172408317520306,-0.0030691414985285284,small (<0.5%),small (<0.5%),small (<0.5%)
2006,IL,17,115025,86161,201186,201186,115025,86161,201186,23,0,0,0,ok (<0.05%),ok (<0.05%),ok (<0.05%)
2006,IL,18,73052,150194,223246,223246,73052,150194,223246,20,0,0,0,ok (<0.05%),ok (<0.05%),ok (<0.05%)
2006,IL,19,92861,143491,236352,236352,92861,143491,236352,30,0,0,0,ok (<0.05%),ok (<0.05%),ok (<0.05%)
2006,IN,01,104195,40146,149607,149607,104195,40146,149607,5,0,0,0,ok (<0.05%),ok (<0.05%),ok (<0.05%)
2006,IN,02,103561,88300,191861,191861,103561,88300,191861,12,0,0,0,ok (<0.05%),ok (<0.05%),ok (<0.05%)
2006,IN,03,80357,95421,175778,175778,80357,95421,175778,8,0,0,0,ok (<0.05%),ok (<0.05%),ok (<0.05%)
2006,IN,04,66986,111057,178043,178043,66986,111057,178043,12,0,0,0,ok (<0.05%),ok (<0.05%),ok (<0.05%)
2006,IN,05,64362,133118,204929,204929,64362,133118,204929,11,0,0,0,ok (<0.05%),ok (<0.05%),ok (<0.05%)
2006,IN,06,76812,115266,192078,192078,76812,115266,192078,19,0,0,0,ok (<0.05%),ok (<0.05%),ok (<0.05%)
2006,IN,07,74750,64304,139054,139054,74750,64304,139054,1,0,0,0,ok (<0.05%),ok (<0.05%),ok (<0.05%)
2006,IN,08,131019,83704,214723,214723,131019,83704,214723,18,0,0,0,ok (<0.05%),ok (<0.05%),ok (<0.05%)
2006,IN,09,110454,100469,220849,220849,110454,100469,220849,20,0,0,0,ok (<0.05%),ok (<0.05%),ok (<0.05%)
2006,KS,01,39781,156728,199378,199378,39781,156728,199378,69,0,0,0,ok (<0.05%),ok (<0.05%),ok (<0.05%)
2006,KS,02,114139,106329,225562,225562,114139,106329,225562,26,0,0,0,ok (<0.05%),ok (<0.05%),ok (<0.05%)
2006,KS,03,153105,79824,236980,236980,153105,79824,236980,3,0,0,0,ok (<0.05%),ok (<0.05%),ok (<0.05%)
2006,KS,04,62166,116386,183207,183207,62166,116386,183207,11,0,0,0,ok (<0.05%),ok (<0.05%),ok (<0.05%)
2006,KY,01,83865,123618,207483,207483,83865,123618,207483,34,0,0,0,ok (<0.05%),ok (<0.05%),ok (<0.05%)
2006,KY,02,95415,118548,213963,213963,95415,118548,213963,21,0,0,0,ok (<0.05%),ok (<0.05%),ok (<0.05%)
2006,KY,03,122489,116568,241965,241965,122489,116568,241965,1,0,0,0,ok (<0.05%),ok (<0.05%),ok (<0.05%)
2006,KY,04,88822,105845,204767,204767,88822,105845,204767,24,0,0,0,ok (<0.05%),ok (<0.05%),ok (<0.05%)
2006,KY,05,52367,147201,199568,199568,52367,147201,199568,29,0,0,0,ok (<0.05%),ok (<0.05%),ok (<0.05%)
2006,KY,06,158765,0,185780,185780,158765,0,185780,16,0,0,0,ok (<0.05%),ok (<0.05%),ok (<0.05%)
2006,LA,01,15944,130508,148128,148128,15944,130508,148128,6,0,0,0,ok (<0.05%),ok (<0.05%),ok (<0.05%)
2006,LA,02,62164,0,62164,62164,62164,0,62164,2,0,0,0,ok (<0.05%),ok (<0.05%),ok (<0.05%)
2006,LA,03,79213,54950,136331,136331,79213,54950,136331,13,0,0,0,ok (<0.05%),ok (<0.05%),ok (<0.05%)
2006,LA,04,40545,93727,134272,134272,40545,93727,134272,13,0,0,0,ok (<0.05%),ok (<0.05%),ok (<0.05%)
2006,LA,05,33233,78211,114582,114582,33233,78211,114582,22,0,0,0,ok (<0.05%),ok (<0.05%),ok (<0.05%)
2006,LA,06,0,94658,114306,114306,0,94658,114306,9,0,0,0,ok (<0.05%),ok (<0.05%),ok (<0.05%)
2006,LA,07,47133,113720,160853,160853,47133,113720,160853,8,0,0,0,ok (<0.05%),ok (<0.05%),ok (<0.05%)
2006,MA,01,158057,0,206631,206884,158057,0,206884,6,0,0,0,ok (<0.05%),ok (<0.05%),ok (<0.05%)
2006,MA,02,164939,0,164939,167193,164939,0,167193,4,0,0,0,ok (<0.05%),ok (<0.05%),ok (<0.05%)
2006,MA,03,166973,0,166973,168956,166973,0,168956,4,0,0,0,ok (<0.05%),ok (<0.05%),ok (<0.05%)
2006,MA,04,176513,0,176513,179243,176513,0,179243,4,0,0,0,ok (<0.05%),ok (<0.05%),ok (<0.05%)
2006,MA,05,159120,0,159120,162272,159120,0,162272,3,0,0,0,ok (<0.05%),ok (<0.05%),ok (<0.05%)
2006,MA,06,168056,72997,241053,241625,168056,72997,241625,2,0,0,0,ok (<0.05%),ok (<0.05%),ok (<0.05%)
2006,MA,07,171902,0,171902,174791,171902,0,174791,2,0,0,0,ok (<0.05%),ok (<0.05%),ok (<0.05%)
2006,MA,08,125515,0,137964,138455,125515,0,138455,2,0,0,0,ok (<0.05%),ok (<0.05%),ok (<0.05%)
2006,MA,09,169420,47114,216534,217036,169420,47114,217036,4,0,0,0,ok (<0.05%),ok (<0.05%),ok (<0.05%)
2006,MA,10,171812,78439,267059,267202,171812,78439,267202,5,0,0,0,ok (<0.05%),ok (<0.05%),ok (<0.05%)
2006,MD,01,83738,185177,268915,269147,83817,185353,269402,12,9.434187585086819e-4,9.504420095368215e-4,9.474376455988735e-4,small (<0.5%),small (<0.5%),small (<0.5%)
2006,MD,02,135818,60195,196013,196228,135818,60195,196228,4,0,0,0,ok (<0.05%),ok (<0.05%),ok (<0.05%)
2006,MD,03,150142,79174,234257,234486,150142,79174,234486,4,0,0,0,ok (<0.05%),ok (<0.05%),ok (<0.05%)
2006,MD,04,141897,32792,174689,175903,141897,32792,175903,2,0,0,0,ok (<0.05%),ok (<0.05%),ok (<0.05%)
2006,MD,05,168114,0,202213,203323,168114,0,203323,5,0,0,0,ok (<0.05%),ok (<0.05%),ok (<0.05%)
2006,MD,06,92030,141200,239325,239453,92030,141200,239453,8,0,0,0,ok (<0.05%),ok (<0.05%),ok (<0.05%)
2006,MD,07,158830,0,158830,161977,158830,0,161977,3,0,0,0,ok (<0.05%),ok (<0.05%),ok (<0.05%)
2006,MD,08,168872,48324,220494,220685,168872,48324,220685,2,0,0,0,ok (<0.05%),ok (<0.05%),ok (<0.05%)
2006,ME,01,170949,88009,280987,280987,170949,88009,280987,6,0,0,0,ok (<0.05%),ok (<0.05%),ok (<0.05%)
2006,ME,02,179732,75146,254878,254878,179732,75146,254878,11,0,0,0,ok (<0.05%),ok (<0.05%),ok (<0.05%)
2006,MI,01,180448,72753,259927,259927,180448,72753,259927,31,0,0,0,ok (<0.05%),ok (<0.05%),ok (<0.05%)
2006,MI,02,86950,183006,275394,275394,86950,183006,275394,11,0,0,0,ok (<0.05%),ok (<0.05%),ok (<0.05%)
2006,MI,03,93846,171212,271352,271352,93846,171212,271352,3,0,0,0,ok (<0.05%),ok (<0.05%),ok (<0.05%)
2006,MI,04,100260,160041,264245,264245,100260,160041,264245,14,0,0,0,ok (<0.05%),ok (<0.05%),ok (<0.05%)
2006,MI,05,176171,60967,241691,241691,176171,60967,241691,4,0,0,0,ok (<0.05%),ok (<0.05%),ok (<0.05%)
2006,MI,06,88978,142125,234583,234583,88978,142125,234583,7,0,0,0,ok (<0.05%),ok (<0.05%),ok (<0.05%)
2006,MI,07,112665,122348,245026,245026,112665,122348,245026,7,0,0,0,ok (<0.05%),ok (<0.05%),ok (<0.05%)
2006,MI,08,122107,157237,284471,284471,122107,157237,284471,5,0,0,0,ok (<0.05%),ok (<0.05%),ok (<0.05%)
2006,MI,09,127620,142390,276180,276180,127620,142390,276180,1,0,0,0,ok (<0.05%),ok (<0.05%),ok (<0.05%)
2006,MI,10,84689,179072,270421,270421,84689,179072,270421,5,0,0,0,ok (<0.05%),ok (<0.05%),ok (<0.05%)
2006,MI,11,114248,143658,265784,265784,114248,143658,265784,2,0,0,0,ok (<0.05%),ok (<0.05%),ok (<0.05%)
2006,MI,12,168494,62689,240115,240115,168494,62689,240115,2,0,0,0,ok (<0.05%),ok (<0.05%),ok (<0.05%)
2006,MI,13,126308,0,126323,126323,126308,0,126323,1,0,0,0,ok (<0.05%),ok (<0.05%),ok (<0.05%)
2006,MI,14,158755,27367,186122,186122,158755,27367,186122,1,0,0,0,ok (<0.05%),ok (<0.05%),ok (<0.05%)
2006,MI,15,181946,0,206868,206868,181946,0,206868,3,0,0,0,ok (<0.05%),ok (<0.05%),ok (<0.05%)
2006,MN,01,141556,126486,268046,268421,141556,126486,268046,23,0,0,-0.0013970590974625682,ok (<0.05%),ok (<0.05%),small (<0.5%)
2006,MN,02,116343,163269,290414,290540,116343,163269,290414,7,0,0,-4.3367522544227987e-4,ok (<0.05%),ok (<0.05%),ok (<0.05%)
2006,MN,03,99588,184333,283921,284244,99588,184333,283921,2,0,0,-0.0011363476449810727,ok (<0.05%),ok (<0.05%),small (<0.5%)
2006,MN,04,172096,74797,246894,247466,172096,74797,246894,3,0,0,-0.002311428640702157,ok (<0.05%),ok (<0.05%),small (<0.5%)
2006,MN,05,136060,52263,244571,244905,136060,52263,244571,3,0,0,-0.001363794124252261,ok (<0.05%),ok (<0.05%),small (<0.5%)
2006,MN,06,127144,151248,301949,302188,127144,151248,301949,7,0,0,-7.908983811402173e-4,ok (<0.05%),ok (<0.05%),small (<0.5%)
2006,MN,07,179164,74557,257024,257194,179164,74557,257024,35,0,0,-6.609796496030234e-4,ok (<0.05%),ok (<0.05%),small (<0.5%)
2006,MN,08,180670,97683,283861,284016,180670,97683,283861,18,0,0,-5.45743901752014e-4,ok (<0.05%),ok (<0.05%),small (<0.5%)
2006,MO,01,141574,47893,194235,194235,141574,47893,194235,2,0,0,0,ok (<0.05%),ok (<0.05%),ok (<0.05%)
2006,MO,02,105242,176452,287617,287617,105242,176452,287617,3,0,0,0,ok (<0.05%),ok (<0.05%),ok (<0.05%)
2006,MO,03,145219,70189,221448,221448,145219,70189,219621,4,0,0,-0.008250243849571908,ok (<0.05%),ok (<0.05%),check (0.5-2%)
2006,MO,04,159303,69254,235525,235525,159303,69254,233066,25,0,0,-0.010440505254219298,ok (<0.05%),ok (<0.05%),check (0.5-2%)
2006,MO,05,136149,68456,211919,211919,136149,68456,211919,3,0,0,0,ok (<0.05%),ok (<0.05%),ok (<0.05%)
2006,MO,06,87477,150882,244795,244795,87477,150882,243116,26,0,0,-0.006858800220592741,ok (<0.05%),ok (<0.05%),check (0.5-2%)
2006,MO,07,72592,160942,241123,241123,72592,160942,241123,10,0,0,0,ok (<0.05%),ok (<0.05%),ok (<0.05%)
2006,MO,08,57557,156164,217989,217989,51241,144411,199575,27,-0.109734697777855,-0.0752606234471453,-0.08447215226456381,BAD (>=2%),BAD (>=2%),BAD (>=2%)
2006,MO,09,87145,149114,242671,242671,87145,149114,240184,25,0,0,-0.010248443365709129,ok (<0.05%),ok (<0.05%),check (0.5-2%)
2006,MS,01,49174,95098,144272,144272,49174,95098,144272,24,0,0,0,ok (<0.05%),ok (<0.05%),ok (<0.05%)
2006,MS,02,100160,55672,155832,155832,100160,55672,155832,23,0,0,0,ok (<0.05%),ok (<0.05%),ok (<0.05%)
2006,MS,03,0,125421,161480,161480,0,125421,161480,28,0,0,0,ok (<0.05%),ok (<0.05%),ok (<0.05%)
2006,MS,04,110996,28117,139113,139113,110996,28117,139113,15,0,0,0,ok (<0.05%),ok (<0.05%),ok (<0.05%)
2006,MT,00,158916,239124,406134,406134,158916,239124,406125,56,0,0,-2.216017373576209e-5,ok (<0.05%),ok (<0.05%),ok (<0.05%)
2006,NC,01,82510,0,82510,82510,82510,0,82510,23,0,0,0,ok (<0.05%),ok (<0.05%),ok (<0.05%)
2006,NC,02,85993,43271,129264,129264,85993,43271,129264,10,0,0,0,ok (<0.05%),ok (<0.05%),ok (<0.05%)
2006,NC,03,45458,99519,144977,144977,45458,99519,144977,17,0,0,0,ok (<0.05%),ok (<0.05%),ok (<0.05%)
2006,NC,04,127340,68599,195939,195939,127340,68599,195939,4,0,0,0,ok (<0.05%),ok (<0.05%),ok (<0.05%)
2006,NC,05,72061,96138,168199,168199,72061,96138,168199,12,0,0,0,ok (<0.05%),ok (<0.05%),ok (<0.05%)
2006,NC,06,44661,108433,153094,153094,44661,108433,153094,6,0,0,0,ok (<0.05%),ok (<0.05%),ok (<0.05%)
2006,NC,07,101787,38033,139820,139820,101787,38033,139820,10,0,0,0,ok (<0.05%),ok (<0.05%),ok (<0.05%)
2006,NC,08,60597,60926,121523,121523,60597,60926,121523,10,0,0,0,ok (<0.05%),ok (<0.05%),ok (<0.05%)
2006,NC,09,53437,106206,159643,159643,53437,106206,159643,3,0,0,0,ok (<0.05%),ok (<0.05%),ok (<0.05%)
2006,NC,10,58214,94179,152393,152393,58214,94179,152393,10,0,0,0,ok (<0.05%),ok (<0.05%),ok (<0.05%)
2006,NC,11,124972,107342,232314,232314,124972,107342,232314,15,0,0,0,ok (<0.05%),ok (<0.05%),ok (<0.05%)
2006,NC,12,71345,35127,106472,106472,71345,35127,106472,6,0,0,0,ok (<0.05%),ok (<0.05%),ok (<0.05%)
2006,NC,13,98540,56120,154660,154660,98540,56120,154660,7,0,0,0,ok (<0.05%),ok (<0.05%),ok (<0.05%)
2006,ND,00,142934,74687,217621,217621,142934,74687,217621,53,0,0,0,ok (<0.05%),ok (<0.05%),ok (<0.05%)
2006,NE,01,86360,121015,207375,207375,86360,121015,207375,24,0,0,0,ok (<0.05%),ok (<0.05%),ok (<0.05%)
2006,NE,02,82504,99475,181979,181979,82504,99475,181979,2,0,0,0,ok (<0.05%),ok (<0.05%),ok (<0.05%)
2006,NE,03,93046,113687,206733,206733,93046,113687,206733,69,0,0,0,ok (<0.05%),ok (<0.05%),ok (<0.05%)
2006,NH,01,100691,95527,196218,196377,100691,95527,196377,6,0,0,0,ok (<0.05%),ok (<0.05%),ok (<0.05%)
2006,NH,02,108743,94088,206136,206292,108743,94088,206292,8,0,0,0,ok (<0.05%),ok (<0.05%),ok (<0.05%)
2006,NJ,01,140110,0,140110,140110,140110,0,140110,3,0,0,0,ok (<0.05%),ok (<0.05%),ok (<0.05%)
2006,NJ,02,64279,111245,180575,180575,64279,111245,188976,7,0,0,0.04652360515021459,ok (<0.05%),ok (<0.05%),BAD (>=2%)
2006,NJ,03,86113,122559,209851,209851,86113,122559,209851,3,0,0,0,ok (<0.05%),ok (<0.05%),ok (<0.05%)
2006,NJ,04,62905,124482,189540,189540,62905,124482,189540,4,0,0,0,ok (<0.05%),ok (<0.05%),ok (<0.05%)
2006,NJ,05,89503,112142,204242,204242,89503,112142,204242,4,0,0,0,ok (<0.05%),ok (<0.05%),ok (<0.05%)
2006,NJ,06,98615,43539,143773,143773,98615,43539,143773,4,0,0,0,ok (<0.05%),ok (<0.05%),ok (<0.05%)
2006,NJ,07,95454,98399,199075,199075,95454,98399,199075,4,0,0,0,ok (<0.05%),ok (<0.05%),ok (<0.05%)
2006,NJ,08,97568,39053,137639,137639,97568,46108,144694,2,0,0.18065193455048267,0.05125727446435967,ok (<0.05%),BAD (>=2%),BAD (>=2%)
2006,NJ,09,105853,40879,148095,148095,105853,40879,148095,3,0,0,0,ok (<0.05%),ok (<0.05%),ok (<0.05%)
2006,NJ,10,90264,0,90264,90264,90264,0,90264,3,0,0,0,ok (<0.05%),ok (<0.05%),ok (<0.05%)
2006,NJ,11,74414,126085,203071,203071,74414,126085,203071,5,0,0,0,ok (<0.05%),ok (<0.05%),ok (<0.05%)
2006,NJ,12,125468,65509,190977,190977,125468,65509,190977,5,0,0,0,ok (<0.05%),ok (<0.05%),ok (<0.05%)
2006,NJ,13,152641,19284,177625,99630,77238,19284,106677,5,-0.4939891641171114,0,0.07073170731707316,BAD (>=2%),ok (<0.05%),BAD (>=2%)
2006,NM,01,105125,105986,211111,211111,105125,105986,211111,5,0,0,0,ok (<0.05%),ok (<0.05%),ok (<0.05%)
2006,NM,02,63119,92620,155874,155874,63119,92620,155874,18,0,0,0,ok (<0.05%),ok (<0.05%),ok (<0.05%)
2006,NM,03,144880,49219,194099,194099,144880,49219,194099,16,0,0,0,ok (<0.05%),ok (<0.05%),ok (<0.05%)
2006,NY,01,104360,63328,167688,167688,104360,63328,167688,1,0,0,0,ok (<0.05%),ok (<0.05%),ok (<0.05%)
2006,NY,02,105276,44212,149488,149488,105276,44212,149488,2,0,0,0,ok (<0.05%),ok (<0.05%),ok (<0.05%)
2006,NY,03,79843,101787,181630,181630,79843,101787,181630,2,0,0,0,ok (<0.05%),ok (<0.05%),ok (<0.05%)
2006,NY,04,101861,55050,156911,156911,101861,55050,156911,1,0,0,0,ok (<0.05%),ok (<0.05%),ok (<0.05%)
2006,NY,05,77190,0,77190,77190,77190,0,77190,2,0,0,0,ok (<0.05%),ok (<0.05%),ok (<0.05%)
2006,NY,06,69405,0,69405,69405,69405,0,69405,1,0,0,0,ok (<0.05%),ok (<0.05%),ok (<0.05%)
2006,NY,07,63997,12220,76217,76217,63997,12220,76217,2,0,0,0,ok (<0.05%),ok (<0.05%),ok (<0.05%)
2006,NY,08,108536,17413,127622,127622,108536,17413,127622,2,0,0,0,ok (<0.05%),ok (<0.05%),ok (<0.05%)
2006,NY,09,71762,0,71762,71762,71762,0,71762,2,0,0,0,ok (<0.05%),ok (<0.05%),ok (<0.05%)
2006,NY,10,72171,4666,78307,78307,72171,4666,78307,1,0,0,0,ok (<0.05%),ok (<0.05%),ok (<0.05%)
2006,NY,11,88334,7447,98102,98102,88334,7447,98102,1,0,0,0,ok (<0.05%),ok (<0.05%),ok (<0.05%)
2006,NY,12,62847,7182,70029,70029,62847,7182,70029,3,0,0,0,ok (<0.05%),ok (<0.05%),ok (<0.05%)
2006,NY,13,45131,59334,104465,104465,45131,59334,104465,2,0,0,0,ok (<0.05%),ok (<0.05%),ok (<0.05%)
2006,NY,14,119582,21969,141551,141551,119582,21969,141551,2,0,0,0,ok (<0.05%),ok (<0.05%),ok (<0.05%)
2006,NY,15,103916,6592,110508,110508,103916,6592,110508,1,0,0,0,ok (<0.05%),ok (<0.05%),ok (<0.05%)
2006,NY,16,56124,2759,58883,58883,56124,2759,58883,1,0,0,0,ok (<0.05%),ok (<0.05%),ok (<0.05%)
2006,NY,17,93614,28842,122456,122456,93614,28842,122456,3,0,0,0,ok (<0.05%),ok (<0.05%),ok (<0.05%)
2006,NY,18,124256,51450,175706,175706,124256,51450,175706,2,0,0,0,ok (<0.05%),ok (<0.05%),ok (<0.05%)
2006,NY,19,100119,95359,195478,195478,100119,95359,195478,5,0,0,0,ok (<0.05%),ok (<0.05%),ok (<0.05%)
2006,NY,20,125168,110554,235722,235722,125168,110554,235722,10,0,0,0,ok (<0.05%),ok (<0.05%),ok (<0.05%)
2006,NY,21,167604,46752,214356,214356,167604,46752,214356,7,0,0,0,ok (<0.05%),ok (<0.05%),ok (<0.05%)
2006,NY,22,121683,0,121683,121683,121683,0,121683,8,0,0,0,ok (<0.05%),ok (<0.05%),ok (<0.05%)
2006,NY,23,62318,106781,169099,169099,62318,106781,169099,11,0,0,0,ok (<0.05%),ok (<0.05%),ok (<0.05%)
2006,NY,24,109686,91504,203324,203324,109686,91504,203324,11,0,0,0,ok (<0.05%),ok (<0.05%),ok (<0.05%)
2006,NY,25,107108,110525,217633,217633,107108,110525,217633,4,0,0,0,ok (<0.05%),ok (<0.05%),ok (<0.05%)
2006,NY,26,100914,109257,210171,210171,100914,109257,210171,7,0,0,0,ok (<0.05%),ok (<0.05%),ok (<0.05%)
2006,NY,27,140027,36614,176641,176641,140027,36614,176641,2,0,0,0,ok (<0.05%),ok (<0.05%),ok (<0.05%)
2006,NY,28,111386,40844,152230,147230,111386,40844,152230,4,0,0,0.033960470012904975,ok (<0.05%),ok (<0.05%),BAD (>=2%)
2006,NY,29,100044,106077,206121,206121,100044,106077,206121,8,0,0,0,ok (<0.05%),ok (<0.05%),ok (<0.05%)
2006,OH,01,96584,105680,202264,202264,96584,105680,202264,2,0,0,0,ok (<0.05%),ok (<0.05%),ok (<0.05%)
2006,OH,02,117595,120112,238081,238081,117595,120112,237707,7,0,0,-0.0015708939394575795,ok (<0.05%),ok (<0.05%),small (<0.5%)
2006,OH,03,90650,127978,218628,218628,90650,127978,218628,4,0,0,0,ok (<0.05%),ok (<0.05%),ok (<0.05%)
2006,OH,04,86678,129958,216636,216636,86678,129958,216636,11,0,0,0,ok (<0.05%),ok (<0.05%),ok (<0.05%)
2006,OH,05,98544,129813,228357,228357,98544,129813,228357,16,0,0,0,ok (<0.05%),ok (<0.05%),ok (<0.05%)
2006,OH,06,0,82848,218476,218476,135628,82848,218476,12,135628,0,0,BAD (>=2%),ok (<0.05%),ok (<0.05%)
2006,OH,07,89579,137899,227478,227478,89579,137899,227478,8,0,0,0,ok (<0.05%),ok (<0.05%),ok (<0.05%)
2006,OH,08,77640,136863,214503,214503,77640,136863,214503,6,0,0,0,ok (<0.05%),ok (<0.05%),ok (<0.05%)
2006,OH,09,153880,55119,208999,208999,153880,55119,208999,4,0,0,0,ok (<0.05%),ok (<0.05%),ok (<0.05%)
2006,OH,10,138393,69996,208389,208389,138424,70008,208432,1,2.2399976877443222e-4,1.7143836790673754e-4,2.0634486465216493e-4,ok (<0.05%),ok (<0.05%),ok (<0.05%)
2006,OH,11,146799,29125,175924,175924,146840,29133,175973,1,2.79293455677491e-4,2.746781115879828e-4,2.785293649530479e-4,ok (<0.05%),ok (<0.05%),ok (<0.05%)
2006,OH,12,108746,145943,254689,254689,108746,145943,254689,3,0,0,0,ok (<0.05%),ok (<0.05%),ok (<0.05%)
2006,OH,13,135639,85922,221561,221561,135643,85924,221567,4,2.949004342408894e-5,2.327692558366891e-5,2.708057826061446e-5,ok (<0.05%),ok (<0.05%),ok (<0.05%)
2006,OH,14,97753,144069,250322,250322,97754,144069,250323,7,1.0229865068079752e-5,0,3.994854627240115e-6,ok (<0.05%),ok (<0.05%),ok (<0.05%)
2006,OH,15,109659,110714,220567,220567,109673,110735,220408,3,1.276684996215541e-4,1.8967790884621638e-4,-7.208693956938254e-4,ok (<0.05%),ok (<0.05%),small (<0.5%)
2006,OH,16,97955,137167,235122,235122,97955,137167,235122,4,0,0,0,ok (<0.05%),ok (<0.05%),ok (<0.05%)
2006,OH,17,170369,0,212294,212294,170369,41925,212294,4,0,41925,0,ok (<0.05%),BAD (>=2%),ok (<0.05%)
2006,OH,18,129646,79259,208905,208905,129687,79286,208973,16,3.1624577696188084e-4,3.406553199005791e-4,3.25506809315239e-4,ok (<0.05%),ok (<0.05%),ok (<0.05%)
2006,OK,01,56724,116920,183729,183729,56724,116920,183729,5,0,0,0,ok (<0.05%),ok (<0.05%),ok (<0.05%)
2006,OK,02,122347,45861,168208,168208,122347,45861,168208,25,0,0,0,ok (<0.05%),ok (<0.05%),ok (<0.05%)
2006,OK,03,61749,128042,189791,189791,61749,128042,189791,32,0,0,0,ok (<0.05%),ok (<0.05%),ok (<0.05%)
2006,OK,04,64775,118266,183041,183041,64775,118266,183041,16,0,0,0,ok (<0.05%),ok (<0.05%),ok (<0.05%)
2006,OK,05,67293,108936,180425,180425,67293,108936,180425,3,0,0,0,ok (<0.05%),ok (<0.05%),ok (<0.05%)
2006,OR,01,169409,90904,269180,269627,169409,90904,269627,5,0,0,0,ok (<0.05%),ok (<0.05%),ok (<0.05%)
2006,OR,02,82484,181529,271206,271719,82484,181529,271719,20,0,0,0,ok (<0.05%),ok (<0.05%),ok (<0.05%)
2006,OR,03,186380,0,252912,253610,186380,59529,253610,2,0,59529,0,ok (<0.05%),BAD (>=2%),ok (<0.05%)
2006,OR,04,180607,109105,289712,290244,180607,109105,290244,7,0,0,0,ok (<0.05%),ok (<0.05%),ok (<0.05%)
2006,OR,05,146973,116424,271751,272234,146973,116424,272234,7,0,0,0,ok (<0.05%),ok (<0.05%),ok (<0.05%)
2006,PA,01,137987,0,137987,137999,137987,0,137987,2,0,0,-8.69571518634193e-5,ok (<0.05%),ok (<0.05%),ok (<0.05%)
2006,PA,02,165867,17291,187283,187283,165867,17291,187283,2,0,0,0,ok (<0.05%),ok (<0.05%),ok (<0.05%)
2006,PA,03,85110,108525,202341,202518,85110,108525,202341,7,0,0,-8.739963855064735e-4,ok (<0.05%),ok (<0.05%),small (<0.5%)
2006,PA,04,131847,122049,253896,254084,131847,122049,253896,6,0,0,-7.39912784748351e-4,ok (<0.05%),ok (<0.05%),small (<0.5%)
2006,PA,05,76456,115126,191582,191727,76456,115126,191582,17,0,0,-7.562836741825616e-4,ok (<0.05%),ok (<0.05%),small (<0.5%)
2006,PA,06,117892,121047,238939,238939,117892,121047,238939,4,0,0,0,ok (<0.05%),ok (<0.05%),ok (<0.05%)
2006,PA,07,147898,114426,262324,262434,147898,114426,262324,3,0,0,-4.1915300608915003e-4,ok (<0.05%),ok (<0.05%),ok (<0.05%)
2006,PA,08,125656,124138,249794,249817,125656,124138,249794,3,0,0,-9.206739333191897e-5,ok (<0.05%),ok (<0.05%),ok (<0.05%)
2006,PA,09,0,121069,200679,200820,79610,121069,200679,15,79610,0,-7.021213026590976e-4,BAD (>=2%),ok (<0.05%),small (<0.5%)
2006,PA,10,110115,97862,207977,208173,110115,97862,207977,14,0,0,-9.415245973301052e-4,ok (<0.05%),ok (<0.05%),small (<0.5%)
2006,PA,11,134340,51033,185373,185413,134340,51033,185373,5,0,0,-2.1573460329103137e-4,ok (<0.05%),ok (<0.05%),ok (<0.05%)
2006,PA,12,123472,79612,203084,203163,123472,79612,203084,9,0,0,-3.88850331999429e-4,ok (<0.05%),ok (<0.05%),ok (<0.05%)
2006,PA,13,147368,75492,222860,222860,147368,75492,222860,2,0,0,0,ok (<0.05%),ok (<0.05%),ok (<0.05%)
2006,PA,14,161075,0,178795,179401,161075,0,178795,1,0,0,-0.003377907592488336,ok (<0.05%),ok (<0.05%),small (<0.5%)
2006,PA,15,0,106153,198141,198173,86186,106153,198141,4,86186,0,-1.614750748083745e-4,BAD (>=2%),ok (<0.05%),ok (<0.05%)
2006,PA,16,80915,115741,204614,204669,80915,115741,204614,3,0,0,-2.687265780357553e-4,ok (<0.05%),ok (<0.05%),ok (<0.05%)
2006,PA,17,137253,75455,212708,212777,137253,75455,212708,5,0,0,-3.242831697034924e-4,ok (<0.05%),ok (<0.05%),ok (<0.05%)
2006,PA,18,105419,144632,250051,250240,105419,144632,250051,4,0,0,-7.552749360613811e-4,ok (<0.05%),ok (<0.05%),small (<0.5%)
2006,PA,19,74625,142512,222777,222898,74625,142512,222777,3,0,0,-5.42849195596192e-4,ok (<0.05%),ok (<0.05%),small (<0.5%)
2006,RI,01,124681,41856,180185,180185,124634,41836,180104,3,-3.769620070419711e-4,-4.7782874617737e-4,-4.495379748591725e-4,ok (<0.05%),ok (<0.05%),ok (<0.05%)
2006,RI,02,140352,0,193197,193197,140315,0,193044,3,-2.6362289101687186e-4,0,-7.919377630087424e-4,ok (<0.05%),ok (<0.05%),small (<0.5%)
2006,SC,01,73218,115766,193271,193375,73218,115766,193375,5,0,0,0,ok (<0.05%),ok (<0.05%),ok (<0.05%)
2006,SC,02,76090,127811,203901,204052,76090,127811,204052,10,0,0,0,ok (<0.05%),ok (<0.05%),ok (<0.05%)
2006,SC,03,66039,111882,177921,177988,66039,111882,177988,10,0,0,0,ok (<0.05%),ok (<0.05%),ok (<0.05%)
2006,SC,04,57490,115553,179846,179931,57490,115553,179931,4,0,0,0,ok (<0.05%),ok (<0.05%),ok (<0.05%)
2006,SC,05,99669,75422,175091,175154,99669,75422,175154,14,0,0,0,ok (<0.05%),ok (<0.05%),ok (<0.05%)
2006,SC,06,100213,53181,155618,155706,100213,53181,155706,15,0,0,0,ok (<0.05%),ok (<0.05%),ok (<0.05%)
2006,SD,00,230468,97864,333562,333562,230468,97864,333562,66,0,0,0,ok (<0.05%),ok (<0.05%),ok (<0.05%)
2006,TN,01,65538,108336,177278,177278,65538,108336,177278,12,0,0,0,ok (<0.05%),ok (<0.05%),ok (<0.05%)
2006,TN,02,45025,157095,202120,202120,45025,157095,202120,6,0,0,0,ok (<0.05%),ok (<0.05%),ok (<0.05%)
2006,TN,03,68324,130791,199115,199115,68324,130791,199115,11,0,0,0,ok (<0.05%),ok (<0.05%),ok (<0.05%)
2006,TN,04,123666,62449,186115,186115,123666,62449,186115,24,0,0,0,ok (<0.05%),ok (<0.05%),ok (<0.05%)
2006,TN,05,122919,49702,178142,178142,122919,49702,178142,3,0,0,0,ok (<0.05%),ok (<0.05%),ok (<0.05%)
2006,TN,06,129069,60392,192380,192380,129069,60392,192380,15,0,0,0,ok (<0.05%),ok (<0.05%),ok (<0.05%)
2006,TN,07,73369,152288,230582,230582,73369,152288,230582,15,0,0,0,ok (<0.05%),ok (<0.05%),ok (<0.05%)
2006,TN,08,129610,47492,177108,177108,129610,47492,177108,19,0,0,0,ok (<0.05%),ok (<0.05%),ok (<0.05%)
2006,TN,09,103341,31002,172586,172586,103341,31002,172586,1,0,0,0,ok (<0.05%),ok (<0.05%),ok (<0.05%)
2006,TX,01,46303,104099,153070,153070,46303,104099,153070,13,0,0,0,ok (<0.05%),ok (<0.05%),ok (<0.05%)
2006,TX,02,45080,90490,137865,137865,45080,90490,137865,3,0,0,0,ok (<0.05%),ok (<0.05%),ok (<0.05%)
2006,TX,03,49529,88690,141881,141881,49529,88690,141881,2,0,0,0,ok (<0.05%),ok (<0.05%),ok (<0.05%)
2006,TX,04,55278,106495,165269,165269,55278,106495,165269,16,0,0,0,ok (<0.05%),ok (<0.05%),ok (<0.05%)
2006,TX,05,50983,88478,143252,143252,50983,88478,143252,7,0,0,0,ok (<0.05%),ok (<0.05%),ok (<0.05%)
2006,TX,06,56369,91927,152036,152036,56369,91927,152036,8,0,0,0,ok (<0.05%),ok (<0.05%),ok (<0.05%)
2006,TX,07,64514,99318,167785,167785,64514,99318,167785,1,0,0,0,ok (<0.05%),ok (<0.05%),ok (<0.05%)
2006,TX,08,51393,105665,157058,157058,51393,105665,157058,11,0,0,0,ok (<0.05%),ok (<0.05%),ok (<0.05%)
2006,TX,09,60253,0,60253,60253,60253,0,60253,2,0,0,0,ok (<0.05%),ok (<0.05%),ok (<0.05%)
2006,TX,10,71415,97726,176755,176755,71415,97726,176755,8,0,0,0,ok (<0.05%),ok (<0.05%),ok (<0.05%)
2006,TX,11,0,107268,107268,107268,0,107268,107268,36,0,0,0,ok (<0.05%),ok (<0.05%),ok (<0.05%)
2006,TX,12,45676,98371,146935,146935,45676,98371,146935,3,0,0,0,ok (<0.05%),ok (<0.05%),ok (<0.05%)
2006,TX,13,33460,108107,145396,145396,33460,108107,145396,44,0,0,0,ok (<0.05%),ok (<0.05%),ok (<0.05%)
2006,TX,14,62429,94380,156809,156809,62429,94380,156809,10,0,0,0,ok (<0.05%),ok (<0.05%),ok (<0.05%)
2006,TX,15,43236,26751,69987,69987,43236,26751,69987,12,0,0,0,ok (<0.05%),ok (<0.05%),ok (<0.05%)
2006,TX,16,61116,0,77688,77688,61116,0,77688,1,0,0,0,ok (<0.05%),ok (<0.05%),ok (<0.05%)
2006,TX,17,92478,64142,159124,159124,92478,64142,159124,12,0,0,0,ok (<0.05%),ok (<0.05%),ok (<0.05%)
2006,TX,18,65936,16448,86051,86051,65936,16448,86051,1,0,0,0,ok (<0.05%),ok (<0.05%),ok (<0.05%)
2006,TX,19,41676,94785,140007,140007,41676,94785,140007,27,0,0,0,ok (<0.05%),ok (<0.05%),ok (<0.05%)
2006,TX,20,68348,0,78245,78245,68348,0,78245,1,0,0,0,ok (<0.05%),ok (<0.05%),ok (<0.05%)
2006,TX,21,68312,122486,203782,203782,68312,122486,203782,8,0,0,0,ok (<0.05%),ok (<0.05%),ok (<0.05%)
2006,TX,22,76775,162863,272161,148239,76775,0,148239,4,0,-1,0,ok (<0.05%),BAD (>=2%),ok (<0.05%)
2006,TX,23,38256,32217,70473,123799,38256,32217,70473,20,0,0,-0.43074661346214427,ok (<0.05%),ok (<0.05%),BAD (>=2%)
2006,TX,24,52075,83835,140138,140138,52075,83835,140138,3,0,0,0,ok (<0.05%),ok (<0.05%),ok (<0.05%)
2006,TX,25,109911,0,163424,163424,109911,42975,163424,8,0,42975,0,ok (<0.05%),BAD (>=2%),ok (<0.05%)
2006,TX,26,58271,94219,156483,156483,58271,94219,156483,4,0,0,0,ok (<0.05%),ok (<0.05%),ok (<0.05%)
2006,TX,27,62058,42538,109314,109314,62058,42538,109314,6,0,0,0,ok (<0.05%),ok (<0.05%),ok (<0.05%)
2006,TX,28,68372,0,77755,77755,68372,0,77755,12,0,0,0,ok (<0.05%),ok (<0.05%),ok (<0.05%)
2006,TX,29,37174,12347,50550,50550,37174,12347,50550,1,0,0,0,ok (<0.05%),ok (<0.05%),ok (<0.05%)
2006,TX,30,81348,17850,101448,101448,81348,17850,101448,1,0,0,0,ok (<0.05%),ok (<0.05%),ok (<0.05%)
2006,TX,31,60293,90869,155383,155383,60293,90869,155383,8,0,0,0,ok (<0.05%),ok (<0.05%),ok (<0.05%)
2006,TX,32,52269,71461,126652,126652,52269,71461,126652,1,0,0,0,ok (<0.05%),ok (<0.05%),ok (<0.05%)
2006,UT,01,57922,112546,178474,178474,57922,112546,178474,29,0,0,0,ok (<0.05%),ok (<0.05%),ok (<0.05%)
2006,UT,02,133231,84234,225818,225818,133231,84234,222423,29,0,0,-0.01503423110646627,ok (<0.05%),ok (<0.05%),check (0.5-2%)
2006,UT,03,53330,95455,165398,165398,53330,95455,168793,29,0,0,0.02052624578289943,ok (<0.05%),ok (<0.05%),BAD (>=2%)
2006,VA,01,81083,143889,228208,228534,81083,143889,228534,23,0,0,0,ok (<0.05%),ok (<0.05%),ok (<0.05%)
2006,VA,02,83901,88777,172678,173159,83901,88777,173159,5,0,0,0,ok (<0.05%),ok (<0.05%),ok (<0.05%)
2006,VA,03,133546,0,133546,138994,133546,0,138994,10,0,0,0,ok (<0.05%),ok (<0.05%),ok (<0.05%)
2006,VA,04,0,150967,197454,198340,0,150967,198340,18,0,0,0,ok (<0.05%),ok (<0.05%),ok (<0.05%)
2006,VA,05,84682,125370,211980,212079,84682,125370,212079,22,0,0,0,ok (<0.05%),ok (<0.05%),ok (<0.05%)
2006,VA,06,0,153187,203047,203995,0,153187,203995,20,0,0,0,ok (<0.05%),ok (<0.05%),ok (<0.05%)
2006,VA,07,88206,163706,256125,256397,88206,163706,256397,13,0,0,0,ok (<0.05%),ok (<0.05%),ok (<0.05%)
2006,VA,08,144700,66639,217433,217909,144700,66639,217909,4,0,0,0,ok (<0.05%),ok (<0.05%),ok (<0.05%)
2006,VA,09,129705,61574,191279,191415,129705,61574,191415,27,0,0,0,ok (<0.05%),ok (<0.05%),ok (<0.05%)
2006,VA,10,98769,138213,240940,241134,98769,138213,241134,10,0,0,0,ok (<0.05%),ok (<0.05%),ok (<0.05%)
2006,VA,11,102511,130468,235021,235280,102511,130468,235280,3,0,0,0,ok (<0.05%),ok (<0.05%),ok (<0.05%)
2006,VI,00,19594,0,30805,30805,NA,NA,NA,NA,NA,NA,NA,MISSING,MISSING,MISSING
2006,VT,00,139815,117023,262518,262726,139815,117023,262726,14,0,0,0,ok (<0.05%),ok (<0.05%),ok (<0.05%)
2006,WI,01,95761,161320,257081,257596,95761,161320,257596,6,0,0,0,ok (<0.05%),ok (<0.05%),ok (<0.05%)
2006,WI,02,191414,113015,304429,304688,191414,113015,304688,7,0,0,0,ok (<0.05%),ok (<0.05%),ok (<0.05%)
2006,WI,03,163322,88523,251845,252087,163322,88523,252087,19,0,0,0,ok (<0.05%),ok (<0.05%),ok (<0.05%)
2006,WI,04,136735,54486,191221,191742,136735,54486,191742,1,0,0,0,ok (<0.05%),ok (<0.05%),ok (<0.05%)
2006,WI,05,112451,194669,315077,315180,112451,194669,315180,5,0,0,0,ok (<0.05%),ok (<0.05%),ok (<0.05%)
2006,WI,06,0,201367,201367,203557,0,201367,203557,12,0,0,0,ok (<0.05%),ok (<0.05%),ok (<0.05%)
2006,WI,07,161903,91069,260363,260428,161903,91069,260428,20,0,0,0,ok (<0.05%),ok (<0.05%),ok (<0.05%)
2006,WI,08,141570,135622,277192,278135,141570,135622,278135,15,0,0,0,ok (<0.05%),ok (<0.05%),ok (<0.05%)
2006,WV,01,100939,55963,157000,157000,100939,55963,157000,20,0,0,0,ok (<0.05%),ok (<0.05%),ok (<0.05%)
2006,WV,02,70470,94110,164580,164580,70470,94110,164580,18,0,0,0,ok (<0.05%),ok (<0.05%),ok (<0.05%)
2006,WV,03,92413,40820,133233,133233,92413,40820,133233,17,0,0,0,ok (<0.05%),ok (<0.05%),ok (<0.05%)
2006,WY,00,92324,93336,193141,193369,NA,NA,NA,NA,NA,NA,NA,MISSING,MISSING,MISSING
2008,AL,01,0,210660,210660,214367,0,210652,214359,6,0,-3.797588531282635e-5,-3.731917692555291e-5,ok (<0.05%),ok (<0.05%),ok (<0.05%)
2008,AL,02,144368,142578,286946,287394,144368,142578,287394,16,0,0,0,ok (<0.05%),ok (<0.05%),ok (<0.05%)
2008,AL,03,121080,142708,263788,264120,131299,150819,282485,13,0.0843987446316485,0.05683633713596995,0.06953278812660911,BAD (>=2%),BAD (>=2%),BAD (>=2%)
2008,AL,04,66077,196741,262818,263167,66077,196741,263167,14,0,0,0,ok (<0.05%),ok (<0.05%),ok (<0.05%)
2008,AL,05,158324,147314,305638,307282,156642,147314,305600,7,-0.010623784138854502,0,-0.005473799311381727,check (0.5-2%),ok (<0.05%),check (0.5-2%)
2008,AL,06,0,280902,280902,287237,0,280902,287237,7,0,0,0,ok (<0.05%),ok (<0.05%),ok (<0.05%)
2008,AL,07,228518,0,228518,231701,228518,0,231701,12,0,0,0,ok (<0.05%),ok (<0.05%),ok (<0.05%)
2008,AR,02,212303,0,277366,277366,118615,0,164435,8,-0.44129381120379835,0,-0.4071551668192929,BAD (>=2%),ok (<0.05%),BAD (>=2%)
2008,AR,03,0,215196,274046,274046,0,119250,161558,12,0,-0.4458540121563598,-0.41047123475620884,ok (<0.05%),BAD (>=2%),BAD (>=2%)
2008,AR,04,203178,0,235781,235781,141331,0,169884,29,-0.3043981139690321,0,-0.2794839278822297,BAD (>=2%),ok (<0.05%),BAD (>=2%)
2008,AS,00,7499,4350,12419,12419,NA,NA,NA,NA,NA,NA,NA,MISSING,MISSING,MISSING
2008,AZ,01,155791,109924,278787,278787,155791,109924,278787,8,0,0,0,ok (<0.05%),ok (<0.05%),ok (<0.05%)
2008,AZ,02,125611,200914,338023,338023,125611,200914,338023,6,0,0,0,ok (<0.05%),ok (<0.05%),ok (<0.05%)
2008,AZ,03,115759,148800,275161,275161,115759,148800,275161,1,0,0,0,ok (<0.05%),ok (<0.05%),ok (<0.05%)
2008,AZ,04,89721,26435,124427,124427,89721,26435,124427,1,0,0,0,ok (<0.05%),ok (<0.05%),ok (<0.05%)
2008,AZ,05,149033,122165,280365,280365,149033,122165,280365,1,0,0,0,ok (<0.05%),ok (<0.05%),ok (<0.05%)
2008,AZ,06,115457,208582,334176,334176,115457,208582,334176,2,0,0,0,ok (<0.05%),ok (<0.05%),ok (<0.05%)
2008,AZ,07,124304,64425,196489,196489,124304,64425,196489,6,0,0,0,ok (<0.05%),ok (<0.05%),ok (<0.05%)
2008,AZ,08,179629,140553,328266,328266,179629,140553,328266,4,0,0,0,ok (<0.05%),ok (<0.05%),ok (<0.05%)
2008,CA,01,197812,67853,290472,290472,197812,67853,290472,7,0,0,0,ok (<0.05%),ok (<0.05%),ok (<0.05%)
2008,CA,02,118878,163459,282337,282337,118878,163459,282337,10,0,0,0,ok (<0.05%),ok (<0.05%),ok (<0.05%)
2008,CA,03,137971,155424,314046,314046,137971,155424,314046,5,0,0,0,ok (<0.05%),ok (<0.05%),ok (<0.05%)
2008,CA,04,183990,185790,369780,369780,183990,185790,369780,9,0,0,0,ok (<0.05%),ok (<0.05%),ok (<0.05%)
2008,CA,05,164242,46002,221155,221155,164242,46002,221155,1,0,0,0,ok (<0.05%),ok (<0.05%),ok (<0.05%)
2008,CA,06,229672,77073,320362,320362,229672,77073,320362,2,0,0,0,ok (<0.05%),ok (<0.05%),ok (<0.05%)
2008,CA,07,170962,51166,234773,234773,170962,51166,234773,2,0,0,0,ok (<0.05%),ok (<0.05%),ok (<0.05%)
2008,CA,08,204996,27614,285247,285247,204996,27614,285247,1,0,0,0,ok (<0.05%),ok (<0.05%),ok (<0.05%)
2008,CA,09,238915,26917,277600,277600,238915,26944,277600,1,0,0.0010030835531448527,0,ok (<0.05%),small (<0.5%),ok (<0.05%)
2008,CA,10,192226,91877,295165,295165,192226,91877,295165,4,0,0,0,ok (<0.05%),ok (<0.05%),ok (<0.05%)
2008,CA,11,164500,133104,297616,297616,164500,133104,297616,4,0,0,0,ok (<0.05%),ok (<0.05%),ok (<0.05%)
2008,CA,12,200442,49258,266853,266853,200442,49258,266853,2,0,0,0,ok (<0.05%),ok (<0.05%),ok (<0.05%)
2008,CA,13,166829,51447,218276,218276,166829,51447,218276,1,0,0,0,ok (<0.05%),ok (<0.05%),ok (<0.05%)
2008,CA,14,190301,60610,272766,272766,190301,60610,272766,3,0,0,0,ok (<0.05%),ok (<0.05%),ok (<0.05%)
2008,CA,15,170977,55489,238589,238589,170977,55489,238589,1,0,0,0,ok (<0.05%),ok (<0.05%),ok (<0.05%)
2008,CA,16,146481,49399,205327,205327,146481,49399,205327,1,0,0,0,ok (<0.05%),ok (<0.05%),ok (<0.05%)
2008,CA,17,168907,59037,228626,228626,168907,59037,228626,3,0,0,0,ok (<0.05%),ok (<0.05%),ok (<0.05%)
2008,CA,18,130192,0,130192,130192,130192,0,130192,5,0,0,0,ok (<0.05%),ok (<0.05%),ok (<0.05%)
2008,CA,19,0,179245,182101,182101,2490,179245,182101,5,2490,0,0,BAD (>=2%),ok (<0.05%),ok (<0.05%)
2008,CA,20,93023,32118,125141,125141,93023,32118,125141,3,0,0,0,ok (<0.05%),ok (<0.05%),ok (<0.05%)
2008,CA,21,66317,143498,209815,209815,66317,143498,209815,2,0,0,0,ok (<0.05%),ok (<0.05%),ok (<0.05%)
2008,CA,22,0,224549,224549,224549,0,224549,224549,3,0,0,0,ok (<0.05%),ok (<0.05%),ok (<0.05%)
2008,CA,23,171403,80385,251788,251788,171403,80385,251788,3,0,0,0,ok (<0.05%),ok (<0.05%),ok (<0.05%)
2008,CA,24,125560,174492,300052,300052,125560,174492,300052,2,0,0,0,ok (<0.05%),ok (<0.05%),ok (<0.05%)
2008,CA,25,105929,144660,250589,250589,105929,144660,250589,4,0,0,0,ok (<0.05%),ok (<0.05%),ok (<0.05%)
2008,CA,26,108039,140615,267130,267130,108039,140615,267130,2,0,0,0,ok (<0.05%),ok (<0.05%),ok (<0.05%)
2008,CA,27,145812,52852,212835,212835,145812,52852,212835,1,0,0,0,ok (<0.05%),ok (<0.05%),ok (<0.05%)
2008,CA,28,137471,0,137621,137621,137471,0,137621,1,0,0,0,ok (<0.05%),ok (<0.05%),ok (<0.05%)
2008,CA,29,146198,56727,212144,212144,146198,56727,212144,1,0,0,0,ok (<0.05%),ok (<0.05%),ok (<0.05%)
2008,CA,30,242792,0,242792,242792,242792,0,242792,1,0,0,0,ok (<0.05%),ok (<0.05%),ok (<0.05%)
2008,CA,31,110955,0,110955,110955,110955,0,110955,1,0,0,0,ok (<0.05%),ok (<0.05%),ok (<0.05%)
2008,CA,32,130142,0,130150,130150,130142,0,130150,1,0,0,0,ok (<0.05%),ok (<0.05%),ok (<0.05%)
2008,CA,33,186924,26536,213460,213460,186924,26536,213460,1,0,0,0,ok (<0.05%),ok (<0.05%),ok (<0.05%)
2008,CA,34,98503,29266,127769,127769,98503,29266,127769,1,0,0,0,ok (<0.05%),ok (<0.05%),ok (<0.05%)
2008,CA,35,150778,24169,182579,182579,150778,24169,182579,1,0,0,0,ok (<0.05%),ok (<0.05%),ok (<0.05%)
2008,CA,36,171948,78543,250491,250491,171948,78543,250491,1,0,0,0,ok (<0.05%),ok (<0.05%),ok (<0.05%)
2008,CA,37,131352,0,175252,175252,131952,526,175252,1,0.004567878677142335,526,0,small (<0.5%),BAD (>=2%),ok (<0.05%)
2008,CA,38,130211,0,159324,159324,130211,0,159324,1,0,0,0,ok (<0.05%),ok (<0.05%),ok (<0.05%)
2008,CA,39,125289,54533,179822,179822,125289,54533,179822,1,0,0,0,ok (<0.05%),ok (<0.05%),ok (<0.05%)
2008,CA,40,86772,144923,231695,231695,86772,144923,231695,1,0,0,0,ok (<0.05%),ok (<0.05%),ok (<0.05%)
2008,CA,41,99214,159486,258700,258700,99214,159486,258700,2,0,0,0,ok (<0.05%),ok (<0.05%),ok (<0.05%)
2008,CA,42,104909,158404,263313,263313,104909,158404,263313,3,0,0,0,ok (<0.05%),ok (<0.05%),ok (<0.05%)
2008,CA,43,108259,48312,156571,156571,108259,48312,156571,1,0,0,0,ok (<0.05%),ok (<0.05%),ok (<0.05%)
2008,CA,44,123890,129937,253827,253827,123890,129937,253827,2,0,0,0,ok (<0.05%),ok (<0.05%),ok (<0.05%)
2008,CA,45,111026,155166,266192,266192,111026,155166,266192,1,0,0,0,ok (<0.05%),ok (<0.05%),ok (<0.05%)
2008,CA,46,122891,149818,285277,285277,122891,149818,285277,2,0,0,0,ok (<0.05%),ok (<0.05%),ok (<0.05%)
2008,CA,47,85878,31432,123584,123584,85878,31432,123584,1,0,0,0,ok (<0.05%),ok (<0.05%),ok (<0.05%)
2008,CA,48,125537,171658,308702,308702,125537,171658,308702,1,0,0,0,ok (<0.05%),ok (<0.05%),ok (<0.05%)
2008,CA,49,90138,140300,240670,240670,90138,140300,240670,2,0,0,0,ok (<0.05%),ok (<0.05%),ok (<0.05%)
2008,CA,50,141635,157502,313502,313502,141635,157502,313502,1,0,0,0,ok (<0.05%),ok (<0.05%),ok (<0.05%)
2008,CA,51,148281,49345,203825,203825,148281,49345,203825,2,0,0,0,ok (<0.05%),ok (<0.05%),ok (<0.05%)
2008,CA,52,111051,160724,285138,285138,111051,160724,285138,1,0,0,0,ok (<0.05%),ok (<0.05%),ok (<0.05%)
2008,CA,53,161315,64658,235542,235542,161315,64658,235542,1,0,0,0,ok (<0.05%),ok (<0.05%),ok (<0.05%)
2008,CO,01,203756,67346,283249,283249,203756,67346,283249,3,0,0,0,ok (<0.05%),ok (<0.05%),ok (<0.05%)
2008,CO,02,215602,116619,344428,344428,215602,116619,344428,10,0,0,0,ok (<0.05%),ok (<0.05%),ok (<0.05%)
2008,CO,03,203457,126762,330219,330219,203457,126762,330219,29,0,0,0,ok (<0.05%),ok (<0.05%),ok (<0.05%)
2008,CO,04,187348,146030,333378,333378,187348,146030,333378,18,0,0,0,ok (<0.05%),ok (<0.05%),ok (<0.05%)
2008,CO,05,113027,183179,305145,305145,113027,183179,305145,6,0,0,0,ok (<0.05%),ok (<0.05%),ok (<0.05%)
2008,CO,06,162641,250877,413518,413518,162641,250877,413518,5,0,0,0,ok (<0.05%),ok (<0.05%),ok (<0.05%)
2008,CO,07,173937,100057,273994,273994,173937,100057,273994,3,0,0,0,ok (<0.05%),ok (<0.05%),ok (<0.05%)
2008,CT,01,211493,76860,295557,295557,211493,76860,295557,3,0,0,0,ok (<0.05%),ok (<0.05%),ok (<0.05%)
2008,CT,02,212148,104574,323041,323041,212148,104574,323034,6,0,0,-2.166907606155256e-5,ok (<0.05%),ok (<0.05%),ok (<0.05%)
2008,CT,03,230172,58583,297368,297368,230172,58583,297368,3,0,0,0,ok (<0.05%),ok (<0.05%),ok (<0.05%)
2008,CT,04,158475,146854,308776,308776,158475,146854,308776,2,0,0,0,ok (<0.05%),ok (<0.05%),ok (<0.05%)
2008,CT,05,179327,117914,302657,302657,179327,117914,302657,4,0,0,0,ok (<0.05%),ok (<0.05%),ok (<0.05%)
2008,DE,00,146434,235437,385457,385457,146434,239023,385457,3,0,0.015231250822937772,0,ok (<0.05%),check (0.5-2%),ok (<0.05%)
2008,FL,01,98797,232559,331356,331356,98797,232559,331356,6,0,0,0,ok (<0.05%),ok (<0.05%),ok (<0.05%)
2008,FL,02,216804,133404,350367,350367,216804,133404,350367,16,0,0,0,ok (<0.05%),ok (<0.05%),ok (<0.05%)
2008,FL,04,119330,224112,343442,343442,119330,224112,343442,9,0,0,0,ok (<0.05%),ok (<0.05%),ok (<0.05%)
2008,FL,05,168446,265186,433632,433632,168446,265186,433632,8,0,0,0,ok (<0.05%),ok (<0.05%),ok (<0.05%)
2008,FL,06,146655,228302,374957,374957,146655,228302,374957,8,0,0,0,ok (<0.05%),ok (<0.05%),ok (<0.05%)
2008,FL,07,146292,238721,385013,385013,146292,238721,385013,6,0,0,0,ok (<0.05%),ok (<0.05%),ok (<0.05%)
2008,FL,08,172854,159490,332344,332344,172854,159490,332344,4,0,0,0,ok (<0.05%),ok (<0.05%),ok (<0.05%)
2008,FL,09,126346,216591,348378,348378,126346,216591,348378,3,0,0,0,ok (<0.05%),ok (<0.05%),ok (<0.05%)
2008,FL,10,118430,182781,301220,301220,118430,182781,301220,1,0,0,0,ok (<0.05%),ok (<0.05%),ok (<0.05%)
2008,FL,11,184106,72825,256931,256931,184106,72825,256931,3,0,0,0,ok (<0.05%),ok (<0.05%),ok (<0.05%)
2008,FL,12,137465,185698,323163,323163,137465,185698,323163,3,0,0,0,ok (<0.05%),ok (<0.05%),ok (<0.05%)
2008,FL,13,137967,204382,367996,367996,137967,204382,367996,5,0,0,0,ok (<0.05%),ok (<0.05%),ok (<0.05%)
2008,FL,14,93590,224602,377891,377891,93590,224602,377891,3,0,0,0,ok (<0.05%),ok (<0.05%),ok (<0.05%)
2008,FL,15,151951,192151,361871,361871,151951,192151,361871,4,0,0,0,ok (<0.05%),ok (<0.05%),ok (<0.05%)
2008,FL,16,139373,209874,349247,349247,139373,209874,349247,8,0,0,0,ok (<0.05%),ok (<0.05%),ok (<0.05%)
2008,FL,18,102372,140617,242989,242989,102372,140617,242989,2,0,0,0,ok (<0.05%),ok (<0.05%),ok (<0.05%)
2008,FL,19,202465,83357,306036,306036,202465,83357,306036,2,0,0,0,ok (<0.05%),ok (<0.05%),ok (<0.05%)
2008,FL,20,202832,0,261799,261799,202832,0,261799,2,0,0,0,ok (<0.05%),ok (<0.05%),ok (<0.05%)
2008,FL,21,99776,137226,237002,237002,99776,137226,237002,2,0,0,0,ok (<0.05%),ok (<0.05%),ok (<0.05%)
2008,FL,22,169041,140104,309151,309151,169041,140104,309151,2,0,0,0,ok (<0.05%),ok (<0.05%),ok (<0.05%)
2008,FL,23,172835,37431,210306,210306,172835,37431,210306,5,0,0,0,ok (<0.05%),ok (<0.05%),ok (<0.05%)
2008,FL,24,211284,151863,369370,369370,211284,151863,369370,4,0,0,0,ok (<0.05%),ok (<0.05%),ok (<0.05%)
2008,FL,25,115820,130891,246711,246711,115820,130891,246711,3,0,0,0,ok (<0.05%),ok (<0.05%),ok (<0.05%)
2008,GA,01,83444,165890,249334,249334,83444,165890,249334,25,0,0,0,ok (<0.05%),ok (<0.05%),ok (<0.05%)
2008,GA,02,158435,71351,229786,229786,158435,71351,229786,32,0,0,0,ok (<0.05%),ok (<0.05%),ok (<0.05%)
2008,GA,03,117522,225055,342580,342580,117522,225055,342580,15,0,0,0,ok (<0.05%),ok (<0.05%),ok (<0.05%)
2008,GA,04,224494,0,224694,224694,224494,0,224616,3,0,0,-3.471387754012123e-4,ok (<0.05%),ok (<0.05%),ok (<0.05%)
2008,GA,05,231368,0,231474,231474,231368,0,231461,3,0,0,-5.6161815149865644e-5,ok (<0.05%),ok (<0.05%),ok (<0.05%)
2008,GA,06,106551,231520,338071,338071,106551,231520,338071,4,0,0,0,ok (<0.05%),ok (<0.05%),ok (<0.05%)
2008,GA,07,128159,209354,337513,337513,128159,209354,337513,5,0,0,0,ok (<0.05%),ok (<0.05%),ok (<0.05%)
2008,GA,08,157241,117446,274687,274687,157241,117446,274687,21,0,0,0,ok (<0.05%),ok (<0.05%),ok (<0.05%)
2008,GA,09,70537,217493,288030,288030,70537,217493,288030,15,0,0,0,ok (<0.05%),ok (<0.05%),ok (<0.05%)
2008,GA,10,114638,177265,291903,291903,114638,177265,291903,21,0,0,0,ok (<0.05%),ok (<0.05%),ok (<0.05%)
2008,GA,11,95220,204082,299302,299302,95220,204082,299302,9,0,0,0,ok (<0.05%),ok (<0.05%),ok (<0.05%)
2008,GA,12,164562,84773,249335,249335,164562,84773,249335,22,0,0,0,ok (<0.05%),ok (<0.05%),ok (<0.05%)
2008,GA,13,205919,92320,298239,298239,205919,92320,298239,6,0,0,0,ok (<0.05%),ok (<0.05%),ok (<0.05%)
2008,GU,00,28247,0,28247,29131,NA,NA,NA,NA,NA,NA,NA,MISSING,MISSING,MISSING
2008,IA,01,186991,102439,289430,289629,186991,102439,289430,12,0,0,-6.870858926419661e-4,ok (<0.05%),ok (<0.05%),small (<0.5%)
2008,IA,02,175218,118778,306097,306358,175218,118778,306097,15,0,0,-8.519444571383806e-4,ok (<0.05%),ok (<0.05%),small (<0.5%)
2008,IA,03,176904,132136,313639,314160,176904,132136,313639,12,0,0,-0.0016583906289788643,ok (<0.05%),ok (<0.05%),small (<0.5%)
2008,IA,04,120746,185458,306204,306401,120746,185458,306204,28,0,0,-6.429482932496956e-4,ok (<0.05%),ok (<0.05%),small (<0.5%)
2008,IA,05,99601,159430,266437,266617,99601,159430,266437,32,0,0,-6.75125742169479e-4,ok (<0.05%),ok (<0.05%),small (<0.5%)
2008,ID,01,175898,171687,347585,347585,175898,171687,347585,19,0,0,0,ok (<0.05%),ok (<0.05%),ok (<0.05%)
2008,ID,02,83878,205777,290267,290267,83878,205777,289655,26,0,0,-0.002108403642163939,ok (<0.05%),ok (<0.05%),small (<0.5%)
2008,IL,01,233036,38361,271397,271397,233036,38361,271397,1,0,0,0,ok (<0.05%),ok (<0.05%),ok (<0.05%)
2008,IL,02,251052,29721,280776,280776,251052,29721,280776,2,0,0,0,ok (<0.05%),ok (<0.05%),ok (<0.05%)
2008,IL,03,172581,50336,235524,235524,172581,50336,235524,1,0,0,0,ok (<0.05%),ok (<0.05%),ok (<0.05%)
2008,IL,04,112529,16024,139606,139606,112529,16024,139606,1,0,0,0,ok (<0.05%),ok (<0.05%),ok (<0.05%)
2008,IL,05,170728,50881,230892,230892,170728,50881,230892,1,0,0,0,ok (<0.05%),ok (<0.05%),ok (<0.05%)
2008,IL,06,109007,147906,256913,256913,109007,147906,256913,2,0,0,0,ok (<0.05%),ok (<0.05%),ok (<0.05%)
2008,IL,07,235343,41474,276817,276817,235343,41474,276817,1,0,0,0,ok (<0.05%),ok (<0.05%),ok (<0.05%)
2008,IL,08,179444,116081,295525,295525,179444,116081,295525,3,0,0,0,ok (<0.05%),ok (<0.05%),ok (<0.05%)
2008,IL,09,181948,53593,243694,243694,181948,53593,243694,1,0,0,0,ok (<0.05%),ok (<0.05%),ok (<0.05%)
2008,IL,10,138176,153082,291258,291258,138176,153082,291258,2,0,0,0,ok (<0.05%),ok (<0.05%),ok (<0.05%)
2008,IL,11,185652,109608,317895,317895,185652,109608,317895,8,0,0,0,ok (<0.05%),ok (<0.05%),ok (<0.05%)
2008,IL,12,212891,74382,298181,298181,212891,74382,298181,11,0,0,0,ok (<0.05%),ok (<0.05%),ok (<0.05%)
2008,IL,13,147430,180888,337771,337771,147430,180888,337771,3,0,0,0,ok (<0.05%),ok (<0.05%),ok (<0.05%)
2008,IL,14,185404,135653,321057,321057,185404,135653,321057,8,0,0,0,ok (<0.05%),ok (<0.05%),ok (<0.05%)
2008,IL,15,104393,187121,291514,291514,104393,187121,291514,22,0,0,0,ok (<0.05%),ok (<0.05%),ok (<0.05%)
2008,IL,16,112648,190039,312220,312220,112648,190039,312220,9,0,0,0,ok (<0.05%),ok (<0.05%),ok (<0.05%)
2008,IL,17,220961,0,221478,221478,220961,0,221478,23,0,0,0,ok (<0.05%),ok (<0.05%),ok (<0.05%)
2008,IL,18,117642,182589,310088,310088,117642,182589,310088,20,0,0,0,ok (<0.05%),ok (<0.05%),ok (<0.05%)
2008,IL,19,105338,203434,315589,315589,105338,203434,315589,30,0,0,0,ok (<0.05%),ok (<0.05%),ok (<0.05%)
2008,IN,01,199954,76647,282022,282022,199954,76647,282022,5,0,0,0,ok (<0.05%),ok (<0.05%),ok (<0.05%)
2008,IN,02,187416,84455,279346,279346,187416,84455,279346,12,0,0,0,ok (<0.05%),ok (<0.05%),ok (<0.05%)
2008,IN,03,112309,155693,282879,282879,112309,155693,282879,8,0,0,0,ok (<0.05%),ok (<0.05%),ok (<0.05%)
2008,IN,04,129038,192526,321564,321564,129038,192526,321564,12,0,0,0,ok (<0.05%),ok (<0.05%),ok (<0.05%)
2008,IN,05,123357,234705,358062,358062,123357,234705,358062,11,0,0,0,ok (<0.05%),ok (<0.05%),ok (<0.05%)
2008,IN,06,94265,180608,282412,282412,94265,180608,282412,19,0,0,0,ok (<0.05%),ok (<0.05%),ok (<0.05%)
2008,IN,07,172650,92645,265299,265299,172650,92645,265299,1,0,0,0,ok (<0.05%),ok (<0.05%),ok (<0.05%)
2008,IN,08,188693,102769,291462,291462,188693,102769,291462,18,0,0,0,ok (<0.05%),ok (<0.05%),ok (<0.05%)
2008,IN,09,181281,120529,313804,313804,181281,120529,313804,20,0,0,0,ok (<0.05%),ok (<0.05%),ok (<0.05%)
2008,KS,01,34771,214549,262027,262027,34771,214278,261756,69,0,-0.0012631147197143776,-0.0010342445625832453,ok (<0.05%),small (<0.5%),small (<0.5%)
2008,KS,02,142013,155532,307308,307308,142013,155532,307308,26,0,0,0,ok (<0.05%),ok (<0.05%),ok (<0.05%)
2008,KS,03,202541,142307,358858,358858,202541,142307,358858,3,0,0,0,ok (<0.05%),ok (<0.05%),ok (<0.05%)
2008,KS,04,90706,177617,280109,280109,90706,177617,280109,11,0,0,0,ok (<0.05%),ok (<0.05%),ok (<0.05%)
2008,KY,01,98674,178107,276786,276786,98674,178107,276781,34,0,0,-1.8064497481809052e-5,ok (<0.05%),ok (<0.05%),ok (<0.05%)
2008,KY,02,143379,158936,302315,302315,143379,158936,302315,21,0,0,0,ok (<0.05%),ok (<0.05%),ok (<0.05%)
2008,KY,03,203843,139527,343370,343370,203843,139527,343370,1,0,0,0,ok (<0.05%),ok (<0.05%),ok (<0.05%)
2008,KY,04,111549,190210,301759,301759,111549,190210,301759,24,0,0,0,ok (<0.05%),ok (<0.05%),ok (<0.05%)
2008,KY,05,0,177024,210468,210468,0,177024,210468,29,0,0,0,ok (<0.05%),ok (<0.05%),ok (<0.05%)
2008,KY,06,203764,111378,315142,315142,203764,111378,315142,16,0,0,0,ok (<0.05%),ok (<0.05%),ok (<0.05%)
2008,LA,01,98839,189168,288007,288007,98839,189168,288007,6,0,0,0,ok (<0.05%),ok (<0.05%),ok (<0.05%)
2008,LA,02,31318,33132,66882,66882,31318,33132,66882,2,0,0,0,ok (<0.05%),ok (<0.05%),ok (<0.05%)
2008,LA,04,44151,44501,92572,92572,44151,44501,92572,13,0,0,0,ok (<0.05%),ok (<0.05%),ok (<0.05%)
2008,LA,06,125886,150332,312416,312416,125886,150332,312416,9,0,0,0,ok (<0.05%),ok (<0.05%),ok (<0.05%)
2008,LA,07,98280,177173,286299,286299,98280,177173,286299,8,0,0,0,ok (<0.05%),ok (<0.05%),ok (<0.05%)
2008,MA,01,215696,80067,295763,296099,215696,80067,296099,6,0,0,0,ok (<0.05%),ok (<0.05%),ok (<0.05%)
2008,MA,02,234369,0,234369,238000,234369,0,238000,4,0,0,0,ok (<0.05%),ok (<0.05%),ok (<0.05%)
2008,MA,03,227619,0,227619,231107,227619,0,231107,4,0,0,0,ok (<0.05%),ok (<0.05%),ok (<0.05%)
2008,MA,04,203032,75571,298451,298788,203032,75571,298788,4,0,0,0,ok (<0.05%),ok (<0.05%),ok (<0.05%)
2008,MA,05,225947,0,225947,228907,225947,0,228907,3,0,0,0,ok (<0.05%),ok (<0.05%),ok (<0.05%)
2008,MA,06,226216,94845,321061,321312,226216,94845,321312,2,0,0,0,ok (<0.05%),ok (<0.05%),ok (<0.05%)
2008,MA,07,212304,67978,280282,280682,212304,67978,280682,2,0,0,0,ok (<0.05%),ok (<0.05%),ok (<0.05%)
2008,MA,08,185530,0,185530,188252,185530,0,188252,2,0,0,0,ok (<0.05%),ok (<0.05%),ok (<0.05%)
2008,MA,09,242166,0,242166,245294,242166,0,245294,4,0,0,0,ok (<0.05%),ok (<0.05%),ok (<0.05%)
2008,MA,10,272899,0,272899,276673,272899,0,276673,5,0,0,0,ok (<0.05%),ok (<0.05%),ok (<0.05%)
2008,MD,01,177065,174213,360151,360480,177065,174213,360480,12,0,0,0,ok (<0.05%),ok (<0.05%),ok (<0.05%)
2008,MD,02,198578,68561,275925,276333,198578,68561,276333,4,0,0,0,ok (<0.05%),ok (<0.05%),ok (<0.05%)
2008,MD,03,203711,87971,291682,292448,203711,87971,292448,4,0,0,0,ok (<0.05%),ok (<0.05%),ok (<0.05%)
2008,MD,04,258704,38787,300978,301431,258704,38739,301431,2,0,-0.001237528037744605,0,ok (<0.05%),small (<0.5%),ok (<0.05%)
2008,MD,05,253854,82631,344314,344691,253854,82631,344691,5,0,0,0,ok (<0.05%),ok (<0.05%),ok (<0.05%)
2008,MD,06,128207,190926,330193,330535,128207,190926,330535,8,0,0,0,ok (<0.05%),ok (<0.05%),ok (<0.05%)
2008,MD,07,227387,53160,285761,286020,227379,53147,286020,3,-3.518231033436388e-5,-2.4454477050413843e-4,0,ok (<0.05%),ok (<0.05%),ok (<0.05%)
2008,MD,08,229956,66351,305697,306014,229740,66351,306014,2,-9.393101288942233e-4,0,0,small (<0.5%),ok (<0.05%),ok (<0.05%)
2008,ME,01,205629,168930,374559,374559,205629,168930,374559,6,0,0,0,ok (<0.05%),ok (<0.05%),ok (<0.05%)
2008,ME,02,226274,109268,335542,335542,226274,109268,335542,11,0,0,0,ok (<0.05%),ok (<0.05%),ok (<0.05%)
2008,MI,01,213216,107348,327836,327836,213216,107340,327836,31,0,-7.452397808995044e-5,0,ok (<0.05%),ok (<0.05%),ok (<0.05%)
2008,MI,02,125002,214100,343309,343309,125002,214100,343309,11,0,0,0,ok (<0.05%),ok (<0.05%),ok (<0.05%)
2008,MI,03,117961,203799,333518,333518,117961,203799,333518,3,0,0,0,ok (<0.05%),ok (<0.05%),ok (<0.05%)
2008,MI,04,117665,204259,329764,329764,117665,204259,329764,14,0,0,0,ok (<0.05%),ok (<0.05%),ok (<0.05%)
2008,MI,05,221841,85017,315295,315295,221841,85017,315295,4,0,0,0,ok (<0.05%),ok (<0.05%),ok (<0.05%)
2008,MI,06,123257,188157,319646,319646,123257,188157,319646,7,0,0,0,ok (<0.05%),ok (<0.05%),ok (<0.05%)
2008,MI,07,157302,149781,322286,322286,157213,149781,322286,7,-5.65790644747047e-4,0,0,small (<0.5%),ok (<0.05%),ok (<0.05%)
2008,MI,08,145491,204408,361607,361607,145491,204408,361607,5,0,0,0,ok (<0.05%),ok (<0.05%),ok (<0.05%)
2008,MI,09,183311,150035,351963,351963,183311,150035,351963,1,0,0,0,ok (<0.05%),ok (<0.05%),ok (<0.05%)
2008,MI,10,108354,230471,347603,347603,108354,230471,347603,5,0,0,0,ok (<0.05%),ok (<0.05%),ok (<0.05%)
2008,MI,11,156625,177461,345182,345182,156625,177461,345182,2,0,0,0,ok (<0.05%),ok (<0.05%),ok (<0.05%)
2008,MI,12,225094,74565,312344,312344,225094,74565,312344,2,0,0,0,ok (<0.05%),ok (<0.05%),ok (<0.05%)
2008,MI,13,167481,43098,225922,225922,167481,43098,225922,1,0,0,0,ok (<0.05%),ok (<0.05%),ok (<0.05%)
2008,MI,14,227841,0,246588,246588,227841,0,246588,1,0,0,0,ok (<0.05%),ok (<0.05%),ok (<0.05%)
2008,MI,15,231784,81802,327827,327827,231784,81802,327827,3,0,0,0,ok (<0.05%),ok (<0.05%),ok (<0.05%)
2008,MN,01,207753,109453,332110,332400,207753,109453,332400,23,0,0,0,ok (<0.05%),ok (<0.05%),ok (<0.05%)
2008,MN,02,164093,220924,385059,385656,164093,220924,385656,7,0,0,0,ok (<0.05%),ok (<0.05%),ok (<0.05%)
2008,MN,03,150787,178932,368698,369104,150787,178932,369104,2,0,0,0,ok (<0.05%),ok (<0.05%),ok (<0.05%)
2008,MN,04,216267,98936,315204,316018,216267,98936,316018,3,0,0,0,ok (<0.05%),ok (<0.05%),ok (<0.05%)
2008,MN,05,228776,71020,322114,322747,228776,71020,322747,3,0,0,0,ok (<0.05%),ok (<0.05%),ok (<0.05%)
2008,MN,06,175786,187837,404266,404725,175786,187817,404725,7,0,-1.0647529506966147e-4,0,ok (<0.05%),ok (<0.05%),ok (<0.05%)
2008,MN,07,227187,87062,314249,314680,227187,87062,314680,35,0,0,0,ok (<0.05%),ok (<0.05%),ok (<0.05%)
2008,MN,08,241831,114871,356702,357284,241831,114871,357284,18,0,0,0,ok (<0.05%),ok (<0.05%),ok (<0.05%)
2008,MO,01,242570,0,279270,279270,242570,0,279277,2,0,0,2.5065348945464962e-5,ok (<0.05%),ok (<0.05%),ok (<0.05%)
2008,MO,02,132068,232276,372979,372979,132068,232276,372972,3,0,0,-1.876781266505621e-5,ok (<0.05%),ok (<0.05%),ok (<0.05%)
2008,MO,03,202470,92759,305071,305071,202470,92759,305071,4,0,0,0,ok (<0.05%),ok (<0.05%),ok (<0.05%)
2008,MO,04,200009,103446,303455,303455,183786,91374,275160,23,-0.08111134998925049,-0.11669856736848211,-0.09324282018750721,BAD (>=2%),BAD (>=2%),BAD (>=2%)
2008,MO,05,197249,109166,306415,306415,197249,109166,306415,3,0,0,0,ok (<0.05%),ok (<0.05%),ok (<0.05%)
2008,MO,06,121894,196526,330699,330699,121894,196526,330699,26,0,0,0,ok (<0.05%),ok (<0.05%),ok (<0.05%)
2008,MO,07,91010,219016,323212,323212,91010,219016,323212,10,0,0,0,ok (<0.05%),ok (<0.05%),ok (<0.05%)
2008,MO,08,72790,198798,278288,278288,72790,198798,278288,28,0,0,0,ok (<0.05%),ok (<0.05%),ok (<0.05%)
2008,MO,09,152956,161031,322095,322095,152956,161031,322095,25,0,0,0,ok (<0.05%),ok (<0.05%),ok (<0.05%)
2008,MP,00,307,0,10161,10161,NA,NA,NA,NA,NA,NA,NA,MISSING,MISSING,MISSING
2008,MS,01,185959,149818,341389,341389,185959,149818,341389,24,0,0,0,ok (<0.05%),ok (<0.05%),ok (<0.05%)
2008,MS,02,201606,90364,291970,291970,201606,90364,291970,23,0,0,0,ok (<0.05%),ok (<0.05%),ok (<0.05%)
2008,MS,03,127698,213171,340869,340869,127698,213171,340869,28,0,0,0,ok (<0.05%),ok (<0.05%),ok (<0.05%)
2008,MS,04,216542,73977,290519,290519,216542,73977,290519,15,0,0,0,ok (<0.05%),ok (<0.05%),ok (<0.05%)
2008,MT,00,155930,308470,480900,480900,155930,308470,480900,56,0,0,0,ok (<0.05%),ok (<0.05%),ok (<0.05%)
2008,NC,01,192765,81506,274271,274271,192765,81506,274271,23,0,0,0,ok (<0.05%),ok (<0.05%),ok (<0.05%)
2008,NC,02,199730,93323,298430,298430,199730,93323,298430,10,0,0,0,ok (<0.05%),ok (<0.05%),ok (<0.05%)
2008,NC,03,104364,201686,306050,306050,104364,201686,306050,17,0,0,0,ok (<0.05%),ok (<0.05%),ok (<0.05%)
2008,NC,04,265751,153947,419698,419698,265751,153947,419698,4,0,0,0,ok (<0.05%),ok (<0.05%),ok (<0.05%)
2008,NC,05,136103,190820,326923,326923,136103,190820,326923,12,0,0,0,ok (<0.05%),ok (<0.05%),ok (<0.05%)
2008,NC,06,108873,221018,329891,329891,108873,221018,329891,6,0,0,0,ok (<0.05%),ok (<0.05%),ok (<0.05%)
2008,NC,07,215383,97472,312855,312855,215383,97472,312855,10,0,0,0,ok (<0.05%),ok (<0.05%),ok (<0.05%)
2008,NC,08,157185,126634,283819,283819,157185,126634,283819,10,0,0,0,ok (<0.05%),ok (<0.05%),ok (<0.05%)
2008,NC,09,138719,241053,386483,386483,138719,241053,386483,3,0,0,0,ok (<0.05%),ok (<0.05%),ok (<0.05%)
2008,NC,10,126699,171774,298473,298473,126699,171774,298473,10,0,0,0,ok (<0.05%),ok (<0.05%),ok (<0.05%)
2008,NC,11,211112,122087,340716,340716,211112,122087,340716,15,0,0,0,ok (<0.05%),ok (<0.05%),ok (<0.05%)
2008,NC,12,215908,85814,301722,301722,215908,85814,301722,6,0,0,0,ok (<0.05%),ok (<0.05%),ok (<0.05%)
2008,NC,13,221379,114383,335762,335762,221379,114383,335762,7,0,0,0,ok (<0.05%),ok (<0.05%),ok (<0.05%)
2008,ND,00,194577,119388,313965,313965,194577,119388,313965,53,0,0,0,ok (<0.05%),ok (<0.05%),ok (<0.05%)
2008,NE,01,77897,184923,262820,262820,77897,184923,262820,24,0,0,0,ok (<0.05%),ok (<0.05%),ok (<0.05%)
2008,NE,02,131901,142473,274374,274374,31901,142473,174374,2,-0.7581443658501452,0,-0.36446602083287777,BAD (>=2%),ok (<0.05%),BAD (>=2%)
2008,NE,03,55087,183117,238204,238204,55087,183117,238204,69,0,0,0,ok (<0.05%),ok (<0.05%),ok (<0.05%)
2008,NH,01,176435,156338,340873,341071,NA,NA,NA,NA,NA,NA,NA,MISSING,MISSING,MISSING
2008,NH,02,188332,138222,333675,333904,NA,NA,NA,NA,NA,NA,NA,MISSING,MISSING,MISSING
2008,NJ,01,206453,74001,285157,285157,206453,74001,285157,3,0,0,0,ok (<0.05%),ok (<0.05%),ok (<0.05%)
2008,NJ,02,110990,167701,283965,283965,110990,167701,283965,7,0,0,0,ok (<0.05%),ok (<0.05%),ok (<0.05%)
2008,NJ,03,166390,153122,319512,319512,166390,153122,319512,3,0,0,0,ok (<0.05%),ok (<0.05%),ok (<0.05%)
2008,NJ,04,100036,202972,306551,306551,100036,202972,306551,4,0,0,0,ok (<0.05%),ok (<0.05%),ok (<0.05%)
2008,NJ,05,131033,172653,309007,309007,131033,172653,309007,4,0,0,0,ok (<0.05%),ok (<0.05%),ok (<0.05%)
2008,NJ,06,164077,77469,245077,245077,164077,77469,245077,4,0,0,0,ok (<0.05%),ok (<0.05%),ok (<0.05%)
2008,NJ,07,124818,148461,295628,295628,124818,148461,302687,5,0,0,0.02387798178792266,ok (<0.05%),ok (<0.05%),BAD (>=2%)
2008,NJ,08,159279,63107,223986,223986,159279,63107,223986,2,0,0,0,ok (<0.05%),ok (<0.05%),ok (<0.05%)
2008,NJ,09,151182,69503,223885,223885,151182,69503,223885,3,0,0,0,ok (<0.05%),ok (<0.05%),ok (<0.05%)
2008,NJ,10,169945,0,171793,171793,169945,0,169945,3,0,0,-0.010757132129947087,ok (<0.05%),ok (<0.05%),check (0.5-2%)
2008,NJ,11,113510,189696,306732,306732,113510,189696,306732,5,0,0,0,ok (<0.05%),ok (<0.05%),ok (<0.05%)
2008,NJ,12,193732,108400,306934,306934,193732,108400,306934,5,0,0,0,ok (<0.05%),ok (<0.05%),ok (<0.05%)
2008,NJ,13,120382,34735,159753,159753,120382,34735,159753,4,0,0,0,ok (<0.05%),ok (<0.05%),ok (<0.05%)
2008,NM,01,166271,132485,298756,298756,166271,132485,298756,5,0,0,0,ok (<0.05%),ok (<0.05%),ok (<0.05%)
2008,NM,02,129572,101980,231552,231552,129572,101980,231552,18,0,0,0,ok (<0.05%),ok (<0.05%),ok (<0.05%)
2008,NM,03,161292,86618,284258,284258,161292,86618,247910,16,0,0,-0.12786975212658921,ok (<0.05%),ok (<0.05%),BAD (>=2%)
2008,NY,01,162083,115545,277628,277641,162083,115545,277628,1,0,0,-4.6823055672613196e-5,ok (<0.05%),ok (<0.05%),ok (<0.05%)
2008,NY,02,161279,79641,240920,240932,161279,79641,240920,2,0,0,-4.9806584430461705e-5,ok (<0.05%),ok (<0.05%),ok (<0.05%)
2008,NY,03,97525,172774,270299,270303,97525,172774,270299,2,0,0,-1.4798207937018827e-5,ok (<0.05%),ok (<0.05%),ok (<0.05%)
2008,NY,04,164028,92242,256270,256271,164028,92242,256270,1,0,0,-3.902119240959765e-6,ok (<0.05%),ok (<0.05%),ok (<0.05%)
2008,NY,05,112724,43039,158773,158778,112724,43039,158773,2,0,0,-3.1490508760659535e-5,ok (<0.05%),ok (<0.05%),ok (<0.05%)
2008,NY,06,141180,0,141180,141206,141180,0,141180,1,0,0,-1.8412815319462345e-4,ok (<0.05%),ok (<0.05%),ok (<0.05%)
2008,NY,07,118459,21477,139936,139941,118459,21477,139936,2,0,0,-3.572934308029813e-5,ok (<0.05%),ok (<0.05%),ok (<0.05%)
2008,NY,08,160775,39062,199837,199861,160775,39062,199837,2,0,0,-1.200834580033123e-4,ok (<0.05%),ok (<0.05%),ok (<0.05%)
2008,NY,09,112205,0,120583,120589,112205,0,120583,2,0,0,-4.975578203650416e-5,ok (<0.05%),ok (<0.05%),ok (<0.05%)
2008,NY,10,155090,9565,164655,164669,155090,9565,164655,1,0,0,-8.501903819176652e-5,ok (<0.05%),ok (<0.05%),ok (<0.05%)
2008,NY,11,168562,11644,181723,181740,168562,11644,181723,1,0,0,-9.35402222955871e-5,ok (<0.05%),ok (<0.05%),ok (<0.05%)
2008,NY,12,123053,13748,136801,136809,123053,13748,136801,3,0,0,-5.8475685079198006e-5,ok (<0.05%),ok (<0.05%),ok (<0.05%)
2008,NY,13,114219,62441,187406,187446,114219,62441,187406,2,0,0,-2.1339479103315087e-4,ok (<0.05%),ok (<0.05%),ok (<0.05%)
2008,NY,14,183239,43385,229283,229308,183239,43385,229283,2,0,0,-1.0902367121949518e-4,ok (<0.05%),ok (<0.05%),ok (<0.05%)
2008,NY,15,177151,15676,198676,198691,177151,15676,198676,1,0,0,-7.549410894303215e-5,ok (<0.05%),ok (<0.05%),ok (<0.05%)
2008,NY,16,127179,4488,131667,131669,127179,4488,131667,1,0,0,-1.518960423486166e-5,ok (<0.05%),ok (<0.05%),ok (<0.05%)
2008,NY,17,161594,40707,202301,202321,161594,40707,202301,3,0,0,-9.885281310392891e-5,ok (<0.05%),ok (<0.05%),ok (<0.05%)
2008,NY,18,174791,80498,255289,255311,174791,80498,255289,2,0,0,-8.616941690722296e-5,ok (<0.05%),ok (<0.05%),ok (<0.05%)
2008,NY,19,164859,116120,280979,280994,164859,116120,280979,5,0,0,-5.33819227456814e-5,ok (<0.05%),ok (<0.05%),ok (<0.05%)
2008,NY,20,193651,118031,311682,311717,193651,118031,311682,10,0,0,-1.122813321057241e-4,ok (<0.05%),ok (<0.05%),ok (<0.05%)
2008,NY,21,171286,96599,275850,275872,171286,96599,275850,7,0,0,-7.974712910335228e-5,ok (<0.05%),ok (<0.05%),ok (<0.05%)
2008,NY,22,168558,85126,253684,253718,168558,85126,253684,8,0,0,-1.3400704719412893e-4,ok (<0.05%),ok (<0.05%),ok (<0.05%)
2008,NY,23,75871,143029,218900,218925,75871,143029,218900,11,0,0,-1.1419435879867534e-4,ok (<0.05%),ok (<0.05%),ok (<0.05%)
2008,NY,24,130799,120880,251679,251692,130799,120880,251679,11,0,0,-5.165042989050109e-5,ok (<0.05%),ok (<0.05%),ok (<0.05%)
2008,NY,25,157375,120217,287075,287099,157375,120217,287075,4,0,0,-8.359485752301471e-5,ok (<0.05%),ok (<0.05%),ok (<0.05%)
2008,NY,26,109615,148607,270326,270335,109615,148607,270326,7,0,0,-3.329202655963897e-5,ok (<0.05%),ok (<0.05%),ok (<0.05%)
2008,NY,27,185713,56354,249545,249545,185713,56354,249545,2,0,0,0,ok (<0.05%),ok (<0.05%),ok (<0.05%)
2008,NY,28,172655,48690,221345,221378,172655,48690,221345,4,0,0,-1.490663028846588e-4,ok (<0.05%),ok (<0.05%),ok (<0.05%)
2008,NY,29,140529,135199,275728,275755,140529,135199,275728,8,0,0,-9.791300248408914e-5,ok (<0.05%),ok (<0.05%),ok (<0.05%)
2008,OH,01,155455,140683,296290,296290,155455,140683,296290,2,0,0,0,ok (<0.05%),ok (<0.05%),ok (<0.05%)
2008,OH,02,124213,148671,331624,331624,124213,148671,331624,7,0,0,0,ok (<0.05%),ok (<0.05%),ok (<0.05%)
2008,OH,03,115976,200204,316180,316180,115976,200204,316180,4,0,0,0,ok (<0.05%),ok (<0.05%),ok (<0.05%)
2008,OH,04,99499,186154,285653,285653,99499,186154,285653,11,0,0,0,ok (<0.05%),ok (<0.05%),ok (<0.05%)
2008,OH,05,105840,188905,294745,294745,105840,188905,294745,16,0,0,0,ok (<0.05%),ok (<0.05%),ok (<0.05%)
2008,OH,06,176330,92968,283110,283110,176330,92968,283110,12,0,0,0,ok (<0.05%),ok (<0.05%),ok (<0.05%)
2008,OH,07,125547,174915,300462,300462,125547,174915,300462,8,0,0,0,ok (<0.05%),ok (<0.05%),ok (<0.05%)
2008,OH,08,95510,202063,297573,297573,95510,202063,297573,6,0,0,0,ok (<0.05%),ok (<0.05%),ok (<0.05%)
2008,OH,09,222054,76512,298566,298566,222054,76512,298566,4,0,0,0,ok (<0.05%),ok (<0.05%),ok (<0.05%)
2008,OH,10,157268,107918,275809,275809,157268,107918,275809,1,0,0,0,ok (<0.05%),ok (<0.05%),ok (<0.05%)
2008,OH,11,212667,36708,249542,249542,212667,36708,249542,1,0,0,0,ok (<0.05%),ok (<0.05%),ok (<0.05%)
2008,OH,12,152234,197447,360388,360388,152234,197447,360388,3,0,0,0,ok (<0.05%),ok (<0.05%),ok (<0.05%)
2008,OH,13,192593,105050,297680,297680,192593,105050,297680,4,0,0,0,ok (<0.05%),ok (<0.05%),ok (<0.05%)
2008,OH,14,125214,188488,323213,323213,125214,188488,323213,7,0,0,0,ok (<0.05%),ok (<0.05%),ok (<0.05%)
2008,OH,15,139584,137272,303838,303838,139584,137272,303838,3,0,0,0,ok (<0.05%),ok (<0.05%),ok (<0.05%)
2008,OH,16,169044,136293,305337,305337,169044,136293,305337,4,0,0,0,ok (<0.05%),ok (<0.05%),ok (<0.05%)
2008,OH,17,218896,61216,280112,280112,218896,61216,280112,4,0,0,0,ok (<0.05%),ok (<0.05%),ok (<0.05%)
2008,OH,18,164187,110031,274218,274218,164187,110031,274218,16,0,0,0,ok (<0.05%),ok (<0.05%),ok (<0.05%)
2008,OK,01,98890,193404,292294,292294,98890,193404,292294,5,0,0,0,ok (<0.05%),ok (<0.05%),ok (<0.05%)
2008,OK,02,173757,72815,246572,246572,173757,72815,246572,25,0,0,0,ok (<0.05%),ok (<0.05%),ok (<0.05%)
2008,OK,03,62297,184306,264359,264359,62297,184306,264359,32,0,0,0,ok (<0.05%),ok (<0.05%),ok (<0.05%)
2008,OK,04,79674,180080,272781,272781,79674,180080,272781,16,0,0,0,ok (<0.05%),ok (<0.05%),ok (<0.05%)
2008,OK,05,88996,171925,260921,260921,88996,171925,260921,3,0,0,0,ok (<0.05%),ok (<0.05%),ok (<0.05%)
2008,OR,01,237567,58279,328138,332248,237567,0,332248,5,0,-1,0,ok (<0.05%),BAD (>=2%),ok (<0.05%)
2008,OR,02,87649,236560,339694,340379,87649,236560,340379,20,0,0,0,ok (<0.05%),ok (<0.05%),ok (<0.05%)
2008,OR,03,254235,71063,340361,341062,254235,71063,341062,2,0,0,0,ok (<0.05%),ok (<0.05%),ok (<0.05%)
2008,OR,04,275143,0,331438,334146,275143,0,334146,7,0,0,0,ok (<0.05%),ok (<0.05%),ok (<0.05%)
2008,OR,05,181577,128297,333348,334674,181577,128297,334674,7,0,0,0,ok (<0.05%),ok (<0.05%),ok (<0.05%)
2008,PA,01,242799,24714,267513,267513,242799,24714,267513,2,0,0,0,ok (<0.05%),ok (<0.05%),ok (<0.05%)
2008,PA,02,276870,34466,311336,311336,276870,34466,311336,2,0,0,0,ok (<0.05%),ok (<0.05%),ok (<0.05%)
2008,PA,03,146846,139757,286603,286603,146846,139757,286603,7,0,0,0,ok (<0.05%),ok (<0.05%),ok (<0.05%)
2008,PA,04,186536,147411,333947,333947,186536,147411,333947,6,0,0,0,ok (<0.05%),ok (<0.05%),ok (<0.05%)
2008,PA,05,112509,155513,274177,274177,112509,155513,274177,17,0,0,0,ok (<0.05%),ok (<0.05%),ok (<0.05%)
2008,PA,06,164952,179423,344375,344375,164952,179423,344375,4,0,0,0,ok (<0.05%),ok (<0.05%),ok (<0.05%)
2008,PA,07,209955,142362,352317,352317,209955,142362,352317,3,0,0,0,ok (<0.05%),ok (<0.05%),ok (<0.05%)
2008,PA,08,197869,145103,348515,348515,197869,145103,348515,3,0,0,0,ok (<0.05%),ok (<0.05%),ok (<0.05%)
2008,PA,09,98735,174951,273686,273686,98735,174951,273686,15,0,0,0,ok (<0.05%),ok (<0.05%),ok (<0.05%)
2008,PA,10,160837,124681,285518,285518,160837,124681,285518,14,0,0,0,ok (<0.05%),ok (<0.05%),ok (<0.05%)
2008,PA,11,146379,137151,283530,283530,146379,137151,283530,5,0,0,0,ok (<0.05%),ok (<0.05%),ok (<0.05%)
2008,PA,12,155268,0,268388,268388,155268,113120,268388,9,0,113120,0,ok (<0.05%),BAD (>=2%),ok (<0.05%)
2008,PA,13,196868,108271,313513,313513,196868,108271,313513,2,0,0,0,ok (<0.05%),ok (<0.05%),ok (<0.05%)
2008,PA,14,242326,0,265540,265540,242326,0,265540,1,0,0,0,ok (<0.05%),ok (<0.05%),ok (<0.05%)
2008,PA,15,128333,181433,309766,309766,128333,181433,309766,4,0,0,0,ok (<0.05%),ok (<0.05%),ok (<0.05%)
2008,PA,16,120193,170329,305167,305167,120193,170329,305167,3,0,0,0,ok (<0.05%),ok (<0.05%),ok (<0.05%)
2008,PA,17,192699,109909,302608,302608,192699,109909,302608,5,0,0,0,ok (<0.05%),ok (<0.05%),ok (<0.05%)
2008,PA,18,119661,213349,333010,333010,119661,213349,333010,4,0,0,0,ok (<0.05%),ok (<0.05%),ok (<0.05%)
2008,PA,19,109533,218862,328395,328395,109533,218862,328395,3,0,0,0,ok (<0.05%),ok (<0.05%),ok (<0.05%)
2008,PR,00,0,0,1904406,1908125,NA,NA,NA,NA,NA,NA,NA,MISSING,MISSING,MISSING
2008,RI,01,145254,51340,211784,211998,145254,51340,211702,3,0,0,-0.0013962395871659167,ok (<0.05%),ok (<0.05%),small (<0.5%)
2008,RI,02,158416,67433,225927,226234,158416,67433,225849,3,0,0,-0.0017017778052812575,ok (<0.05%),ok (<0.05%),small (<0.5%)
2008,SC,01,163724,177540,341264,341879,163724,177540,341879,5,0,0,0,ok (<0.05%),ok (<0.05%),ok (<0.05%)
2008,SC,02,158627,184583,343210,343486,158627,184583,343486,10,0,0,0,ok (<0.05%),ok (<0.05%),ok (<0.05%)
2008,SC,03,101724,186799,288523,288741,101724,186799,288741,10,0,0,0,ok (<0.05%),ok (<0.05%),ok (<0.05%)
2008,SC,04,113291,184440,305063,306928,113291,184440,306928,4,0,0,0,ok (<0.05%),ok (<0.05%),ok (<0.05%)
2008,SC,05,188785,113282,306160,306285,188785,113282,306285,14,0,0,0,ok (<0.05%),ok (<0.05%),ok (<0.05%)
2008,SC,06,193378,93059,286437,286571,193378,93059,286571,15,0,0,0,ok (<0.05%),ok (<0.05%),ok (<0.05%)
2008,SD,00,256041,122966,379007,379007,256041,122966,379007,66,0,0,0,ok (<0.05%),ok (<0.05%),ok (<0.05%)
2008,TN,01,57525,168343,234381,234381,57525,168343,234381,12,0,0,0,ok (<0.05%),ok (<0.05%),ok (<0.05%)
2008,TN,02,63639,227120,290759,290759,63639,227120,290759,6,0,0,0,ok (<0.05%),ok (<0.05%),ok (<0.05%)
2008,TN,03,73059,184964,266628,266628,73059,184964,266628,11,0,0,0,ok (<0.05%),ok (<0.05%),ok (<0.05%)
2008,TN,04,146776,94447,249805,249805,146776,94447,249805,24,0,0,0,ok (<0.05%),ok (<0.05%),ok (<0.05%)
2008,TN,05,181467,85471,275602,275602,181467,85471,275602,3,0,0,0,ok (<0.05%),ok (<0.05%),ok (<0.05%)
2008,TN,06,194264,0,261028,261028,194264,0,261028,15,0,0,0,ok (<0.05%),ok (<0.05%),ok (<0.05%)
2008,TN,07,99549,217332,316881,316881,99549,217332,316881,15,0,0,0,ok (<0.05%),ok (<0.05%),ok (<0.05%)
2008,TN,08,180465,0,180519,180519,180465,0,180519,19,0,0,0,ok (<0.05%),ok (<0.05%),ok (<0.05%)
2008,TN,09,198798,0,226282,226282,198798,0,226282,1,0,0,0,ok (<0.05%),ok (<0.05%),ok (<0.05%)
2008,TX,01,0,189012,215826,215826,0,189012,215826,13,0,0,0,ok (<0.05%),ok (<0.05%),ok (<0.05%)
2008,TX,02,0,175101,196914,196914,0,175101,196914,3,0,0,0,ok (<0.05%),ok (<0.05%),ok (<0.05%)
2008,TX,03,108693,170742,285783,285783,108693,170742,285783,2,0,0,0,ok (<0.05%),ok (<0.05%),ok (<0.05%)
2008,TX,04,88067,206906,300744,300744,88067,206906,300744,16,0,0,0,ok (<0.05%),ok (<0.05%),ok (<0.05%)
2008,TX,05,0,162894,194861,194861,0,162894,194861,7,0,0,0,ok (<0.05%),ok (<0.05%),ok (<0.05%)
2008,TX,06,99919,174008,280582,280582,99919,174008,280582,8,0,0,0,ok (<0.05%),ok (<0.05%),ok (<0.05%)
2008,TX,07,123242,162635,290934,290934,123242,162635,290934,1,0,0,0,ok (<0.05%),ok (<0.05%),ok (<0.05%)
2008,TX,08,70758,207128,285451,285451,70758,207128,285451,11,0,0,0,ok (<0.05%),ok (<0.05%),ok (<0.05%)
2008,TX,09,143868,0,153628,153628,143868,0,153628,2,0,0,0,ok (<0.05%),ok (<0.05%),ok (<0.05%)
2008,TX,10,143719,179493,333083,333083,143719,179493,333083,8,0,0,0,ok (<0.05%),ok (<0.05%),ok (<0.05%)
2008,TX,11,0,189625,214676,214676,0,189625,214676,36,0,0,0,ok (<0.05%),ok (<0.05%),ok (<0.05%)
2008,TX,12,82250,181662,268754,268754,82250,181662,268754,3,0,0,0,ok (<0.05%),ok (<0.05%),ok (<0.05%)
2008,TX,13,51841,180078,231919,231919,51841,180078,231919,44,0,0,0,ok (<0.05%),ok (<0.05%),ok (<0.05%)
2008,TX,14,0,191293,191293,191293,0,191293,191293,10,0,0,0,ok (<0.05%),ok (<0.05%),ok (<0.05%)
2008,TX,15,107578,52303,163708,163708,107578,52303,163708,12,0,0,0,ok (<0.05%),ok (<0.05%),ok (<0.05%)
2008,TX,16,130375,0,158723,158723,130375,0,158723,1,0,0,0,ok (<0.05%),ok (<0.05%),ok (<0.05%)
2008,TX,17,134592,115581,254022,254022,134592,115581,254022,12,0,0,0,ok (<0.05%),ok (<0.05%),ok (<0.05%)
2008,TX,18,148617,39095,192198,192198,148617,39095,192198,1,0,0,0,ok (<0.05%),ok (<0.05%),ok (<0.05%)
2008,TX,19,58030,168501,232611,232611,58030,168501,232611,27,0,0,0,ok (<0.05%),ok (<0.05%),ok (<0.05%)
2008,TX,20,127298,44585,177055,177055,127298,44585,177055,1,0,0,0,ok (<0.05%),ok (<0.05%),ok (<0.05%)
2008,TX,21,0,243471,304350,304350,0,243471,304350,8,0,0,0,ok (<0.05%),ok (<0.05%),ok (<0.05%)
2008,TX,22,140160,161996,308995,308995,140160,161996,308995,4,0,0,0,ok (<0.05%),ok (<0.05%),ok (<0.05%)
2008,TX,23,134090,100799,240470,240470,134090,100799,240470,20,0,0,0,ok (<0.05%),ok (<0.05%),ok (<0.05%)
2008,TX,24,111089,151434,270495,270495,111089,151434,270495,3,0,0,0,ok (<0.05%),ok (<0.05%),ok (<0.05%)
2008,TX,25,191755,88693,291296,291296,191755,88693,291296,8,0,0,0,ok (<0.05%),ok (<0.05%),ok (<0.05%)
2008,TX,26,118167,195181,324376,324376,118167,195181,324376,4,0,0,0,ok (<0.05%),ok (<0.05%),ok (<0.05%)
2008,TX,27,104864,69458,180951,180951,104864,69458,180951,6,0,0,0,ok (<0.05%),ok (<0.05%),ok (<0.05%)
2008,TX,28,123494,52524,179740,179740,123494,52524,179740,12,0,0,0,ok (<0.05%),ok (<0.05%),ok (<0.05%)
2008,TX,29,79718,25512,106794,106794,79718,25512,106794,1,0,0,0,ok (<0.05%),ok (<0.05%),ok (<0.05%)
2008,TX,30,168249,32361,203976,203976,168249,32361,203976,1,0,0,0,ok (<0.05%),ok (<0.05%),ok (<0.05%)
2008,TX,31,106559,175563,291304,291304,106559,175563,291304,8,0,0,0,ok (<0.05%),ok (<0.05%),ok (<0.05%)
2008,TX,32,82406,116283,203110,203110,82406,116283,203110,1,0,0,0,ok (<0.05%),ok (<0.05%),ok (<0.05%)
2008,UT,01,92469,196799,303445,303445,92469,196799,303445,10,0,0,0,ok (<0.05%),ok (<0.05%),ok (<0.05%)
2008,UT,02,220666,120083,348325,348325,220666,120083,348325,16,0,0,0,ok (<0.05%),ok (<0.05%),ok (<0.05%)
2008,UT,03,80626,187035,285069,285069,80626,187035,285069,7,0,0,0,ok (<0.05%),ok (<0.05%),ok (<0.05%)
2008,VA,01,150432,203839,359536,360292,150432,203839,360292,23,0,0,0,ok (<0.05%),ok (<0.05%),ok (<0.05%)
2008,VA,02,141857,128486,270343,270711,141857,128486,270711,5,0,0,0,ok (<0.05%),ok (<0.05%),ok (<0.05%)
2008,VA,03,239911,0,239911,247288,239911,0,247288,10,0,0,0,ok (<0.05%),ok (<0.05%),ok (<0.05%)
2008,VA,04,135041,199075,334116,334521,135041,199075,334521,18,0,0,0,ok (<0.05%),ok (<0.05%),ok (<0.05%)
2008,VA,05,158810,158083,316893,317076,158810,158083,317076,22,0,0,0,ok (<0.05%),ok (<0.05%),ok (<0.05%)
2008,VA,06,114367,192350,312130,312392,114367,192350,312392,20,0,0,0,ok (<0.05%),ok (<0.05%),ok (<0.05%)
2008,VA,07,138123,233531,371654,372337,138123,233531,372337,13,0,0,0,ok (<0.05%),ok (<0.05%),ok (<0.05%)
2008,VA,08,222986,97425,327240,328197,222986,97425,328197,4,0,0,0,ok (<0.05%),ok (<0.05%),ok (<0.05%)
2008,VA,09,207306,0,207306,213570,207306,0,213570,27,0,0,0,ok (<0.05%),ok (<0.05%),ok (<0.05%)
2008,VA,10,147357,223140,378954,379480,147357,223140,379480,10,0,0,0,ok (<0.05%),ok (<0.05%),ok (<0.05%)
2008,VA,11,196598,154758,358627,359491,196598,154758,359491,3,0,0,0,ok (<0.05%),ok (<0.05%),ok (<0.05%)
2008,VI,00,28153,0,28153,28222,NA,NA,NA,NA,NA,NA,NA,MISSING,MISSING,MISSING
2008,VT,00,248203,0,295599,298151,248203,0,298151,14,0,0,0,ok (<0.05%),ok (<0.05%),ok (<0.05%)
2008,WA,01,233780,0,345020,345020,NA,NA,NA,NA,NA,NA,NA,MISSING,MISSING,MISSING
2008,WA,02,217416,131051,348467,348467,NA,NA,NA,NA,NA,NA,NA,MISSING,MISSING,MISSING
2008,WA,03,216701,121828,338529,338529,NA,NA,NA,NA,NA,NA,NA,MISSING,MISSING,MISSING
2008,WA,04,99430,169940,269370,269370,NA,NA,NA,NA,NA,NA,NA,MISSING,MISSING,MISSING
2008,WA,05,112382,211305,323687,323687,NA,NA,NA,NA,NA,NA,NA,MISSING,MISSING,MISSING
2008,WA,06,205991,102081,308072,308072,NA,NA,NA,NA,NA,NA,NA,MISSING,MISSING,MISSING
2008,WA,07,291963,57054,349017,349017,NA,NA,NA,NA,NA,NA,NA,MISSING,MISSING,MISSING
2008,WA,08,171358,191568,362926,362926,NA,NA,NA,NA,NA,NA,NA,MISSING,MISSING,MISSING
2008,WA,09,176295,93080,269375,269375,NA,NA,NA,NA,NA,NA,NA,MISSING,MISSING,MISSING
2008,WI,01,125268,231009,360883,361107,125268,231009,361107,6,0,0,0,ok (<0.05%),ok (<0.05%),ok (<0.05%)
2008,WI,02,277914,122513,400427,400841,277914,122513,400841,7,0,0,0,ok (<0.05%),ok (<0.05%),ok (<0.05%)
2008,WI,03,225208,122760,356204,356400,225208,122760,356400,19,0,0,0,ok (<0.05%),ok (<0.05%),ok (<0.05%)
2008,WI,04,222728,0,252010,254179,222728,0,254179,1,0,0,0,ok (<0.05%),ok (<0.05%),ok (<0.05%)
2008,WI,05,0,275271,344986,345899,0,275271,345899,5,0,0,0,ok (<0.05%),ok (<0.05%),ok (<0.05%)
2008,WI,06,126090,221875,347965,348264,126090,221875,348264,12,0,0,0,ok (<0.05%),ok (<0.05%),ok (<0.05%)
2008,WI,07,212666,136938,349604,349837,212666,136938,349837,20,0,0,0,ok (<0.05%),ok (<0.05%),ok (<0.05%)
2008,WI,08,193662,164621,358283,358647,193662,164621,358647,15,0,0,0,ok (<0.05%),ok (<0.05%),ok (<0.05%)
2008,WV,01,187734,0,187864,187864,187734,0,187864,20,0,0,0,ok (<0.05%),ok (<0.05%),ok (<0.05%)
2008,WV,02,110819,147334,258169,258169,110819,147334,258169,18,0,0,0,ok (<0.05%),ok (<0.05%),ok (<0.05%)
2008,WV,03,133522,66005,199527,199527,133522,66005,199527,17,0,0,0,ok (<0.05%),ok (<0.05%),ok (<0.05%)
2008,WY,00,106758,131244,249032,249395,106758,131244,249395,23,0,0,0,ok (<0.05%),ok (<0.05%),ok (<0.05%)
2010,AL,01,0,129063,155420,156281,0,129063,156281,6,0,0,0,ok (<0.05%),ok (<0.05%),ok (<0.05%)
2010,AL,02,106865,111645,218510,219028,106865.16236,111645,219028.16236,16,1.519300051486282e-6,0,7.412750880596526e-7,ok (<0.05%),ok (<0.05%),ok (<0.05%)
2010,AL,03,80204,117736,197940,198139,80204,117736,198139,13,0,0,0,ok (<0.05%),ok (<0.05%),ok (<0.05%)
2010,AL,04,0,167714,167714,169721,0,167714,169721,14,0,0,0,ok (<0.05%),ok (<0.05%),ok (<0.05%)
2010,AL,05,95192,131109,226301,226490,95192,131109,226490,7,0,0,0,ok (<0.05%),ok (<0.05%),ok (<0.05%)
2010,AL,06,0,205288,205288,209364,0,205288,209364,7,0,0,0,ok (<0.05%),ok (<0.05%),ok (<0.05%)
2010,AL,07,136696,51890,188586,188724,136696,51890,188724,12,0,0,0,ok (<0.05%),ok (<0.05%),ok (<0.05%)
2010,AR,01,78267,93224,180007,180016,78267,93224,180016,26,0,0,0,ok (<0.05%),ok (<0.05%),ok (<0.05%)
2010,AR,02,80687,122091,210812,210852,80687,122091,210852,8,0,0,0,ok (<0.05%),ok (<0.05%),ok (<0.05%)
2010,AR,03,56542,148581,205123,205123,56542,148581,205123,12,0,0,0,ok (<0.05%),ok (<0.05%),ok (<0.05%)
2010,AR,04,102479,71526,178134,178134,102479,71526,178134,29,0,0,0,ok (<0.05%),ok (<0.05%),ok (<0.05%)
2010,AS,00,6182,4422,10960,10960,NA,NA,NA,NA,NA,NA,NA,MISSING,MISSING,MISSING
2010,AZ,01,99233,112816,226918,226918,99233,112816,226918,8,0,0,0,ok (<0.05%),ok (<0.05%),ok (<0.05%)
2010,AZ,02,82891,173173,266894,266894,82891,173173,266894,6,0,0,0,ok (<0.05%),ok (<0.05%),ok (<0.05%)
2010,AZ,03,85610,108689,208071,208071,85610,108689,208071,1,0,0,0,ok (<0.05%),ok (<0.05%),ok (<0.05%)
2010,AZ,04,61524,25300,91907,91907,61524,25300,91907,1,0,0,0,ok (<0.05%),ok (<0.05%),ok (<0.05%)
2010,AZ,05,91749,110374,212250,212250,91749,110374,212250,1,0,0,0,ok (<0.05%),ok (<0.05%),ok (<0.05%)
2010,AZ,06,72615,165649,249383,249383,72615,165649,249383,2,0,0,0,ok (<0.05%),ok (<0.05%),ok (<0.05%)
2010,AZ,07,79935,70385,159144,159144,79935,70385,163650,10,0,0,0.028313979791886594,ok (<0.05%),ok (<0.05%),BAD (>=2%)
2010,AZ,08,138280,134124,283578,283578,138280,134124,283578,4,0,0,0,ok (<0.05%),ok (<0.05%),ok (<0.05%)
2010,CA,01,147307,72803,234592,234592,147307,72803,234592,7,0,0,0,ok (<0.05%),ok (<0.05%),ok (<0.05%)
2010,CA,02,98092,130837,228940,228940,98092,130837,228940,10,0,0,0,ok (<0.05%),ok (<0.05%),ok (<0.05%)
2010,CA,03,113128,131169,261938,261938,113128,131169,261938,5,0,0,0,ok (<0.05%),ok (<0.05%),ok (<0.05%)
2010,CA,04,95653,186397,304229,304229,95653,186397,304229,9,0,0,0,ok (<0.05%),ok (<0.05%),ok (<0.05%)
2010,CA,05,124220,43577,172410,172410,124220,43596,172410,1,0,4.360098216949308e-4,0,ok (<0.05%),ok (<0.05%),ok (<0.05%)
2010,CA,06,172216,77361,261152,261152,172216,77361,261152,2,0,0,0,ok (<0.05%),ok (<0.05%),ok (<0.05%)
2010,CA,07,122118,56798,178916,178916,122118,56798,178916,2,0,0,0,ok (<0.05%),ok (<0.05%),ok (<0.05%)
2010,CA,08,167957,31771,209756,209756,167957,31711,209696,1,0,-0.001888514683201662,-2.86046644672858e-4,ok (<0.05%),small (<0.5%),ok (<0.05%)
2010,CA,09,180400,23054,214085,214085,180400,23054,214085,1,0,0,0,ok (<0.05%),ok (<0.05%),ok (<0.05%)
2010,CA,10,137578,88512,233806,233806,137578,88512,233806,4,0,0,0,ok (<0.05%),ok (<0.05%),ok (<0.05%)
2010,CA,11,115361,112703,240503,240503,115361,112703,240503,4,0,0,0,ok (<0.05%),ok (<0.05%),ok (<0.05%)
2010,CA,12,152044,44475,201162,201162,152044,44475,201162,2,0,0,0,ok (<0.05%),ok (<0.05%),ok (<0.05%)
2010,CA,13,118278,45575,164378,164378,118278,45575,164378,1,0,0,0,ok (<0.05%),ok (<0.05%),ok (<0.05%)
2010,CA,14,151217,60917,218869,218869,151217,60917,218869,3,0,0,0,ok (<0.05%),ok (<0.05%),ok (<0.05%)
2010,CA,15,126147,60468,186615,186615,126147,60468,186615,1,0,0,0,ok (<0.05%),ok (<0.05%),ok (<0.05%)
2010,CA,16,105841,0,156058,156058,105841,37913,156058,1,0,37913,0,ok (<0.05%),BAD (>=2%),ok (<0.05%)
2010,CA,17,118734,53176,178139,178139,118734,53176,178139,3,0,0,0,ok (<0.05%),ok (<0.05%),ok (<0.05%)
2010,CA,18,72853,51716,124569,124569,72853,51716,124569,5,0,0,0,ok (<0.05%),ok (<0.05%),ok (<0.05%)
2010,CA,19,70508,128394,198902,198902,70508,128394,198902,5,0,0,0,ok (<0.05%),ok (<0.05%),ok (<0.05%)
2010,CA,20,46247,43197,89444,89444,46247,43197,89444,3,0,0,0,ok (<0.05%),ok (<0.05%),ok (<0.05%)
2010,CA,21,0,135979,135979,135979,0,135979,135979,2,0,0,0,ok (<0.05%),ok (<0.05%),ok (<0.05%)
2010,CA,22,0,173490,175663,175663,0,173490,175663,3,0,0,0,ok (<0.05%),ok (<0.05%),ok (<0.05%)
2010,CA,23,111768,72744,193463,193463,111768,72744,193463,3,0,0,0,ok (<0.05%),ok (<0.05%),ok (<0.05%)
2010,CA,24,96279,144055,240334,240334,96279,144055,240334,2,0,0,0,ok (<0.05%),ok (<0.05%),ok (<0.05%)
2010,CA,25,73028,118308,191336,191336,73028,118308,191336,4,0,0,0,ok (<0.05%),ok (<0.05%),ok (<0.05%)
2010,CA,26,76093,112774,208347,208347,76093,112774,208347,2,0,0,0,ok (<0.05%),ok (<0.05%),ok (<0.05%)
2010,CA,27,102927,55056,157983,157983,102927,55056,157983,1,0,0,0,ok (<0.05%),ok (<0.05%),ok (<0.05%)
2010,CA,28,88385,28493,127107,127107,88385,28493,127107,1,0,0,0,ok (<0.05%),ok (<0.05%),ok (<0.05%)
2010,CA,29,104374,51534,161126,161126,104374,51534,161126,1,0,0,0,ok (<0.05%),ok (<0.05%),ok (<0.05%)
2010,CA,30,153663,75948,237747,237747,153663,75948,237747,1,0,0,0,ok (<0.05%),ok (<0.05%),ok (<0.05%)
2010,CA,31,76366,14740,91106,91106,76366,14740,91106,1,0,0,0,ok (<0.05%),ok (<0.05%),ok (<0.05%)
2010,CA,32,77759,31697,109456,109456,77759,31697,109456,1,0,0,0,ok (<0.05%),ok (<0.05%),ok (<0.05%)
2010,CA,33,131990,21342,153333,153333,131991,21342,153333,1,7.576331540268202e-6,0,0,ok (<0.05%),ok (<0.05%),ok (<0.05%)
2010,CA,34,69382,20457,89839,89839,69382,20457,89839,1,0,0,0,ok (<0.05%),ok (<0.05%),ok (<0.05%)
2010,CA,35,98131,25561,123694,123694,98133,25561,123694,1,2.0380919383273378e-5,0,0,ok (<0.05%),ok (<0.05%),ok (<0.05%)
2010,CA,36,114489,66706,192035,192035,114489,66706,192035,1,0,0,0,ok (<0.05%),ok (<0.05%),ok (<0.05%)
2010,CA,37,85799,29159,125518,125518,85799,29159,125518,1,0,0,0,ok (<0.05%),ok (<0.05%),ok (<0.05%)
2010,CA,38,85459,30883,116342,116342,85459,30883,116342,1,0,0,0,ok (<0.05%),ok (<0.05%),ok (<0.05%)
2010,CA,39,81590,42037,128961,128961,81590,42037,128961,1,0,0,0,ok (<0.05%),ok (<0.05%),ok (<0.05%)
2010,CA,40,59400,119455,178855,178855,59400,119455,178855,1,0,0,0,ok (<0.05%),ok (<0.05%),ok (<0.05%)
2010,CA,41,74394,127857,202286,202286,74394,127857,202286,2,0,0,0,ok (<0.05%),ok (<0.05%),ok (<0.05%)
2010,CA,42,65122,127161,204398,204398,65122,127161,204398,3,0,0,0,ok (<0.05%),ok (<0.05%),ok (<0.05%)
2010,CA,43,70026,36890,106916,106916,70026,36890,106916,1,0,0,0,ok (<0.05%),ok (<0.05%),ok (<0.05%)
2010,CA,44,85784,107482,193266,193266,85784,107482,193266,2,0,0,0,ok (<0.05%),ok (<0.05%),ok (<0.05%)
2010,CA,45,87141,106472,206801,206801,87141,106472,206801,1,0,0,0,ok (<0.05%),ok (<0.05%),ok (<0.05%)
2010,CA,46,84960,139822,224782,224782,84960,139822,224782,2,0,0,0,ok (<0.05%),ok (<0.05%),ok (<0.05%)
2010,CA,47,50832,37679,95954,95954,50832,37679,95954,1,0,0,0,ok (<0.05%),ok (<0.05%),ok (<0.05%)
2010,CA,48,88465,145481,242719,242719,88465,145481,242719,1,0,0,0,ok (<0.05%),ok (<0.05%),ok (<0.05%)
2010,CA,49,59714,119088,189677,189677,59714,119088,189677,2,0,0,0,ok (<0.05%),ok (<0.05%),ok (<0.05%)
2010,CA,50,97818,142247,251081,251081,97818,142247,251081,1,0,0,0,ok (<0.05%),ok (<0.05%),ok (<0.05%)
2010,CA,51,86423,57488,143916,143916,86423,57488,143916,2,0,0,0,ok (<0.05%),ok (<0.05%),ok (<0.05%)
2010,CA,52,70870,139460,221062,221062,70870,139460,221062,1,0,0,0,ok (<0.05%),ok (<0.05%),ok (<0.05%)
2010,CA,53,104800,57230,168328,168328,104800,57230,168328,1,0,0,0,ok (<0.05%),ok (<0.05%),ok (<0.05%)
2010,CO,01,140073,59747,207751,207751,140073,59747,207751,3,0,0,0,ok (<0.05%),ok (<0.05%),ok (<0.05%)
2010,CO,02,148768,98194,259116,259116,148775,98194,259116,10,4.705312970531297e-5,0,0,ok (<0.05%),ok (<0.05%),ok (<0.05%)
2010,CO,03,121114,131227,263138,263138,121114,131227,263138,29,0,0,0,ok (<0.05%),ok (<0.05%),ok (<0.05%)
2010,CO,04,109249,138634,264181,264181,109249,138634,264181,18,0,0,0,ok (<0.05%),ok (<0.05%),ok (<0.05%)
2010,CO,05,68039,152829,232434,232434,68039,152829,232434,6,0,0,0,ok (<0.05%),ok (<0.05%),ok (<0.05%)
2010,CO,06,104159,217400,331037,331037,104159,217400,331037,5,0,0,0,ok (<0.05%),ok (<0.05%),ok (<0.05%)
2010,CO,07,112667,88026,210810,210810,112667,88026,210810,3,0,0,0,ok (<0.05%),ok (<0.05%),ok (<0.05%)
2010,CT,01,138440,84076,226038,226038,138440,84076,226035,3,0,0,-1.3272104690361797e-5,ok (<0.05%),ok (<0.05%),ok (<0.05%)
2010,CT,02,147748,95671,246809,246809,147748,95671,246763,6,0,0,-1.86378940800376e-4,ok (<0.05%),ok (<0.05%),ok (<0.05%)
2010,CT,03,143565,74107,220661,220661,143565,74107,220656,3,0,0,-2.265919215448131e-5,ok (<0.05%),ok (<0.05%),ok (<0.05%)
2010,CT,04,115351,102030,217391,217391,115351,102030,217381,2,0,0,-4.600006440009016e-5,ok (<0.05%),ok (<0.05%),ok (<0.05%)
2010,CT,05,122879,104402,227303,227303,122879,104402,227281,4,0,0,-9.67871079572201e-5,ok (<0.05%),ok (<0.05%),ok (<0.05%)
2010,DE,00,173543,125442,305636,305636,174504,125442,305636,3,0.005537532484744415,0,0,check (0.5-2%),ok (<0.05%),ok (<0.05%)
2010,FL,01,0,170821,213526,213526,0,170821,213526,6,0,0,0,ok (<0.05%),ok (<0.05%),ok (<0.05%)
2010,FL,02,105211,136371,254438,254438,105211,136371,254438,16,0,0,0,ok (<0.05%),ok (<0.05%),ok (<0.05%)
2010,FL,03,94744,50932,150301,150301,94744,50932,150301,9,0,0,0,ok (<0.05%),ok (<0.05%),ok (<0.05%)
2010,FL,04,0,178238,230845,230845,0,178238,230845,9,0,0,0,ok (<0.05%),ok (<0.05%),ok (<0.05%)
2010,FL,05,100858,208815,309673,309673,100858,208815,309673,8,0,0,0,ok (<0.05%),ok (<0.05%),ok (<0.05%)
2010,FL,06,0,179349,250981,250981,0,179349,250981,8,0,0,0,ok (<0.05%),ok (<0.05%),ok (<0.05%)
2010,FL,07,83206,185470,268676,268676,83206,185470,268676,6,0,0,0,ok (<0.05%),ok (<0.05%),ok (<0.05%)
2010,FL,08,84167,123586,220244,220244,84167,123586,220244,4,0,0,0,ok (<0.05%),ok (<0.05%),ok (<0.05%)
2010,FL,09,66158,165433,231591,231591,66158,165433,231591,3,0,0,0,ok (<0.05%),ok (<0.05%),ok (<0.05%)
2010,FL,10,71313,137943,209256,209256,71313,137943,209256,1,0,0,0,ok (<0.05%),ok (<0.05%),ok (<0.05%)
2010,FL,11,91328,61817,153145,153145,91328,61817,153145,3,0,0,0,ok (<0.05%),ok (<0.05%),ok (<0.05%)
2010,FL,12,87769,102704,213330,213330,87769,102704,213330,3,0,0,0,ok (<0.05%),ok (<0.05%),ok (<0.05%)
2010,FL,13,83123,183811,266934,266934,83123,183811,266934,5,0,0,0,ok (<0.05%),ok (<0.05%),ok (<0.05%)
2010,FL,14,74525,188341,274691,274691,74525,188341,274691,3,0,0,0,ok (<0.05%),ok (<0.05%),ok (<0.05%)
2010,FL,15,85595,157079,242674,242674,85595,157079,242674,4,0,0,0,ok (<0.05%),ok (<0.05%),ok (<0.05%)
2010,FL,16,80327,162285,242763,242763,80327,162285,242763,8,0,0,0,ok (<0.05%),ok (<0.05%),ok (<0.05%)
2010,FL,17,106361,0,123370,123370,106361,0,123370,2,0,0,0,ok (<0.05%),ok (<0.05%),ok (<0.05%)
2010,FL,18,46235,102360,148595,148595,46235,102360,148595,2,0,0,0,ok (<0.05%),ok (<0.05%),ok (<0.05%)
2010,FL,19,132098,78733,211059,211059,132098,78733,211059,2,0,0,0,ok (<0.05%),ok (<0.05%),ok (<0.05%)
2010,FL,20,100787,63845,167570,167570,100787,63845,167570,2,0,0,0,ok (<0.05%),ok (<0.05%),ok (<0.05%)
2010,FL,22,99804,118890,218694,218694,99804,118890,218694,2,0,0,0,ok (<0.05%),ok (<0.05%),ok (<0.05%)
2010,FL,23,100066,26414,126480,126480,100066,26414,126480,5,0,0,0,ok (<0.05%),ok (<0.05%),ok (<0.05%)
2010,FL,24,98787,146129,245031,245031,98787,146129,245031,4,0,0,0,ok (<0.05%),ok (<0.05%),ok (<0.05%)
2010,FL,25,61138,74859,143553,143553,61138,74859,143553,3,0,0,0,ok (<0.05%),ok (<0.05%),ok (<0.05%)
2010,GA,01,46449,117270,163719,163719,46449,117270,163719,25,0,0,0,ok (<0.05%),ok (<0.05%),ok (<0.05%)
2010,GA,02,86520,81673,168193,168193,86520,81673,168193,32,0,0,0,ok (<0.05%),ok (<0.05%),ok (<0.05%)
2010,GA,03,73932,168304,242239,242239,73932,168304,242239,15,0,0,0,ok (<0.05%),ok (<0.05%),ok (<0.05%)
2010,GA,04,131760,44707,176467,176467,131760,44707,176467,3,0,0,0,ok (<0.05%),ok (<0.05%),ok (<0.05%)
2010,GA,05,130782,46622,177404,177404,130782,46622,177404,3,0,0,0,ok (<0.05%),ok (<0.05%),ok (<0.05%)
2010,GA,06,0,198100,198288,198288,0,198100,198288,4,0,0,0,ok (<0.05%),ok (<0.05%),ok (<0.05%)
2010,GA,07,78996,160898,239894,239894,78996,160898,239894,5,0,0,0,ok (<0.05%),ok (<0.05%),ok (<0.05%)
2010,GA,08,92250,102770,195020,195020,92250,102770,195020,21,0,0,0,ok (<0.05%),ok (<0.05%),ok (<0.05%)
2010,GA,09,0,173512,173512,173512,0,173512,173512,15,0,0,0,ok (<0.05%),ok (<0.05%),ok (<0.05%)
2010,GA,10,66905,138062,204967,204967,66905,138062,204967,21,0,0,0,ok (<0.05%),ok (<0.05%),ok (<0.05%)
2010,GA,11,0,163515,163515,163515,0,163515,163515,9,0,0,0,ok (<0.05%),ok (<0.05%),ok (<0.05%)
2010,GA,12,92459,70938,163397,163397,92459,70938,163397,22,0,0,0,ok (<0.05%),ok (<0.05%),ok (<0.05%)
2010,GA,13,140294,61771,202065,202065,140294,61771,202065,6,0,0,0,ok (<0.05%),ok (<0.05%),ok (<0.05%)
2010,GU,00,35919,0,35919,37421,NA,NA,NA,NA,NA,NA,NA,MISSING,MISSING,MISSING
2010,ID,01,102135,126231,247427,247427,102135,126231,247427,19,0,0,0,ok (<0.05%),ok (<0.05%),ok (<0.05%)
2010,ID,02,48749,137468,199717,199717,48749,137468,199717,26,0,0,0,ok (<0.05%),ok (<0.05%),ok (<0.05%)
2010,IL,01,148170,0,184386,184386,148170,29253,184386,1,0,29253,0,ok (<0.05%),BAD (>=2%),ok (<0.05%)
2010,IL,02,150666,25883,187113,187113,150666,25883,187113,2,0,0,0,ok (<0.05%),ok (<0.05%),ok (<0.05%)
2010,IL,03,116120,40479,166627,166627,116120,40479,166627,1,0,0,0,ok (<0.05%),ok (<0.05%),ok (<0.05%)
2010,IL,04,63273,11711,81792,81792,63273,11711,81792,1,0,0,0,ok (<0.05%),ok (<0.05%),ok (<0.05%)
2010,IL,05,108360,38935,153435,153435,108360,38935,153435,1,0,0,0,ok (<0.05%),ok (<0.05%),ok (<0.05%)
2010,IL,06,65379,114456,179835,179835,65379,114456,179835,2,0,0,0,ok (<0.05%),ok (<0.05%),ok (<0.05%)
2010,IL,07,149846,29575,183849,183849,149846,29575,183849,1,0,0,0,ok (<0.05%),ok (<0.05%),ok (<0.05%)
2010,IL,08,97825,98115,202435,202435,97825,98115,202435,3,0,0,0,ok (<0.05%),ok (<0.05%),ok (<0.05%)
2010,IL,09,117553,55182,177207,177207,117553,55182,177207,1,0,0,0,ok (<0.05%),ok (<0.05%),ok (<0.05%)
2010,IL,10,105290,109941,215232,215232,105290,109941,215232,2,0,0,0,ok (<0.05%),ok (<0.05%),ok (<0.05%)
2010,IL,11,96019,129108,225127,225127,96019,129108,225127,8,0,0,0,ok (<0.05%),ok (<0.05%),ok (<0.05%)
2010,IL,12,121272,74046,202705,202705,121272,74046,202705,11,0,0,0,ok (<0.05%),ok (<0.05%),ok (<0.05%)
2010,IL,13,86281,152132,238413,238413,86281,152132,238413,3,0,0,0,ok (<0.05%),ok (<0.05%),ok (<0.05%)
2010,IL,14,98645,112369,219013,219013,98645,112369,219013,8,0,0,0,ok (<0.05%),ok (<0.05%),ok (<0.05%)
2010,IL,15,75948,136915,212863,212863,75948,136915,212863,22,0,0,0,ok (<0.05%),ok (<0.05%),ok (<0.05%)
2010,IL,16,66037,138299,212761,212761,66037,138299,212761,9,0,0,0,ok (<0.05%),ok (<0.05%),ok (<0.05%)
2010,IL,17,85454,104583,198898,198898,85454,104583,198898,23,0,0,0,ok (<0.05%),ok (<0.05%),ok (<0.05%)
2010,IL,18,57046,152868,221170,221170,57046,152868,221170,20,0,0,0,ok (<0.05%),ok (<0.05%),ok (<0.05%)
2010,IL,19,67132,166166,233298,233298,67132,166166,233298,30,0,0,0,ok (<0.05%),ok (<0.05%),ok (<0.05%)
2010,IN,01,99387,65558,169707,169707,99387,65558,169707,5,0,0,0,ok (<0.05%),ok (<0.05%),ok (<0.05%)
2010,IN,02,91341,88803,189591,189591,91341,88803,189591,12,0,0,0,ok (<0.05%),ok (<0.05%),ok (<0.05%)
2010,IN,03,61267,116140,185049,185049,61267,116140,185049,8,0,0,0,ok (<0.05%),ok (<0.05%),ok (<0.05%)
2010,IN,04,53167,138732,202322,202322,53167,138732,202322,12,0,0,0,ok (<0.05%),ok (<0.05%),ok (<0.05%)
2010,IN,05,60024,146899,236407,236407,60024,146899,236407,11,0,0,0,ok (<0.05%),ok (<0.05%),ok (<0.05%)
2010,IN,06,56647,126027,189309,189309,56647,126027,189309,19,0,0,0,ok (<0.05%),ok (<0.05%),ok (<0.05%)
2010,IN,07,86011,55213,146039,146039,86011,55213,146039,1,0,0,0,ok (<0.05%),ok (<0.05%),ok (<0.05%)
2010,IN,08,76265,116759,203264,203264,76265,117259,203764,18,0,0.004282325131253265,0.0024598551637279595,ok (<0.05%),small (<0.5%),small (<0.5%)
2010,IN,09,95353,118040,225532,225532,95353,118040,225532,20,0,0,0,ok (<0.05%),ok (<0.05%),ok (<0.05%)
2010,KS,01,44068,142281,192886,192886,44068,142281,192886,69,0,0,0,ok (<0.05%),ok (<0.05%),ok (<0.05%)
2010,KS,02,66588,130034,205975,205975,66588,130034,205975,26,0,0,0,ok (<0.05%),ok (<0.05%),ok (<0.05%)
2010,KS,03,90193,136246,233285,233285,90193,136246,233285,3,0,0,0,ok (<0.05%),ok (<0.05%),ok (<0.05%)
2010,KS,04,74143,119575,203383,203383,74143,119575,203383,11,0,0,0,ok (<0.05%),ok (<0.05%),ok (<0.05%)
2010,KY,01,62090,153840,215930,215930,62090,153840,215930,34,0,0,0,ok (<0.05%),ok (<0.05%),ok (<0.05%)
2010,KY,02,73749,155906,229655,229655,73749,155906,229655,21,0,0,0,ok (<0.05%),ok (<0.05%),ok (<0.05%)
2010,KY,03,139940,112627,255930,255930,139940,112627,255930,1,0,0,0,ok (<0.05%),ok (<0.05%),ok (<0.05%)
2010,KY,04,66694,151813,218507,218507,66694,151813,218507,24,0,0,0,ok (<0.05%),ok (<0.05%),ok (<0.05%)
2010,KY,05,44034,151019,195053,195053,44034,151019,195053,29,0,0,0,ok (<0.05%),ok (<0.05%),ok (<0.05%)
2010,KY,06,119812,119164,239223,239223,119812,119164,239223,16,0,0,0,ok (<0.05%),ok (<0.05%),ok (<0.05%)
2010,LA,01,38416,157182,200176,200176,38416,157182,200176,6,0,0,0,ok (<0.05%),ok (<0.05%),ok (<0.05%)
2010,LA,02,83705,43378,129604,129604,83705,43378,129604,2,0,0,0,ok (<0.05%),ok (<0.05%),ok (<0.05%)
2010,LA,03,61914,108963,170877,170877,61914,108963,170877,13,0,0,0,ok (<0.05%),ok (<0.05%),ok (<0.05%)
2010,LA,04,54609,105223,168794,168794,54609,105223,168794,13,0,0,0,ok (<0.05%),ok (<0.05%),ok (<0.05%)
2010,LA,05,0,122033,155312,155312,0,122033,155312,22,0,0,0,ok (<0.05%),ok (<0.05%),ok (<0.05%)
2010,LA,06,72577,138607,211184,211184,72577,138607,211184,9,0,0,0,ok (<0.05%),ok (<0.05%),ok (<0.05%)
2010,MA,01,128011,74418,213309,213364,128011,74418,213364,6,0,0,0,ok (<0.05%),ok (<0.05%),ok (<0.05%)
2010,MA,02,122751,91209,213960,214124,122348,91175,213688,4,-0.0032830689770348104,-3.7277023100790494e-4,-0.002036203321439913,small (<0.5%),ok (<0.05%),small (<0.5%)
2010,MA,03,122708,85124,217220,217352,122708,85124,217352,4,0,0,0,ok (<0.05%),ok (<0.05%),ok (<0.05%)
2010,MA,04,126194,101517,234029,234127,126194,101517,234127,4,0,0,0,ok (<0.05%),ok (<0.05%),ok (<0.05%)
2010,MA,05,122858,94646,223882,224029,122858,94646,224029,3,0,0,0,ok (<0.05%),ok (<0.05%),ok (<0.05%)
2010,MA,06,142732,107930,250662,251081,142732,107930,251081,2,0,0,0,ok (<0.05%),ok (<0.05%),ok (<0.05%)
2010,MA,07,145696,73467,219163,219357,145696,73467,219357,2,0,0,0,ok (<0.05%),ok (<0.05%),ok (<0.05%)
2010,MA,08,134974,0,134974,137660,134974,0,137660,2,0,0,0,ok (<0.05%),ok (<0.05%),ok (<0.05%)
2010,MA,09,157071,59965,229608,229964,157071,59965,229964,4,0,0,0,ok (<0.05%),ok (<0.05%),ok (<0.05%)
2010,MA,10,132743,120029,283006,283197,132743,120029,283197,5,0,0,0,ok (<0.05%),ok (<0.05%),ok (<0.05%)
2010,MD,01,120400,155118,286570,286812,120400,155118,286812,12,0,0,0,ok (<0.05%),ok (<0.05%),ok (<0.05%)
2010,MD,02,134133,69523,208746,208904,134133,69523,208904,4,0,0,0,ok (<0.05%),ok (<0.05%),ok (<0.05%)
2010,MD,03,147448,86947,241241,241429,147448,86947,241429,4,0,0,0,ok (<0.05%),ok (<0.05%),ok (<0.05%)
2010,MD,04,160228,31467,191695,192020,160228,31467,192020,2,0,0,0,ok (<0.05%),ok (<0.05%),ok (<0.05%)
2010,MD,05,155110,83575,241263,241383,155110,83575,241383,5,0,0,0,ok (<0.05%),ok (<0.05%),ok (<0.05%)
2010,MD,06,80455,148820,241998,242189,80455,148820,242189,8,0,0,0,ok (<0.05%),ok (<0.05%),ok (<0.05%)
2010,MD,07,152669,46395,202933,203068,152669,46393,203057,3,0,-4.310809354456299e-5,-5.416904682175429e-5,ok (<0.05%),ok (<0.05%),ok (<0.05%)
2010,MD,08,153613,52421,209443,209667,153613,52421,209667,2,0,0,0,ok (<0.05%),ok (<0.05%),ok (<0.05%)
2010,ME,01,169114,128501,297657,297657,168867,128389,297298,6,-0.0014605532362784866,-8.715885479490432e-4,-0.0012060861998877902,small (<0.5%),small (<0.5%),small (<0.5%)
2010,ME,02,147042,119669,266711,266711,146902,119569,266471,11,-9.521089212605922e-4,-8.356383023172251e-4,-8.998503998710215e-4,small (<0.5%),small (<0.5%),small (<0.5%)
2010,MI,01,94824,120523,232037,232037,94824,120523,232037,31,0,0,0,ok (<0.05%),ok (<0.05%),ok (<0.05%)
2010,MI,02,72118,148864,228078,228078,72118,148864,228078,11,0,0,0,ok (<0.05%),ok (<0.05%),ok (<0.05%)
2010,MI,03,83953,133714,224063,224063,83953,133714,224063,3,0,0,0,ok (<0.05%),ok (<0.05%),ok (<0.05%)
2010,MI,04,68458,148531,224354,224354,68458,148531,224354,14,0,0,0,ok (<0.05%),ok (<0.05%),ok (<0.05%)
2010,MI,05,107286,89680,202263,202263,107286,89680,202263,4,0,0,0,ok (<0.05%),ok (<0.05%),ok (<0.05%)
2010,MI,06,66729,123142,198696,198696,66729,123142,198696,7,0,0,0,ok (<0.05%),ok (<0.05%),ok (<0.05%)
2010,MI,07,102402,113185,225669,225669,102402,113185,225669,7,0,0,0,ok (<0.05%),ok (<0.05%),ok (<0.05%)
2010,MI,08,0,156931,244894,244894,84069,156931,244894,5,84069,0,0,BAD (>=2%),ok (<0.05%),ok (<0.05%)
2010,MI,09,125730,119325,252650,252650,125730,119325,252650,1,0,0,0,ok (<0.05%),ok (<0.05%),ok (<0.05%)
2010,MI,10,58530,168364,233930,233930,58530,168364,233930,5,0,0,0,ok (<0.05%),ok (<0.05%),ok (<0.05%)
2010,MI,11,91710,141224,238287,238287,91710,141224,238287,2,0,0,0,ok (<0.05%),ok (<0.05%),ok (<0.05%)
2010,MI,12,124671,71372,204117,204117,124671,71372,204117,2,0,0,0,ok (<0.05%),ok (<0.05%),ok (<0.05%)
2010,MI,13,100885,23462,127076,127076,100885,23462,127076,1,0,0,0,ok (<0.05%),ok (<0.05%),ok (<0.05%)
2010,MI,14,115511,29902,150478,150478,115511,29902,150478,1,0,0,0,ok (<0.05%),ok (<0.05%),ok (<0.05%)
2010,MI,15,118336,83488,208309,208309,118336,83488,208309,3,0,0,0,ok (<0.05%),ok (<0.05%),ok (<0.05%)
2010,MN,01,122365,109242,247903,248005,122365,109242,248005,23,0,0,0,ok (<0.05%),ok (<0.05%),ok (<0.05%)
2010,MN,02,104809,181341,286150,286453,104809,181341,286453,7,0,0,0,ok (<0.05%),ok (<0.05%),ok (<0.05%)
2010,MN,03,100240,161177,273925,274092,100240,161177,274092,2,0,0,0,ok (<0.05%),ok (<0.05%),ok (<0.05%)
2010,MN,04,136746,80151,231143,231426,136746,80141,231426,3,0,-1.2476450699305062e-4,0,ok (<0.05%),ok (<0.05%),ok (<0.05%)
2010,MN,05,154833,55222,228517,228746,154833,55222,228746,3,0,0,0,ok (<0.05%),ok (<0.05%),ok (<0.05%)
2010,MN,06,120846,159476,303513,303691,120846,159476,303691,7,0,0,0,ok (<0.05%),ok (<0.05%),ok (<0.05%)
2010,MN,07,133096,90652,240904,241097,133096,90652,241097,35,0,0,0,ok (<0.05%),ok (<0.05%),ok (<0.05%)
2010,MN,08,129091,133490,276949,277081,129091,133490,277081,18,0,0,0,ok (<0.05%),ok (<0.05%),ok (<0.05%)
2010,MO,01,135907,43649,184779,184779,135907,43649,184779,2,0,0,0,ok (<0.05%),ok (<0.05%),ok (<0.05%)
2010,MO,02,77467,180481,265632,265632,77467,180481,265632,3,0,0,0,ok (<0.05%),ok (<0.05%),ok (<0.05%)
2010,MO,03,99398,94757,203085,203085,99398,94757,203085,4,0,0,0,ok (<0.05%),ok (<0.05%),ok (<0.05%)
2010,MO,04,101532,113489,225056,225056,101532,113489,225056,25,0,0,0,ok (<0.05%),ok (<0.05%),ok (<0.05%)
2010,MO,05,102076,84578,191423,191423,102076,84578,191423,3,0,0,0,ok (<0.05%),ok (<0.05%),ok (<0.05%)
2010,MO,06,67762,154103,221912,221912,67762,154103,221912,26,0,0,0,ok (<0.05%),ok (<0.05%),ok (<0.05%)
2010,MO,07,67545,141010,222431,222431,67545,141010,222431,10,0,0,0,ok (<0.05%),ok (<0.05%),ok (<0.05%)
2010,MO,08,56377,128499,195999,195999,56377,128499,188806,28,0,0,-0.03669916683248384,ok (<0.05%),ok (<0.05%),BAD (>=2%)
2010,MO,09,0,162724,210358,210358,0,162724,210358,25,0,0,0,ok (<0.05%),ok (<0.05%),ok (<0.05%)
2010,MP,00,1707,2049,11352,11352,NA,NA,NA,NA,NA,NA,NA,MISSING,MISSING,MISSING
2010,MS,01,89388,121074,219093,219093,89388,121074,219093,24,0,0,0,ok (<0.05%),ok (<0.05%),ok (<0.05%)
2010,MS,02,105327,64499,171356,171356,105327,64499,171356,23,0,0,0,ok (<0.05%),ok (<0.05%),ok (<0.05%)
2010,MS,03,60737,132393,194716,194716,60737,132393,194716,28,0,0,0,ok (<0.05%),ok (<0.05%),ok (<0.05%)
2010,MS,04,95243,105613,203384,203384,95243,105613,203384,15,0,0,0,ok (<0.05%),ok (<0.05%),ok (<0.05%)
2010,MT,00,121954,217696,360341,360341,121954,217696,360341,56,0,0,0,ok (<0.05%),ok (<0.05%),ok (<0.05%)
2010,NC,01,103294,70867,174161,174161,102236,70481,172717,23,-0.010242608476775031,-0.0054468229218112806,-0.008291178851752115,check (0.5-2%),check (0.5-2%),check (0.5-2%)
2010,NC,02,92393,93876,189774,189774,91548,93194,188205,10,-0.009145714502180902,-0.007264902637521838,-0.008267728982895444,check (0.5-2%),check (0.5-2%),check (0.5-2%)
2010,NC,03,51317,143225,199304,199304,50613,142009,197329,17,-0.013718650739521016,-0.008490137894920579,-0.009909485007827238,check (0.5-2%),check (0.5-2%),check (0.5-2%)
2010,NC,04,155384,116448,271832,271832,152501,115715,268216,4,-0.01855403387736189,-0.00629465512503435,-0.013302333794402425,check (0.5-2%),check (0.5-2%),check (0.5-2%)
2010,NC,05,72762,140525,213287,213287,72236,139606,211842,12,-0.007229048129518155,-0.006539761608254759,-0.006774908925532264,check (0.5-2%),check (0.5-2%),check (0.5-2%)
2010,NC,06,51507,156252,207759,207759,51519,157169,208688,6,2.329780418195585e-4,0.0058687248803215315,0.004471527105925616,ok (<0.05%),check (0.5-2%),small (<0.5%)
2010,NC,07,113957,98328,212285,212285,113012,97591,210603,10,-0.008292601595338593,-0.007495321780164348,-0.007923310643710107,check (0.5-2%),check (0.5-2%),check (0.5-2%)
2010,NC,08,88776,73129,167243,167442,88026,72624,166190,10,-0.008448229251148959,-0.0069056051634782374,-0.007477215991208896,check (0.5-2%),check (0.5-2%),check (0.5-2%)
2010,NC,09,71450,158790,230240,230240,71065,158162,229227,3,-0.005388383484954513,-0.003954908999307261,-0.004399756775538569,check (0.5-2%),small (<0.5%),small (<0.5%)
2010,NC,10,52972,130813,183785,183785,52797,130680,183477,10,-0.0033036321075285056,-0.0010167185218594482,-0.0016758712626166444,small (<0.5%),small (<0.5%),small (<0.5%)
2010,NC,11,131225,110246,241471,241471,129762,109245,239007,15,-0.011148790245761098,-0.009079694501387806,-0.010204123890653536,check (0.5-2%),check (0.5-2%),check (0.5-2%)
2010,NC,12,103495,55315,162007,162007,102783,55066,161023,6,-0.006879559399004783,-0.0045014914580131975,-0.006073811625423592,check (0.5-2%),small (<0.5%),check (0.5-2%)
2010,NC,13,116103,93099,209202,209202,115127,92588,207715,7,-0.008406328863164603,-0.005488780760265953,-0.007107962638980507,check (0.5-2%),check (0.5-2%),check (0.5-2%)
2010,ND,00,106542,129802,236344,237137,106542,129802,237137,53,0,0,0,ok (<0.05%),ok (<0.05%),ok (<0.05%)
2010,NE,01,47106,116871,163977,163977,47106,116871,163977,24,0,0,0,ok (<0.05%),ok (<0.05%),ok (<0.05%)
2010,NE,02,60486,93840,154326,154326,60486,93840,154326,2,0,0,0,ok (<0.05%),ok (<0.05%),ok (<0.05%)
2010,NE,03,29932,117275,167243,167243,29931,117264,167231,69,-3.340906053721769e-5,-9.379663184822e-5,-7.175188199207142e-5,ok (<0.05%),ok (<0.05%),ok (<0.05%)
2010,NH,01,95503,121655,225124,225423,95503,121655,225423,6,0,0,0,ok (<0.05%),ok (<0.05%),ok (<0.05%)
2010,NH,02,105060,108610,224663,225102,105060,108610,224667,8,0,0,-0.001932457286030333,ok (<0.05%),ok (<0.05%),small (<0.5%)
2010,NJ,01,106334,58562,168267,168267,106334,58562,168267,3,0,0,0,ok (<0.05%),ok (<0.05%),ok (<0.05%)
2010,NJ,02,51690,109460,167120,167120,51690,109460,167120,7,0,0,0,ok (<0.05%),ok (<0.05%),ok (<0.05%)
2010,NJ,03,104252,110215,220309,220309,104252,110215,220309,3,0,0,0,ok (<0.05%),ok (<0.05%),ok (<0.05%)
2010,NJ,04,52118,129752,186938,186938,52118,129752,186938,4,0,0,0,ok (<0.05%),ok (<0.05%),ok (<0.05%)
2010,NJ,05,62634,124030,190993,190993,62634,124030,190993,4,0,0,0,ok (<0.05%),ok (<0.05%),ok (<0.05%)
2010,NJ,06,81933,65413,149662,149662,81933,65413,149662,4,0,0,0,ok (<0.05%),ok (<0.05%),ok (<0.05%)
2010,NJ,07,71902,105084,176986,176986,71902,105084,176986,4,0,0,0,ok (<0.05%),ok (<0.05%),ok (<0.05%)
2010,NJ,08,88478,51023,141208,141208,88478,51023,141208,2,0,0,0,ok (<0.05%),ok (<0.05%),ok (<0.05%)
2010,NJ,09,83564,52082,137626,137626,83564,52082,137626,3,0,0,0,ok (<0.05%),ok (<0.05%),ok (<0.05%)
2010,NJ,10,95299,14357,111877,111877,95299,14357,111877,3,0,0,0,ok (<0.05%),ok (<0.05%),ok (<0.05%)
2010,NJ,11,55472,122149,181800,181800,55472,122149,181800,5,0,0,0,ok (<0.05%),ok (<0.05%),ok (<0.05%)
2010,NJ,12,108214,93634,204002,204002,108214,93634,204002,5,0,0,0,ok (<0.05%),ok (<0.05%),ok (<0.05%)
2010,NJ,13,62840,19538,84796,84796,62840,19538,91883,4,0,0,0.08357705552148686,ok (<0.05%),ok (<0.05%),BAD (>=2%)
2010,NM,01,112707,104543,217250,217250,112707,104543,217250,5,0,0,0,ok (<0.05%),ok (<0.05%),ok (<0.05%)
2010,NM,02,75709,94053,169762,169762,75709,94053,169762,18,0,0,0,ok (<0.05%),ok (<0.05%),ok (<0.05%)
2010,NM,03,120057,90621,210678,210678,120057,90621,210678,16,0,0,0,ok (<0.05%),ok (<0.05%),ok (<0.05%)
2010,NY,01,98316,97723,196039,196164,98316,97723,196039,1,0,0,-6.372219163557024e-4,ok (<0.05%),ok (<0.05%),small (<0.5%)
2010,NY,02,94694,72115,168067,168097,94694,72115,168067,2,0,0,-1.784683843257167e-4,ok (<0.05%),ok (<0.05%),ok (<0.05%)
2010,NY,03,51346,131674,183020,183087,51346,131674,183020,2,0,0,-3.659462441353018e-4,ok (<0.05%),ok (<0.05%),ok (<0.05%)
2010,NY,04,94483,81718,176201,176253,94483,81718,176201,1,0,0,-2.9503043919819805e-4,ok (<0.05%),ok (<0.05%),ok (<0.05%)
2010,NY,05,72239,42291,114530,114583,72239,41493,114530,2,0,-0.018869262963751153,-4.6254680013614586e-4,ok (<0.05%),check (0.5-2%),ok (<0.05%)
2010,NY,06,85096,11826,96922,96994,85096,11826,96922,1,0,0,-7.423139575643854e-4,ok (<0.05%),ok (<0.05%),small (<0.5%)
2010,NY,07,71247,16145,88430,88471,71247,16145,88430,2,0,0,-4.63428694148365e-4,ok (<0.05%),ok (<0.05%),ok (<0.05%)
2010,NY,08,98839,31996,130835,130928,98839,31996,130835,2,0,0,-7.103140657460589e-4,ok (<0.05%),ok (<0.05%),small (<0.5%)
2010,NY,09,67011,43129,110140,110205,67011,43129,110140,2,0,0,-5.89809899732317e-4,ok (<0.05%),ok (<0.05%),small (<0.5%)
2010,NY,10,95485,7419,104757,104839,95485,7419,104757,1,0,0,-7.821516801953471e-4,ok (<0.05%),ok (<0.05%),small (<0.5%)
2010,NY,11,104297,10858,115155,115199,104297,10858,115155,1,0,0,-3.8194775996319415e-4,ok (<0.05%),ok (<0.05%),ok (<0.05%)
2010,NY,12,68624,0,73106,73165,68624,0,73106,3,0,0,-8.063965010592497e-4,ok (<0.05%),ok (<0.05%),small (<0.5%)
2010,NY,13,60773,65024,126726,126798,60773,65026,126728,2,0,3.075787401574803e-5,-5.520591807441757e-4,ok (<0.05%),ok (<0.05%),small (<0.5%)
2010,NY,14,107327,32065,142900,143042,107327,32065,142900,2,0,0,-9.927154262384474e-4,ok (<0.05%),ok (<0.05%),small (<0.5%)
2010,NY,15,91225,11754,113429,113686,91225,11754,113429,1,0,0,-0.0022606125644318562,ok (<0.05%),ok (<0.05%),small (<0.5%)
2010,NY,16,61642,2758,64400,64438,61642,2758,64400,1,0,0,-5.897141438281759e-4,ok (<0.05%),ok (<0.05%),small (<0.5%)
2010,NY,17,95346,29792,130799,130881,95349,29802,130815,3,3.146435089044113e-5,3.356605800214823e-4,-5.042748756503999e-4,ok (<0.05%),ok (<0.05%),small (<0.5%)
2010,NY,18,115619,70413,186032,186099,114810,70015,184825,2,-0.006997119850543596,-0.005652365330265718,-0.006845818623420867,check (0.5-2%),check (0.5-2%),check (0.5-2%)
2010,NY,19,98766,109956,208722,209238,98788,109944,208732,5,2.2274871919486462e-4,-1.0913456291607552e-4,-0.0024182987793804184,ok (<0.05%),ok (<0.05%),small (<0.5%)
2010,NY,20,107077,130176,237253,237352,107077,130176,237253,10,0,0,-4.171020256833732e-4,ok (<0.05%),ok (<0.05%),ok (<0.05%)
2010,NY,21,124889,85752,210641,210791,124889,85752,210641,7,0,0,-7.116053341935852e-4,ok (<0.05%),ok (<0.05%),small (<0.5%)
2010,NY,22,98661,88687,187348,187421,98661,88687,187348,8,0,0,-3.894974415887227e-4,ok (<0.05%),ok (<0.05%),ok (<0.05%)
2010,NY,23,82232,80237,172976,173091,82232,80237,172976,11,0,0,-6.643904073579793e-4,ok (<0.05%),ok (<0.05%),small (<0.5%)
2010,NY,24,89809,101599,191408,191700,89809,101599,191408,11,0,0,-0.0015232133541992698,ok (<0.05%),ok (<0.05%),small (<0.5%)
2010,NY,25,103954,104602,208556,208734,103954,104602,208556,4,0,0,-8.527599720218077e-4,ok (<0.05%),ok (<0.05%),small (<0.5%)
2010,NY,26,54307,151449,205756,205805,54307,151449,205756,7,0,0,-2.380894536089988e-4,ok (<0.05%),ok (<0.05%),ok (<0.05%)
2010,NY,27,119085,76320,195405,195415,119085,76320,195405,2,0,0,-5.117314433385359e-5,ok (<0.05%),ok (<0.05%),ok (<0.05%)
2010,NY,28,102514,55392,157906,157947,102514,55392,157906,4,0,0,-0.00025958074543992607,ok (<0.05%),ok (<0.05%),ok (<0.05%)
2010,NY,29,86099,112314,198413,198940,86099,112314,198413,8,0,0,-0.002649039911531115,ok (<0.05%),ok (<0.05%),small (<0.5%)
2010,OH,01,92672,103770,201518,201518,NA,NA,NA,NA,NA,NA,NA,MISSING,MISSING,MISSING
2010,OH,02,82431,139027,237845,237845,NA,NA,NA,NA,NA,NA,NA,MISSING,MISSING,MISSING
2010,OH,03,71455,152629,224084,224084,NA,NA,NA,NA,NA,NA,NA,MISSING,MISSING,MISSING
2010,OH,04,50533,146029,204270,204270,NA,NA,NA,NA,NA,NA,NA,MISSING,MISSING,MISSING
2010,OH,05,54919,140703,207453,207453,NA,NA,NA,NA,NA,NA,NA,MISSING,MISSING,MISSING
2010,OH,06,92823,103170,205575,205575,NA,NA,NA,NA,NA,NA,NA,MISSING,MISSING,MISSING
2010,OH,07,70400,135721,218313,218313,NA,NA,NA,NA,NA,NA,NA,MISSING,MISSING,MISSING
2010,OH,08,65883,142731,217436,217436,NA,NA,NA,NA,NA,NA,NA,MISSING,MISSING,MISSING
2010,OH,09,121819,83423,205242,205242,NA,NA,NA,NA,NA,NA,NA,MISSING,MISSING,MISSING
2010,OH,10,101343,83809,191026,191026,NA,NA,NA,NA,NA,NA,NA,MISSING,MISSING,MISSING
2010,OH,11,139693,28754,168447,168447,NA,NA,NA,NA,NA,NA,NA,MISSING,MISSING,MISSING
2010,OH,12,110307,150163,269180,269180,NA,NA,NA,NA,NA,NA,NA,MISSING,MISSING,MISSING
2010,OH,13,118806,94367,213173,213173,NA,NA,NA,NA,NA,NA,NA,MISSING,MISSING,MISSING
2010,OH,14,72604,149878,230865,230865,NA,NA,NA,NA,NA,NA,NA,MISSING,MISSING,MISSING
2010,OH,15,91077,119471,220596,220596,NA,NA,NA,NA,NA,NA,NA,MISSING,MISSING,MISSING
2010,OH,16,90833,114652,220137,220137,NA,NA,NA,NA,NA,NA,NA,MISSING,MISSING,MISSING
2010,OH,17,102758,57352,190666,190666,NA,NA,NA,NA,NA,NA,NA,MISSING,MISSING,MISSING
2010,OH,18,80756,107426,199448,199448,NA,NA,NA,NA,NA,NA,NA,MISSING,MISSING,MISSING
2010,OK,01,0,151173,196829,196829,0,151173,196829,5,0,0,0,ok (<0.05%),ok (<0.05%),ok (<0.05%)
2010,OK,02,108203,83226,191429,191429,108203,83226,191429,25,0,0,0,ok (<0.05%),ok (<0.05%),ok (<0.05%)
2010,OK,03,45689,161927,207616,207616,45689,161927,207616,32,0,0,0,ok (<0.05%),ok (<0.05%),ok (<0.05%)
2010,OK,05,68074,123236,197105,197105,68074,123236,197105,3,0,0,0,ok (<0.05%),ok (<0.05%),ok (<0.05%)
2010,OR,01,160357,122858,292517,292909,160357,122858,292909,5,0,0,0,ok (<0.05%),ok (<0.05%),ok (<0.05%)
2010,OR,02,72173,206245,278418,279037,72173,206245,279037,20,0,0,0,ok (<0.05%),ok (<0.05%),ok (<0.05%)
2010,OR,03,193104,67714,275395,275802,193104,67714,275802,2,0,0,0,ok (<0.05%),ok (<0.05%),ok (<0.05%)
2010,OR,04,162416,129877,297508,298052,162416,129877,298052,7,0,0,0,ok (<0.05%),ok (<0.05%),ok (<0.05%)
2010,OR,05,145319,130313,283189,283556,145319,130313,283556,7,0,0,0,ok (<0.05%),ok (<0.05%),ok (<0.05%)
2010,PA,01,149944,0,149944,149944,149944,0,149944,2,0,0,0,ok (<0.05%),ok (<0.05%),ok (<0.05%)
2010,PA,02,182800,21907,204707,204707,182800,21907,204707,2,0,0,0,ok (<0.05%),ok (<0.05%),ok (<0.05%)
2010,PA,03,88924,111909,200833,200833,88924,111909,200833,7,0,0,0,ok (<0.05%),ok (<0.05%),ok (<0.05%)
2010,PA,04,120827,116958,237785,237785,120827,116958,237785,6,0,0,0,ok (<0.05%),ok (<0.05%),ok (<0.05%)
2010,PA,05,52375,127427,185512,185512,52375,127427,185512,17,0,0,0,ok (<0.05%),ok (<0.05%),ok (<0.05%)
2010,PA,06,100493,133770,234263,234263,100493,133770,234263,4,0,0,0,ok (<0.05%),ok (<0.05%),ok (<0.05%)
2010,PA,07,110314,137825,250847,250847,110314,137825,250847,3,0,0,0,ok (<0.05%),ok (<0.05%),ok (<0.05%)
2010,PA,08,113547,130759,244306,244306,113547,130759,244306,3,0,0,0,ok (<0.05%),ok (<0.05%),ok (<0.05%)
2010,PA,09,52322,141904,194226,194226,52322,141904,194226,15,0,0,0,ok (<0.05%),ok (<0.05%),ok (<0.05%)
2010,PA,10,89846,110599,200445,200445,89846,110599,200445,14,0,0,0,ok (<0.05%),ok (<0.05%),ok (<0.05%)
2010,PA,11,84618,102179,186797,186797,84618,102179,186797,5,0,0,0,ok (<0.05%),ok (<0.05%),ok (<0.05%)
2010,PA,12,94056,91170,185226,185226,94056,91170,185226,9,0,0,0,ok (<0.05%),ok (<0.05%),ok (<0.05%)
2010,PA,13,118710,91987,210697,210697,118710,91987,210697,2,0,0,0,ok (<0.05%),ok (<0.05%),ok (<0.05%)
2010,PA,14,122073,49997,177470,177470,122073,49997,177470,1,0,0,0,ok (<0.05%),ok (<0.05%),ok (<0.05%)
2010,PA,15,79766,109534,204548,204548,79766,109534,204548,4,0,0,0,ok (<0.05%),ok (<0.05%),ok (<0.05%)
2010,PA,16,70994,134113,205107,205107,70994,134113,205107,3,0,0,0,ok (<0.05%),ok (<0.05%),ok (<0.05%)
2010,PA,17,118486,95000,213486,213486,118486,95000,213486,5,0,0,0,ok (<0.05%),ok (<0.05%),ok (<0.05%)
2010,PA,18,78558,161888,240446,240446,78558,161888,240446,4,0,0,0,ok (<0.05%),ok (<0.05%),ok (<0.05%)
2010,PA,19,53549,165219,229756,229756,53549,165219,229756,3,0,0,0,ok (<0.05%),ok (<0.05%),ok (<0.05%)
2010,RI,01,81282,71542,160603,160603,81215,71515,160483,3,-8.24290740877439e-4,-3.774006877079198e-4,-7.471840501111437e-4,small (<0.5%),ok (<0.05%),small (<0.5%)
2010,RI,02,104466,55409,174464,174464,104409,55393,174381,3,-5.456320716788237e-4,-2.8876175350574815e-4,-4.757428466617755e-4,small (<0.5%),ok (<0.05%),ok (<0.05%)
2010,SC,01,67008,152755,233532,233695,NA,NA,NA,NA,NA,NA,NA,MISSING,MISSING,MISSING
2010,SC,02,113625,138861,259570,259672,NA,NA,NA,NA,NA,NA,NA,MISSING,MISSING,MISSING
2010,SC,03,73095,126235,202012,202108,NA,NA,NA,NA,NA,NA,NA,MISSING,MISSING,MISSING
2010,SC,04,62438,137586,216657,216838,NA,NA,NA,NA,NA,NA,NA,MISSING,MISSING,MISSING
2010,SC,05,102296,125834,228130,228286,NA,NA,NA,NA,NA,NA,NA,MISSING,MISSING,MISSING
2010,SC,06,125459,72661,199509,199590,NA,NA,NA,NA,NA,NA,NA,MISSING,MISSING,MISSING
2010,SD,00,146589,153703,319426,319426,146589,153703,319426,66,0,0,0,ok (<0.05%),ok (<0.05%),ok (<0.05%)
2010,TN,01,26045,123006,152161,152161,26045,123006,152161,12,0,0,0,ok (<0.05%),ok (<0.05%),ok (<0.05%)
2010,TN,02,25400,141796,173380,173380,25400,141796,173380,6,0,0,0,ok (<0.05%),ok (<0.05%),ok (<0.05%)
2010,TN,03,45387,92032,162056,162056,45387,92032,162056,11,0,0,0,ok (<0.05%),ok (<0.05%),ok (<0.05%)
2010,TN,04,70254,103969,182191,182191,70254,103969,182191,24,0,0,0,ok (<0.05%),ok (<0.05%),ok (<0.05%)
2010,TN,05,99162,74204,176362,176362,99162,74204,176362,3,0,0,0,ok (<0.05%),ok (<0.05%),ok (<0.05%)
2010,TN,06,56145,128517,191084,191084,56145,128517,191084,15,0,0,0,ok (<0.05%),ok (<0.05%),ok (<0.05%)
2010,TN,07,54347,158916,219583,219583,54347,158916,219583,15,0,0,0,ok (<0.05%),ok (<0.05%),ok (<0.05%)
2010,TN,08,64960,98759,167405,167405,64960,98759,167405,19,0,0,0,ok (<0.05%),ok (<0.05%),ok (<0.05%)
2010,TN,09,99827,33879,134907,134907,99827,33879,134907,1,0,0,0,ok (<0.05%),ok (<0.05%),ok (<0.05%)
2010,TX,01,0,129398,144209,144209,0,129398,144209,13,0,0,0,ok (<0.05%),ok (<0.05%),ok (<0.05%)
2010,TX,02,0,130020,146731,146731,0,130020,146731,3,0,0,0,ok (<0.05%),ok (<0.05%),ok (<0.05%)
2010,TX,03,47848,101180,152652,152652,47848,101180,152652,2,0,0,0,ok (<0.05%),ok (<0.05%),ok (<0.05%)
2010,TX,04,40975,136338,186286,186286,40975,136338,186286,16,0,0,0,ok (<0.05%),ok (<0.05%),ok (<0.05%)
2010,TX,05,41649,106742,151349,151349,41649,106742,151349,7,0,0,0,ok (<0.05%),ok (<0.05%),ok (<0.05%)
2010,TX,06,50717,107140,162557,162557,50717,107140,162557,8,0,0,0,ok (<0.05%),ok (<0.05%),ok (<0.05%)
2010,TX,07,0,143655,176378,176378,0,143655,176378,1,0,0,0,ok (<0.05%),ok (<0.05%),ok (<0.05%)
2010,TX,08,34694,161417,201099,201099,34694,161417,201099,11,0,0,0,ok (<0.05%),ok (<0.05%),ok (<0.05%)
2010,TX,09,80107,24201,105767,105767,80107,24201,105767,2,0,0,0,ok (<0.05%),ok (<0.05%),ok (<0.05%)
2010,TX,10,74086,144980,224171,224171,74086,144980,224171,8,0,0,0,ok (<0.05%),ok (<0.05%),ok (<0.05%)
2010,TX,11,23989,125581,155340,155340,23989,125581,155340,36,0,0,0,ok (<0.05%),ok (<0.05%),ok (<0.05%)
2010,TX,12,38434,109882,152917,152917,38434,109882,152917,3,0,0,0,ok (<0.05%),ok (<0.05%),ok (<0.05%)
2010,TX,13,0,113201,130043,130043,0,113201,130043,44,0,0,0,ok (<0.05%),ok (<0.05%),ok (<0.05%)
2010,TX,14,44431,140623,185054,185054,44431,140623,185054,10,0,0,0,ok (<0.05%),ok (<0.05%),ok (<0.05%)
2010,TX,15,53546,39964,96080,96080,53546,39964,96080,12,0,0,0,ok (<0.05%),ok (<0.05%),ok (<0.05%)
2010,TX,16,49301,31051,84892,84892,49301,31051,84892,1,0,0,0,ok (<0.05%),ok (<0.05%),ok (<0.05%)
2010,TX,17,63138,106696,172642,172642,63138,106696,172642,12,0,0,0,ok (<0.05%),ok (<0.05%),ok (<0.05%)
2010,TX,18,85108,33067,121321,121321,85108,33067,121321,1,0,0,0,ok (<0.05%),ok (<0.05%),ok (<0.05%)
2010,TX,19,25984,106059,136358,136358,25984,106059,136358,27,0,0,0,ok (<0.05%),ok (<0.05%),ok (<0.05%)
2010,TX,20,58645,31757,92185,92185,58645,31757,92185,1,0,0,0,ok (<0.05%),ok (<0.05%),ok (<0.05%)
2010,TX,21,65927,162924,236545,236545,65927,162924,236545,8,0,0,0,ok (<0.05%),ok (<0.05%),ok (<0.05%)
2010,TX,22,62082,140537,208223,208223,62082,140537,208223,4,0,0,0,ok (<0.05%),ok (<0.05%),ok (<0.05%)
2010,TX,23,67348,74853,151534,151534,67348,74853,151534,20,0,0,0,ok (<0.05%),ok (<0.05%),ok (<0.05%)
2010,TX,24,0,100078,122687,122687,0,100078,122687,3,0,0,0,ok (<0.05%),ok (<0.05%),ok (<0.05%)
2010,TX,25,99967,84849,189247,189247,99967,84849,189247,8,0,0,0,ok (<0.05%),ok (<0.05%),ok (<0.05%)
2010,TX,26,55385,120984,180431,180431,55385,120984,180431,4,0,0,0,ok (<0.05%),ok (<0.05%),ok (<0.05%)
2010,TX,27,50226,51001,106599,106599,50226,51001,106599,6,0,0,0,ok (<0.05%),ok (<0.05%),ok (<0.05%)
2010,TX,28,62773,46740,111402,111402,62773,46740,111402,12,0,0,0,ok (<0.05%),ok (<0.05%),ok (<0.05%)
2010,TX,29,43257,22825,66948,66948,43257,22825,66948,1,0,0,0,ok (<0.05%),ok (<0.05%),ok (<0.05%)
2010,TX,30,86322,24668,113978,113978,86322,24668,113978,1,0,0,0,ok (<0.05%),ok (<0.05%),ok (<0.05%)
2010,TX,31,0,126384,153119,153119,0,126384,153119,8,0,0,0,ok (<0.05%),ok (<0.05%),ok (<0.05%)
2010,TX,32,44258,79433,126869,126869,44258,79433,126869,1,0,0,0,ok (<0.05%),ok (<0.05%),ok (<0.05%)
2010,UT,01,46765,135247,195462,195462,46765,135247,195462,10,0,0,0,ok (<0.05%),ok (<0.05%),ok (<0.05%)
2010,UT,02,127151,116001,251847,251847,127151,116001,251847,16,0,0,0,ok (<0.05%),ok (<0.05%),ok (<0.05%)
2010,UT,03,44320,139721,193186,193186,44320,139721,193186,7,0,0,0,ok (<0.05%),ok (<0.05%),ok (<0.05%)
2010,VA,01,73824,135564,211932,212236,73824,135564,212236,23,0,0,0,ok (<0.05%),ok (<0.05%),ok (<0.05%)
2010,VA,02,70591,88340,166125,166289,70591,88340,166289,5,0,0,0,ok (<0.05%),ok (<0.05%),ok (<0.05%)
2010,VA,03,114754,44553,163729,163900,102470,42297,149058,9,-0.10704637746832354,-0.050636320786479026,-0.09055521659548506,BAD (>=2%),BAD (>=2%),BAD (>=2%)
2010,VA,04,74298,123659,197957,198389,74298,123659,198389,18,0,0,0,ok (<0.05%),ok (<0.05%),ok (<0.05%)
2010,VA,05,110562,119560,235114,235299,110562,119560,235299,22,0,0,0,ok (<0.05%),ok (<0.05%),ok (<0.05%)
2010,VA,06,0,127487,164445,167154,0,127487,167154,20,0,0,0,ok (<0.05%),ok (<0.05%),ok (<0.05%)
2010,VA,07,79616,138209,232989,233402,79616,138209,233402,13,0,0,0,ok (<0.05%),ok (<0.05%),ok (<0.05%)
2010,VA,08,116404,71145,190256,190748,116404,71145,190748,4,0,0,0,ok (<0.05%),ok (<0.05%),ok (<0.05%)
2010,VA,09,86743,95726,186751,186917,86743,95726,186917,27,0,0,0,ok (<0.05%),ok (<0.05%),ok (<0.05%)
2010,VA,10,72604,131116,208327,208556,72604,131116,208556,10,0,0,0,ok (<0.05%),ok (<0.05%),ok (<0.05%)
2010,VA,11,111720,110739,226646,226951,111720,110739,226951,3,0,0,0,ok (<0.05%),ok (<0.05%),ok (<0.05%)
2010,VI,00,19844,2329,27666,27666,NA,NA,NA,NA,NA,NA,NA,MISSING,MISSING,MISSING
2010,VT,00,154006,76403,238335,238521,154006,76403,238521,14,0,0,0,ok (<0.05%),ok (<0.05%),ok (<0.05%)
2010,WI,01,79363,179819,263493,263627,79363,179819,263627,6,0,0,0,ok (<0.05%),ok (<0.05%),ok (<0.05%)
2010,WI,02,191164,118099,309263,309460,191164,118099,309460,7,0,0,0,ok (<0.05%),ok (<0.05%),ok (<0.05%)
2010,WI,03,126380,116838,251219,251340,126380,116838,251340,19,0,0,0,ok (<0.05%),ok (<0.05%),ok (<0.05%)
2010,WI,04,143559,61543,207904,208103,143559,61543,208103,1,0,0,0,ok (<0.05%),ok (<0.05%),ok (<0.05%)
2010,WI,05,90634,229642,331089,331258,90634,229642,331258,5,0,0,0,ok (<0.05%),ok (<0.05%),ok (<0.05%)
2010,WI,06,75926,183271,259197,259367,75926,183271,259367,12,0,0,0,ok (<0.05%),ok (<0.05%),ok (<0.05%)
2010,WI,07,113018,132551,253966,254389,113018,132551,254389,20,0,0,0,ok (<0.05%),ok (<0.05%),ok (<0.05%)
2010,WI,08,118646,143998,262644,262938,118646,143998,262938,15,0,0,0,ok (<0.05%),ok (<0.05%),ok (<0.05%)
2010,WV,01,89220,90660,179880,179880,89220,90660,179880,20,0,0,0,ok (<0.05%),ok (<0.05%),ok (<0.05%)
2010,WV,02,55001,126814,185246,185246,55001,126814,181815,18,0,0,-0.01852131759930039,ok (<0.05%),ok (<0.05%),check (0.5-2%)
2010,WV,03,83636,65611,149247,149247,83636,65611,149247,17,0,0,0,ok (<0.05%),ok (<0.05%),ok (<0.05%)
2010,WY,00,45768,131661,186682,186969,45768,131661,186969,23,0,0,0,ok (<0.05%),ok (<0.05%),ok (<0.05%)
2012,AL,01,0,196374,196374,200676,0,196374,200676,6,0,0,0,ok (<0.05%),ok (<0.05%),ok (<0.05%)
2012,AL,02,103092,180591,283683,283953,103092,180591,283953,15,0,0,0,ok (<0.05%),ok (<0.05%),ok (<0.05%)
2012,AL,03,98141,175306,273447,273930,98141,175306,273930,13,0,0,0,ok (<0.05%),ok (<0.05%),ok (<0.05%)
2012,AL,04,69706,199071,268777,269118,69706,199071,269118,16,0,0,0,ok (<0.05%),ok (<0.05%),ok (<0.05%)
2012,AL,05,101772,189185,290957,291293,101772,189185,290957,5,0,0,-0.0011534777698056595,ok (<0.05%),ok (<0.05%),small (<0.5%)
2012,AL,06,88267,219262,307529,308102,88267,219262,308102,6,0,0,0,ok (<0.05%),ok (<0.05%),ok (<0.05%)
2012,AL,07,232520,73835,306355,306558,232520,73835,306558,14,0,0,0,ok (<0.05%),ok (<0.05%),ok (<0.05%)
2012,AR,01,96601,138800,246843,246843,96601,138800,246843,30,0,0,0,ok (<0.05%),ok (<0.05%),ok (<0.05%)
2012,AR,02,113156,158175,286598,286598,113156,158175,286598,7,0,0,0,ok (<0.05%),ok (<0.05%),ok (<0.05%)
2012,AR,03,0,186467,245660,245660,0,186467,245660,10,0,0,0,ok (<0.05%),ok (<0.05%),ok (<0.05%)
2012,AR,04,95013,154149,258953,258953,79707,135673,224116,30,-0.1610937450664646,-0.11985805941005132,-0.13453020432279217,BAD (>=2%),BAD (>=2%),BAD (>=2%)
2012,AS,00,7659,0,13076,13076,NA,NA,NA,NA,NA,NA,NA,MISSING,MISSING,MISSING
2012,AZ,01,122774,113594,251595,251595,122774,113594,251595,11,0,0,0,ok (<0.05%),ok (<0.05%),ok (<0.05%)
2012,AZ,02,147338,144884,292279,292279,147338,144884,292279,2,0,0,0,ok (<0.05%),ok (<0.05%),ok (<0.05%)
2012,AZ,03,98468,62663,168698,168698,98468,62663,168698,5,0,0,0,ok (<0.05%),ok (<0.05%),ok (<0.05%)
2012,AZ,04,69154,162907,243760,243760,69154,162907,243760,7,0,0,0,ok (<0.05%),ok (<0.05%),ok (<0.05%)
2012,AZ,05,89589,183470,273059,273059,89589,183470,273059,1,0,0,0,ok (<0.05%),ok (<0.05%),ok (<0.05%)
2012,AZ,06,97666,179706,293177,293177,97666,179706,293177,1,0,0,0,ok (<0.05%),ok (<0.05%),ok (<0.05%)
2012,AZ,07,104489,0,127827,127827,104489,0,127827,1,0,0,0,ok (<0.05%),ok (<0.05%),ok (<0.05%)
2012,AZ,08,95635,172809,272791,272791,95635,172809,272791,1,0,0,0,ok (<0.05%),ok (<0.05%),ok (<0.05%)
2012,AZ,09,121881,111630,250131,250131,121881,111630,250131,1,0,0,0,ok (<0.05%),ok (<0.05%),ok (<0.05%)
2012,CA,01,125386,168827,294213,294213,125386,168827,294213,11,0,0,0,ok (<0.05%),ok (<0.05%),ok (<0.05%)
2012,CA,02,226216,91310,317526,317526,226216,91310,317526,6,0,0,0,ok (<0.05%),ok (<0.05%),ok (<0.05%)
2012,CA,03,126882,107086,233968,233968,126882,107086,233968,8,0,0,0,ok (<0.05%),ok (<0.05%),ok (<0.05%)
2012,CA,04,125885,197803,323688,323688,125885,197803,323688,10,0,0,0,ok (<0.05%),ok (<0.05%),ok (<0.05%)
2012,CA,05,202872,69545,272417,272417,202872,69545,272417,5,0,0,0,ok (<0.05%),ok (<0.05%),ok (<0.05%)
2012,CA,06,160667,53406,214073,214073,160667,53406,214073,2,0,0,0,ok (<0.05%),ok (<0.05%),ok (<0.05%)
2012,CA,07,141241,132050,273291,273291,141241,132050,273291,1,0,0,0,ok (<0.05%),ok (<0.05%),ok (<0.05%)
2012,CA,08,0,179644,179644,179644,0,179644,179644,3,0,0,0,ok (<0.05%),ok (<0.05%),ok (<0.05%)
2012,CA,09,118373,94704,213077,213077,118373,94704,213077,3,0,0,0,ok (<0.05%),ok (<0.05%),ok (<0.05%)
2012,CA,10,98934,110265,209199,209199,98934,110265,209199,2,0,0,0,ok (<0.05%),ok (<0.05%),ok (<0.05%)
2012,CA,11,200743,87136,287879,287879,200743,87136,287879,1,0,0,0,ok (<0.05%),ok (<0.05%),ok (<0.05%)
2012,CA,12,253709,44478,298187,298187,253709,44478,298187,1,0,0,0,ok (<0.05%),ok (<0.05%),ok (<0.05%)
2012,CA,13,250436,0,288582,288582,250436,0,288582,2,0,0,0,ok (<0.05%),ok (<0.05%),ok (<0.05%)
2012,CA,14,203828,54455,258283,258283,203828,54455,258283,2,0,0,0,ok (<0.05%),ok (<0.05%),ok (<0.05%)
2012,CA,15,231034,0,231034,231034,231034,0,231034,2,0,0,0,ok (<0.05%),ok (<0.05%),ok (<0.05%)
2012,CA,16,84649,62801,147450,147450,84649,62801,147450,3,0,0,0,ok (<0.05%),ok (<0.05%),ok (<0.05%)
2012,CA,17,159392,57336,216728,216728,159392,57336,216728,2,0,0,0,ok (<0.05%),ok (<0.05%),ok (<0.05%)
2012,CA,18,212831,89103,301934,301934,212831,89103,301934,3,0,0,0,ok (<0.05%),ok (<0.05%),ok (<0.05%)
2012,CA,19,162300,59313,221613,221613,162300,59313,221613,1,0,0,0,ok (<0.05%),ok (<0.05%),ok (<0.05%)
2012,CA,20,172996,60566,233562,233562,172996,60566,233562,4,0,0,0,ok (<0.05%),ok (<0.05%),ok (<0.05%)
2012,CA,21,49119,67164,116283,116283,49119,67164,116283,4,0,0,0,ok (<0.05%),ok (<0.05%),ok (<0.05%)
2012,CA,22,81555,132386,213941,213941,81555,132386,213941,2,0,0,0,ok (<0.05%),ok (<0.05%),ok (<0.05%)
2012,CA,23,0,158161,216003,216003,0,158161,216003,3,0,0,0,ok (<0.05%),ok (<0.05%),ok (<0.05%)
2012,CA,24,156749,127746,284495,284495,156749,127746,284495,3,0,0,0,ok (<0.05%),ok (<0.05%),ok (<0.05%)
2012,CA,25,106982,129593,236575,236575,106982,129593,236575,2,0,0,0,ok (<0.05%),ok (<0.05%),ok (<0.05%)
2012,CA,26,139072,124863,263935,263935,139072,124863,263935,2,0,0,0,ok (<0.05%),ok (<0.05%),ok (<0.05%)
2012,CA,27,154191,86817,241008,241008,154191,86817,241008,2,0,0,0,ok (<0.05%),ok (<0.05%),ok (<0.05%)
2012,CA,28,188703,58008,246711,246711,188703,58008,246711,1,0,0,0,ok (<0.05%),ok (<0.05%),ok (<0.05%)
2012,CA,29,111287,0,150281,150281,111287,0,150281,1,0,0,0,ok (<0.05%),ok (<0.05%),ok (<0.05%)
2012,CA,30,247851,0,247851,247851,247851,0,247851,2,0,0,0,ok (<0.05%),ok (<0.05%),ok (<0.05%)
2012,CA,31,0,161219,161219,161219,0,161219,161219,1,0,0,0,ok (<0.05%),ok (<0.05%),ok (<0.05%)
2012,CA,32,124903,65208,190111,190111,124903,65208,190111,1,0,0,0,ok (<0.05%),ok (<0.05%),ok (<0.05%)
2012,CA,33,171860,0,318520,318520,171860,0,318520,1,0,0,0,ok (<0.05%),ok (<0.05%),ok (<0.05%)
2012,CA,34,120367,20223,140590,140590,120367,20223,140590,1,0,0,0,ok (<0.05%),ok (<0.05%),ok (<0.05%)
2012,CA,35,142680,0,142680,142680,142680,0,142680,2,0,0,0,ok (<0.05%),ok (<0.05%),ok (<0.05%)
2012,CA,36,110189,97953,208142,208142,110189,97953,208142,1,0,0,0,ok (<0.05%),ok (<0.05%),ok (<0.05%)
2012,CA,37,207039,0,239580,239580,207039,32541,239580,1,0,32541,0,ok (<0.05%),BAD (>=2%),ok (<0.05%)
2012,CA,38,145280,69807,215087,215087,145280,69807,215087,2,0,0,0,ok (<0.05%),ok (<0.05%),ok (<0.05%)
2012,CA,39,106360,145607,251967,251967,106360,145607,251967,3,0,0,0,ok (<0.05%),ok (<0.05%),ok (<0.05%)
2012,CA,40,125553,0,125553,125553,125553,0,125553,1,0,0,0,ok (<0.05%),ok (<0.05%),ok (<0.05%)
2012,CA,41,103578,72074,175652,175652,103578,72074,175652,1,0,0,0,ok (<0.05%),ok (<0.05%),ok (<0.05%)
2012,CA,42,84702,130245,214947,214947,84702,130245,214947,1,0,0,0,ok (<0.05%),ok (<0.05%),ok (<0.05%)
2012,CA,43,200894,0,200894,200894,200894,0,200894,1,0,0,0,ok (<0.05%),ok (<0.05%),ok (<0.05%)
2012,CA,44,165898,0,165898,165898,165898,0,165898,1,0,0,0,ok (<0.05%),ok (<0.05%),ok (<0.05%)
2012,CA,45,121814,171417,293231,293231,121814,171417,293231,1,0,0,0,ok (<0.05%),ok (<0.05%),ok (<0.05%)
2012,CA,46,95694,54121,149815,149815,95694,54121,149815,1,0,0,0,ok (<0.05%),ok (<0.05%),ok (<0.05%)
2012,CA,47,130093,99919,230012,230012,130093,99919,230012,2,0,0,0,ok (<0.05%),ok (<0.05%),ok (<0.05%)
2012,CA,48,113358,177144,290502,290502,113358,177144,290502,1,0,0,0,ok (<0.05%),ok (<0.05%),ok (<0.05%)
2012,CA,49,114893,159725,274618,274618,114893,159725,274618,2,0,0,0,ok (<0.05%),ok (<0.05%),ok (<0.05%)
2012,CA,50,83455,174838,258293,258293,83455,174838,258293,2,0,0,0,ok (<0.05%),ok (<0.05%),ok (<0.05%)
2012,CA,51,113934,45464,159398,159398,113934,45464,159398,2,0,0,0,ok (<0.05%),ok (<0.05%),ok (<0.05%)
2012,CA,52,151451,144459,295910,295910,151451,144459,295910,1,0,0,0,ok (<0.05%),ok (<0.05%),ok (<0.05%)
2012,CA,53,164825,103482,268307,268307,164825,103482,268307,1,0,0,0,ok (<0.05%),ok (<0.05%),ok (<0.05%)
2012,CO,01,237579,93217,348228,348228,237579,93217,348228,3,0,0,0,ok (<0.05%),ok (<0.05%),ok (<0.05%)
2012,CO,02,234758,162639,421580,421580,234758,162639,421580,10,0,0,0,ok (<0.05%),ok (<0.05%),ok (<0.05%)
2012,CO,03,142920,185291,347574,347574,142920,185291,347574,29,0,0,0,ok (<0.05%),ok (<0.05%),ok (<0.05%)
2012,CO,04,125800,200006,342336,342336,125800,200006,342336,22,0,0,0,ok (<0.05%),ok (<0.05%),ok (<0.05%)
2012,CO,05,0,199639,307237,307237,0,199645,307237,5,0,3.0054247917491072e-5,0,ok (<0.05%),ok (<0.05%),ok (<0.05%)
2012,CO,06,156937,163938,342914,342914,156937,163938,342914,3,0,0,0,ok (<0.05%),ok (<0.05%),ok (<0.05%)
2012,CO,07,182460,139066,340970,340970,182460,139066,340970,2,0,0,0,ok (<0.05%),ok (<0.05%),ok (<0.05%)
2012,CT,01,206973,82321,297061,297061,206973,82321,297061,3,0,0,0,ok (<0.05%),ok (<0.05%),ok (<0.05%)
2012,CT,02,204708,88103,299960,299960,204708,88103,299960,6,0,0,0,ok (<0.05%),ok (<0.05%),ok (<0.05%)
2012,CT,03,217573,73726,291301,291301,217573,73726,291299,3,0,0,-6.865750546685387e-6,ok (<0.05%),ok (<0.05%),ok (<0.05%)
2012,CT,04,175929,117503,293432,293432,175929,117503,293432,2,0,0,0,ok (<0.05%),ok (<0.05%),ok (<0.05%)
2012,CT,05,146098,138637,284757,284757,146098,138637,284735,4,0,0,-7.725885579634565e-5,ok (<0.05%),ok (<0.05%),ok (<0.05%)
2012,DE,00,249933,129757,388059,388059,NA,NA,NA,NA,NA,NA,NA,MISSING,MISSING,MISSING
2012,FL,01,92961,238440,342594,342594,92961,238440,342594,5,0,0,0,ok (<0.05%),ok (<0.05%),ok (<0.05%)
2012,FL,02,157634,175856,333718,333718,157634,175856,333718,14,0,0,0,ok (<0.05%),ok (<0.05%),ok (<0.05%)
2012,FL,03,102468,204331,315669,315669,102468,204331,315669,13,0,0,0,ok (<0.05%),ok (<0.05%),ok (<0.05%)
2012,FL,04,0,239988,315470,315470,0,239988,315470,3,0,0,0,ok (<0.05%),ok (<0.05%),ok (<0.05%)
2012,FL,05,190472,70700,269153,269153,190472,70700,269153,8,0,0,0,ok (<0.05%),ok (<0.05%),ok (<0.05%)
2012,FL,06,146489,195962,342451,342451,146489,195962,342451,4,0,0,0,ok (<0.05%),ok (<0.05%),ok (<0.05%)
2012,FL,07,130479,185518,316010,316010,130479,185518,316010,3,0,0,0,ok (<0.05%),ok (<0.05%),ok (<0.05%)
2012,FL,08,130870,205432,348909,348909,130870,205432,348909,3,0,0,0,ok (<0.05%),ok (<0.05%),ok (<0.05%)
2012,FL,09,164891,98856,263747,263747,164891,98856,263747,3,0,0,0,ok (<0.05%),ok (<0.05%),ok (<0.05%)
2012,FL,10,153574,164649,318269,318269,153574,164649,318269,3,0,0,0,ok (<0.05%),ok (<0.05%),ok (<0.05%)
2012,FL,11,120303,218360,338663,338663,120303,218360,338663,5,0,0,0,ok (<0.05%),ok (<0.05%),ok (<0.05%)
2012,FL,12,108770,209604,330167,330167,108770,209604,330167,3,0,0,0,ok (<0.05%),ok (<0.05%),ok (<0.05%)
2012,FL,13,139742,189605,329347,329347,139742,189605,329347,1,0,0,0,ok (<0.05%),ok (<0.05%),ok (<0.05%)
2012,FL,14,197121,83480,280601,280601,197121,83480,280601,2,0,0,0,ok (<0.05%),ok (<0.05%),ok (<0.05%)
2012,FL,16,161929,187147,349076,349076,161929,187147,349076,2,0,0,0,ok (<0.05%),ok (<0.05%),ok (<0.05%)
2012,FL,17,116766,165488,282266,282266,116766,165488,282266,10,0,0,0,ok (<0.05%),ok (<0.05%),ok (<0.05%)
2012,FL,18,166257,164353,330665,330665,166257,164353,330665,3,0,0,0,ok (<0.05%),ok (<0.05%),ok (<0.05%)
2012,FL,19,109746,189833,306216,306216,109746,189833,306216,2,0,0,0,ok (<0.05%),ok (<0.05%),ok (<0.05%)
2012,FL,20,214727,0,244285,244285,214727,0,244285,3,0,0,0,ok (<0.05%),ok (<0.05%),ok (<0.05%)
2012,FL,21,221263,0,284400,284400,221263,0,284400,2,0,0,0,ok (<0.05%),ok (<0.05%),ok (<0.05%)
2012,FL,22,171021,142050,313071,313071,171021,142050,313071,2,0,0,0,ok (<0.05%),ok (<0.05%),ok (<0.05%)
2012,FL,23,174205,98096,275430,275430,174205,98096,275430,2,0,0,0,ok (<0.05%),ok (<0.05%),ok (<0.05%)
2012,FL,25,0,151466,200229,200229,0,151466,200229,4,0,0,0,ok (<0.05%),ok (<0.05%),ok (<0.05%)
2012,FL,26,135694,108820,252957,252957,135694,108820,252957,2,0,0,0,ok (<0.05%),ok (<0.05%),ok (<0.05%)
2012,FL,27,85020,138488,230171,230171,85020,138488,230171,1,0,0,0,ok (<0.05%),ok (<0.05%),ok (<0.05%)
2012,GA,01,92399,157181,249580,249580,92399,157181,249580,17,0,0,0,ok (<0.05%),ok (<0.05%),ok (<0.05%)
2012,GA,02,162751,92410,255161,255161,162751,92410,255161,29,0,0,0,ok (<0.05%),ok (<0.05%),ok (<0.05%)
2012,GA,03,0,232380,232485,232485,0,232380,232380,13,0,0,-4.5164204142202725e-4,ok (<0.05%),ok (<0.05%),ok (<0.05%)
2012,GA,04,208861,75041,283962,283962,208861,75041,283902,4,0,0,-2.112958776174277e-4,ok (<0.05%),ok (<0.05%),ok (<0.05%)
2012,GA,05,234330,43335,277689,277689,234330,43335,277665,3,0,0,-8.642762226807687e-5,ok (<0.05%),ok (<0.05%),ok (<0.05%)
2012,GA,06,104365,189669,294034,294034,104365,189669,294034,3,0,0,0,ok (<0.05%),ok (<0.05%),ok (<0.05%)
2012,GA,07,95377,156689,252066,252066,95377,156689,252066,2,0,0,0,ok (<0.05%),ok (<0.05%),ok (<0.05%)
2012,GA,08,0,197789,197789,197789,0,197789,197789,24,0,0,0,ok (<0.05%),ok (<0.05%),ok (<0.05%)
2012,GA,09,60052,192101,252153,252153,60052,192101,252153,20,0,0,0,ok (<0.05%),ok (<0.05%),ok (<0.05%)
2012,GA,10,0,211065,211466,211466,0,211065,211065,25,0,0,-0.0018962859277614368,ok (<0.05%),ok (<0.05%),small (<0.5%)
2012,GA,11,90353,196968,287351,287351,90353,196968,287321,4,0,0,-1.0440193352380887e-4,ok (<0.05%),ok (<0.05%),ok (<0.05%)
2012,GA,12,139148,119973,259121,259121,139148,119973,259121,19,0,0,0,ok (<0.05%),ok (<0.05%),ok (<0.05%)
2012,GA,13,201988,79550,281538,281538,201988,79550,281538,6,0,0,0,ok (<0.05%),ok (<0.05%),ok (<0.05%)
2012,GA,14,59245,159947,219192,219192,59245,159947,219192,12,0,0,0,ok (<0.05%),ok (<0.05%),ok (<0.05%)
2012,GU,00,19765,12995,32760,33006,NA,NA,NA,NA,NA,NA,NA,MISSING,MISSING,MISSING
2012,ID,01,97450,199402,316724,316724,97450,199402,316724,19,0,0,0,ok (<0.05%),ok (<0.05%),ok (<0.05%)
2012,ID,02,111082,207412,318494,318494,110847,207412,318494,26,-0.0021155542752201075,0,0,small (<0.5%),ok (<0.05%),ok (<0.05%)
2012,IL,01,236854,83989,320844,320844,236854,83989,320844,2,0,0,0,ok (<0.05%),ok (<0.05%),ok (<0.05%)
2012,IL,02,188303,69115,297712,297712,188303,69115,297712,3,0,0,0,ok (<0.05%),ok (<0.05%),ok (<0.05%)
2012,IL,03,168738,77653,246398,246398,168738,77653,246398,3,0,0,0,ok (<0.05%),ok (<0.05%),ok (<0.05%)
2012,IL,04,133226,0,160509,160509,133226,27279,160509,1,0,27279,0,ok (<0.05%),BAD (>=2%),ok (<0.05%)
2012,IL,05,177729,77289,270377,270377,177729,77289,270377,2,0,0,0,ok (<0.05%),ok (<0.05%),ok (<0.05%)
2012,IL,06,132991,193138,326129,326129,132991,193138,326129,5,0,0,0,ok (<0.05%),ok (<0.05%),ok (<0.05%)
2012,IL,07,242439,31466,286435,286435,242439,31466,286435,1,0,0,0,ok (<0.05%),ok (<0.05%),ok (<0.05%)
2012,IL,08,123206,101860,225066,225066,123206,101860,225066,3,0,0,0,ok (<0.05%),ok (<0.05%),ok (<0.05%)
2012,IL,09,194869,98924,293807,293807,194869,98924,293807,1,0,0,0,ok (<0.05%),ok (<0.05%),ok (<0.05%)
2012,IL,10,133890,130564,264454,264454,133890,130564,264454,2,0,0,0,ok (<0.05%),ok (<0.05%),ok (<0.05%)
2012,IL,11,148928,105348,254295,254295,148928,105348,254295,5,0,0,0,ok (<0.05%),ok (<0.05%),ok (<0.05%)
2012,IL,12,157000,129902,303949,303949,157000,129902,303949,12,0,0,0,ok (<0.05%),ok (<0.05%),ok (<0.05%)
2012,IL,13,136032,137034,294385,294385,136032,137034,294385,14,0,0,0,ok (<0.05%),ok (<0.05%),ok (<0.05%)
2012,IL,14,124351,177603,301954,301954,124351,177603,301954,7,0,0,0,ok (<0.05%),ok (<0.05%),ok (<0.05%)
2012,IL,15,94162,205775,299937,299937,94162,205775,299937,33,0,0,0,ok (<0.05%),ok (<0.05%),ok (<0.05%)
2012,IL,16,112301,181789,294090,294090,112301,181789,294090,14,0,0,0,ok (<0.05%),ok (<0.05%),ok (<0.05%)
2012,IL,17,153519,134623,288161,288161,153519,134623,288161,14,0,0,0,ok (<0.05%),ok (<0.05%),ok (<0.05%)
2012,IL,18,85164,244467,329631,329631,85164,244467,329631,19,0,0,0,ok (<0.05%),ok (<0.05%),ok (<0.05%)
2012,IN,01,187743,91291,279034,279034,187743,91291,279034,3,0,0,0,ok (<0.05%),ok (<0.05%),ok (<0.05%)
2012,IN,02,130113,134033,273475,273475,130113,134033,273475,10,0,0,0,ok (<0.05%),ok (<0.05%),ok (<0.05%)
2012,IN,03,92363,187872,280235,280235,92363,187872,280235,12,0,0,0,ok (<0.05%),ok (<0.05%),ok (<0.05%)
2012,IN,04,93015,168688,272268,272268,93015,168688,272268,16,0,0,0,ok (<0.05%),ok (<0.05%),ok (<0.05%)
2012,IN,05,125347,194570,333359,333359,125347,194570,333359,8,0,0,0,ok (<0.05%),ok (<0.05%),ok (<0.05%)
2012,IN,06,96678,162613,275253,275253,96678,162613,275253,19,0,0,0,ok (<0.05%),ok (<0.05%),ok (<0.05%)
2012,IN,07,162122,95828,257950,257950,162122,95828,257950,1,0,0,0,ok (<0.05%),ok (<0.05%),ok (<0.05%)
2012,IN,08,122325,151533,283992,283992,122325,151533,283992,19,0,0,0,ok (<0.05%),ok (<0.05%),ok (<0.05%)
2012,IN,09,132848,165332,298180,298180,132848,165332,298180,13,0,0,0,ok (<0.05%),ok (<0.05%),ok (<0.05%)
2012,KS,01,0,211337,211337,211337,0,211337,211337,63,0,0,0,ok (<0.05%),ok (<0.05%),ok (<0.05%)
2012,KS,02,113735,167463,293718,293718,113735,167463,293718,25,0,0,0,ok (<0.05%),ok (<0.05%),ok (<0.05%)
2012,KS,03,0,201087,293762,293762,0,201087,293762,3,0,0,0,ok (<0.05%),ok (<0.05%),ok (<0.05%)
2012,KS,04,81770,161094,258922,258922,81770,161094,258922,17,0,0,0,ok (<0.05%),ok (<0.05%),ok (<0.05%)
2012,KY,01,87199,199956,287155,287155,87199,199956,287155,35,0,0,0,ok (<0.05%),ok (<0.05%),ok (<0.05%)
2012,KY,02,89541,181508,282267,282267,89541,181508,282267,21,0,0,0,ok (<0.05%),ok (<0.05%),ok (<0.05%)
2012,KY,03,206385,111452,322656,322656,206385,111452,322656,1,0,0,0,ok (<0.05%),ok (<0.05%),ok (<0.05%)
2012,KY,04,104734,186036,299444,299444,104734,186036,299444,20,0,0,0,ok (<0.05%),ok (<0.05%),ok (<0.05%)
2012,KY,05,55447,195408,250855,250855,55447,195408,250855,30,0,0,0,ok (<0.05%),ok (<0.05%),ok (<0.05%)
2012,KY,06,141438,153222,303000,303000,141438,153222,303000,19,0,0,0,ok (<0.05%),ok (<0.05%),ok (<0.05%)
2012,LA,01,61703,218340,290410,290410,61703,218340,290410,8,0,0,0,ok (<0.05%),ok (<0.05%),ok (<0.05%)
2012,LA,02,230417,50146,287354,287354,230417,50146,287354,10,0,0,0,ok (<0.05%),ok (<0.05%),ok (<0.05%)
2012,LA,03,0,96587,96587,96587,0,96587,96587,10,0,0,0,ok (<0.05%),ok (<0.05%),ok (<0.05%)
2012,LA,04,0,187894,249531,249531,0,187894,249531,15,0,0,0,ok (<0.05%),ok (<0.05%),ok (<0.05%)
2012,LA,05,0,202536,260216,260216,0,202536,260216,24,0,0,0,ok (<0.05%),ok (<0.05%),ok (<0.05%)
2012,LA,06,0,243553,306713,306713,0,243553,306713,13,0,0,0,ok (<0.05%),ok (<0.05%),ok (<0.05%)
2012,MA,01,261936,0,266133,266133,684547,0,692223,4,1.6134132001710342,0,1.6010415844709225,BAD (>=2%),ok (<0.05%),BAD (>=2%)
2012,MA,02,259257,0,263335,263335,522949,0,530552,4,1.0171065776430337,0,1.0147416788501338,BAD (>=2%),ok (<0.05%),BAD (>=2%)
2012,MA,03,212119,109372,321753,321753,401236,202800,604590,3,0.8915608691347782,0.8542222872398786,0.8790500787871441,BAD (>=2%),BAD (>=2%),BAD (>=2%)
2012,MA,04,221303,129936,362245,362245,464378,260019,756301,5,1.098380952811304,1.0011313261913557,1.087816256953167,BAD (>=2%),BAD (>=2%),BAD (>=2%)
2012,MA,05,257490,82944,341109,341109,492427,165512,659223,3,0.9124121325100004,0.9954668209876543,0.9325875306720139,BAD (>=2%),BAD (>=2%),BAD (>=2%)
2012,MA,06,180942,176612,374807,374807,360762,340426,734819,2,0.9937991179493981,0.9275360677643648,0.9605263508952607,BAD (>=2%),BAD (>=2%),BAD (>=2%)
2012,MA,07,210794,0,252836,252836,266592,0,322518,3,0.2647039289543346,0,0.2756015757249759,BAD (>=2%),ok (<0.05%),BAD (>=2%)
2012,MA,08,263999,82242,346811,346811,608282,232654,851706,4,1.30410721252732,1.8288952116923227,1.455821758825412,BAD (>=2%),BAD (>=2%),BAD (>=2%)
2012,MA,09,212754,116531,362405,362405,358355,210698,618695,5,0.68436316120966,0.8080854021676636,0.7071922296877803,BAD (>=2%),BAD (>=2%),BAD (>=2%)
2012,MD,01,107670,214204,334828,337760,107670,214204,337760,12,0,0,0,ok (<0.05%),ok (<0.05%),ok (<0.05%)
2012,MD,02,194088,92071,295525,295940,194088,92093,295940,5,0,2.3894603078059324e-4,0,ok (<0.05%),ok (<0.05%),ok (<0.05%)
2012,MD,03,213747,94549,319324,319859,213747,94549,319859,5,0,0,0,ok (<0.05%),ok (<0.05%),ok (<0.05%)
2012,MD,04,240385,64560,311149,311512,240385,64560,311512,2,0,0,0,ok (<0.05%),ok (<0.05%),ok (<0.05%)
2012,MD,05,238618,95271,343432,343820,238618,95271,343820,5,0,0,0,ok (<0.05%),ok (<0.05%),ok (<0.05%)
2012,MD,06,181921,117313,309150,309549,181921,117313,309549,5,0,0,0,ok (<0.05%),ok (<0.05%),ok (<0.05%)
2012,MD,07,247770,67405,323424,323818,247808,67405,323818,3,1.5336804294305203e-4,0,0,ok (<0.05%),ok (<0.05%),ok (<0.05%)
2012,MD,08,217531,113033,342863,343256,217531,113033,343256,3,0,0,0,ok (<0.05%),ok (<0.05%),ok (<0.05%)
2012,ME,01,236363,128440,364803,364803,235206,128027,363233,6,-0.004895013178881635,-0.0032155091871691062,-0.004303692677965916,small (<0.5%),small (<0.5%),small (<0.5%)
2012,ME,02,191456,137542,328998,328998,190620,137162,327782,11,-0.004366538525823166,-0.0027627924561224935,-0.0036960711007361746,small (<0.5%),small (<0.5%),small (<0.5%)
2012,MI,01,165179,167060,347037,347037,165179,167060,347037,32,0,0,0,ok (<0.05%),ok (<0.05%),ok (<0.05%)
2012,MI,02,0,194653,318267,318267,108973,194653,318267,8,108973,0,0,BAD (>=2%),ok (<0.05%),ok (<0.05%)
2012,MI,03,144108,171675,326283,326283,144108,171675,326283,5,0,0,0,ok (<0.05%),ok (<0.05%),ok (<0.05%)
2012,MI,04,104996,197386,312949,312949,104996,197386,312949,15,0,0,0,ok (<0.05%),ok (<0.05%),ok (<0.05%)
2012,MI,05,214531,103931,330146,330146,214531,103931,330146,6,0,0,0,ok (<0.05%),ok (<0.05%),ok (<0.05%)
2012,MI,06,136563,174955,320475,320475,136563,174955,320475,6,0,0,0,ok (<0.05%),ok (<0.05%),ok (<0.05%)
2012,MI,07,136849,169668,318069,318069,136849,169668,318069,7,0,0,0,ok (<0.05%),ok (<0.05%),ok (<0.05%)
2012,MI,08,128657,202217,345054,345054,128657,202217,345054,3,0,0,0,ok (<0.05%),ok (<0.05%),ok (<0.05%)
2012,MI,09,208846,114760,337316,337316,208846,114760,337316,2,0,0,0,ok (<0.05%),ok (<0.05%),ok (<0.05%)
2012,MI,10,97734,226075,328612,328612,97734,226075,328612,6,0,0,0,ok (<0.05%),ok (<0.05%),ok (<0.05%)
2012,MI,11,158879,181788,358139,358139,158879,181788,358139,2,0,0,0,ok (<0.05%),ok (<0.05%),ok (<0.05%)
2012,MI,12,216884,92472,319223,319223,216884,92472,319223,2,0,0,0,ok (<0.05%),ok (<0.05%),ok (<0.05%)
2012,MI,13,235336,38769,284270,284270,235336,38769,284270,1,0,0,0,ok (<0.05%),ok (<0.05%),ok (<0.05%)
2012,MI,14,270450,51395,328792,328792,270450,51395,328792,2,0,0,0,ok (<0.05%),ok (<0.05%),ok (<0.05%)
2012,MN,01,193211,142164,335375,335880,193211,142164,335880,21,0,0,0,ok (<0.05%),ok (<0.05%),ok (<0.05%)
2012,MN,02,164338,193587,357926,358446,164338,193587,358446,6,0,0,0,ok (<0.05%),ok (<0.05%),ok (<0.05%)
2012,MN,03,159937,222335,382272,382705,159937,222335,382705,3,0,0,0,ok (<0.05%),ok (<0.05%),ok (<0.05%)
2012,MN,04,216685,109659,347489,347991,216685,109659,347991,2,0,0,0,ok (<0.05%),ok (<0.05%),ok (<0.05%)
2012,MN,05,262102,88753,350864,351969,262102,88753,351969,3,0,0,0,ok (<0.05%),ok (<0.05%),ok (<0.05%)
2012,MN,06,174944,179240,354187,355153,174944,179240,355153,8,0,0,0,ok (<0.05%),ok (<0.05%),ok (<0.05%)
2012,MN,07,197791,114151,327240,327576,197791,114151,327576,38,0,0,0,ok (<0.05%),ok (<0.05%),ok (<0.05%)
2012,MN,08,191976,160520,352496,353663,191976,160520,353663,18,0,0,0,ok (<0.05%),ok (<0.05%),ok (<0.05%)
2012,MO,01,267927,60832,340583,340583,267927,60832,340583,2,0,0,0,ok (<0.05%),ok (<0.05%),ok (<0.05%)
2012,MO,02,146272,236971,394448,394448,146272,236971,394448,3,0,0,0,ok (<0.05%),ok (<0.05%),ok (<0.05%)
2012,MO,03,111189,214843,338385,338385,111189,214843,338385,13,0,0,0,ok (<0.05%),ok (<0.05%),ok (<0.05%)
2012,MO,04,113120,192237,318723,318723,113120,192237,318723,24,0,0,0,ok (<0.05%),ok (<0.05%),ok (<0.05%)
2012,MO,05,200290,122149,330942,330942,95708,94678,196292,5,-0.5221528783264267,-0.2248974612972681,-0.40686887732593624,BAD (>=2%),BAD (>=2%),BAD (>=2%)
2012,MO,06,108503,216906,333688,333688,108503,216906,333688,36,0,0,0,ok (<0.05%),ok (<0.05%),ok (<0.05%)
2012,MO,07,98498,203565,318740,318740,98498,203565,318740,11,0,0,0,ok (<0.05%),ok (<0.05%),ok (<0.05%)
2012,MO,08,73755,216083,300391,300391,73755,216083,300391,30,0,0,0,ok (<0.05%),ok (<0.05%),ok (<0.05%)
2012,MP,00,0,2503,12332,12332,NA,NA,NA,NA,NA,NA,NA,MISSING,MISSING,MISSING
2012,MS,01,114076,186760,309177,309177,114076,186760,309177,22,0,0,0,ok (<0.05%),ok (<0.05%),ok (<0.05%)
2012,MS,02,214978,99160,320244,320244,214978,99160,320244,26,0,0,0,ok (<0.05%),ok (<0.05%),ok (<0.05%)
2012,MS,03,0,234717,293322,293322,0,234717,293322,24,0,0,0,ok (<0.05%),ok (<0.05%),ok (<0.05%)
2012,MS,04,82344,182998,285432,285432,82344,182998,285432,14,0,0,0,ok (<0.05%),ok (<0.05%),ok (<0.05%)
2012,MT,00,204939,255468,479740,479740,204939,255468,479740,56,0,0,0,ok (<0.05%),ok (<0.05%),ok (<0.05%)
2012,NC,01,254644,77288,338066,338066,254644,77288,338066,24,0,0,0,ok (<0.05%),ok (<0.05%),ok (<0.05%)
2012,NC,02,128973,174066,311397,311397,128973,174066,311397,9,0,0,0,ok (<0.05%),ok (<0.05%),ok (<0.05%)
2012,NC,03,114314,195571,309885,309885,114314,195571,309885,22,0,0,0,ok (<0.05%),ok (<0.05%),ok (<0.05%)
2012,NC,04,259534,88951,348485,348485,259534,88951,348485,7,0,0,0,ok (<0.05%),ok (<0.05%),ok (<0.05%)
2012,NC,05,148252,200945,349197,349197,148252,200945,349197,12,0,0,0,ok (<0.05%),ok (<0.05%),ok (<0.05%)
2012,NC,06,142467,222116,364583,364583,142467,222116,364583,10,0,0,0,ok (<0.05%),ok (<0.05%),ok (<0.05%)
2012,NC,07,168695,168041,336736,336736,168695,168041,336736,12,0,0,0,ok (<0.05%),ok (<0.05%),ok (<0.05%)
2012,NC,08,137139,160695,301824,302280,137139,160695,302280,12,0,0,0,ok (<0.05%),ok (<0.05%),ok (<0.05%)
2012,NC,09,171503,194537,375690,375690,171503,194537,375690,3,0,0,0,ok (<0.05%),ok (<0.05%),ok (<0.05%)
2012,NC,10,144023,190826,334849,334849,144023,190826,334849,7,0,0,0,ok (<0.05%),ok (<0.05%),ok (<0.05%)
2012,NC,11,141107,190319,331426,331426,141107,190319,331426,17,0,0,0,ok (<0.05%),ok (<0.05%),ok (<0.05%)
2012,NC,12,247591,63317,310908,310908,247591,63317,310908,6,0,0,0,ok (<0.05%),ok (<0.05%),ok (<0.05%)
2012,NC,13,160115,210495,370610,370610,160115,210495,370610,9,0,0,0,ok (<0.05%),ok (<0.05%),ok (<0.05%)
2012,ND,00,131869,173433,315563,316071,131869,173433,316071,53,0,0,0,ok (<0.05%),ok (<0.05%),ok (<0.05%)
2012,NE,01,81206,174889,256095,256095,81170,174826,255996,17,-4.43316996281063e-4,-3.602284877836799e-4,-3.865752943243718e-4,ok (<0.05%),ok (<0.05%),ok (<0.05%)
2012,NE,02,129767,133964,263731,263731,129767,133964,263731,2,0,0,0,ok (<0.05%),ok (<0.05%),ok (<0.05%)
2012,NE,03,65266,187423,252689,252689,65302,187486,252788,75,5.515888824196366e-4,3.361380406887095e-4,3.9178595031837555e-4,small (<0.5%),ok (<0.05%),ok (<0.05%)
2012,NH,01,171650,158659,344830,345022,171650,158659,345022,7,0,0,0,ok (<0.05%),ok (<0.05%),ok (<0.05%)
2012,NH,02,169275,152977,337188,337394,169275,152977,337394,8,0,0,0,ok (<0.05%),ok (<0.05%),ok (<0.05%)
2012,NJ,01,210470,92459,308519,308519,210470,92459,308519,3,0,0,0,ok (<0.05%),ok (<0.05%),ok (<0.05%)
2012,NJ,02,116463,166679,289072,289072,116463,166679,289072,8,0,0,0,ok (<0.05%),ok (<0.05%),ok (<0.05%)
2012,NJ,03,145509,174257,324406,324406,145509,174257,324406,2,0,0,0,ok (<0.05%),ok (<0.05%),ok (<0.05%)
2012,NJ,04,107992,195146,306249,306249,107992,195146,306249,3,0,0,0,ok (<0.05%),ok (<0.05%),ok (<0.05%)
2012,NJ,05,130102,167503,304377,304377,130102,167503,304375,4,0,0,-6.570798713437612e-6,ok (<0.05%),ok (<0.05%),ok (<0.05%)
2012,NJ,06,151782,84360,239638,239638,151782,84360,239638,2,0,0,0,ok (<0.05%),ok (<0.05%),ok (<0.05%)
2012,NJ,07,123090,175704,307395,307395,123090,175704,307395,6,0,0,0,ok (<0.05%),ok (<0.05%),ok (<0.05%)
2012,NJ,08,130857,31767,167800,167800,130857,31767,167800,4,0,0,0,ok (<0.05%),ok (<0.05%),ok (<0.05%)
2012,NJ,09,162834,55094,220148,220148,162834,55094,220148,3,0,0,0,ok (<0.05%),ok (<0.05%),ok (<0.05%)
2012,NJ,10,201435,24271,230060,230060,201435,24271,230060,3,0,0,0,ok (<0.05%),ok (<0.05%),ok (<0.05%)
2012,NJ,11,123935,182239,309899,309899,123935,182239,309900,4,0,0,3.2268577826969433e-6,ok (<0.05%),ok (<0.05%),ok (<0.05%)
2012,NJ,12,189938,80907,274391,274391,189938,80907,274391,4,0,0,0,ok (<0.05%),ok (<0.05%),ok (<0.05%)
2012,NM,01,162924,112473,275856,275856,162924,112472,275855,5,0,-8.891022734345131e-6,-3.625079751754539e-6,ok (<0.05%),ok (<0.05%),ok (<0.05%)
2012,NM,02,92162,113180,205515,205515,92162,133180,225342,19,0,0.17670966601873123,0.09647470987519159,ok (<0.05%),BAD (>=2%),BAD (>=2%)
2012,NM,03,167103,97616,264719,264719,167103,97616,264719,16,0,0,0,ok (<0.05%),ok (<0.05%),ok (<0.05%)
2012,NV,01,113967,56521,179278,179278,113956,56516,179262,1,-9.651916782928392e-5,-8.846269528139983e-5,-8.924686799272638e-5,ok (<0.05%),ok (<0.05%),ok (<0.05%)
2012,NV,02,102019,162213,281449,281449,101928,162057,281191,11,-8.919907076132877e-4,-9.616985075178931e-4,-9.166847279613714e-4,small (<0.5%),small (<0.5%),small (<0.5%)
2012,NV,03,116823,137244,272523,272523,116792,137210,272451,1,-2.6535870504951935e-4,-2.4773396286905075e-4,-2.6419788421527726e-4,ok (<0.05%),ok (<0.05%),ok (<0.05%)
2012,NV,04,120501,101261,240492,240492,120475,101204,240395,7,-2.1576584426685256e-4,-5.629018081986154e-4,-4.033398200355937e-4,ok (<0.05%),small (<0.5%),ok (<0.05%)
2012,NY,01,146179,132304,278483,278659,146179,132304,278483,1,0,0,-6.315963238223061e-4,ok (<0.05%),ok (<0.05%),small (<0.5%)
2012,NY,02,100545,142309,242854,242943,100545,142309,242854,2,0,0,-3.663410758902294e-4,ok (<0.05%),ok (<0.05%),ok (<0.05%)
2012,NY,03,157880,113203,273094,273171,157880,113203,273094,3,0,0,-2.8187472315875406e-4,ok (<0.05%),ok (<0.05%),ok (<0.05%)
2012,NY,04,163955,85693,265251,265300,163955,85693,265251,1,0,0,-1.8469656992084433e-4,ok (<0.05%),ok (<0.05%),ok (<0.05%)
2012,NY,05,167836,17875,187056,187141,167836,17875,187056,2,0,0,-4.542029806402659e-4,ok (<0.05%),ok (<0.05%),ok (<0.05%)
2012,NY,06,111501,50846,164260,164374,111501,50846,164260,1,0,0,-6.935403409298308e-4,ok (<0.05%),ok (<0.05%),small (<0.5%)
2012,NY,07,143930,0,151901,152111,143930,0,151901,3,0,0,-0.0013805707674001222,ok (<0.05%),ok (<0.05%),small (<0.5%)
2012,NY,08,184039,17650,204130,204207,184039,17650,204130,2,0,0,-3.77068366902212e-4,ok (<0.05%),ok (<0.05%),ok (<0.05%)
2012,NY,09,186141,24164,213296,213431,186141,24164,213296,1,0,0,-6.325229230992686e-4,ok (<0.05%),ok (<0.05%),small (<0.5%)
2012,NY,10,165743,39413,205156,205349,165743,39413,205156,2,0,0,-9.398633545817121e-4,ok (<0.05%),ok (<0.05%),small (<0.5%)
2012,NY,11,92430,103118,197487,197635,92430,103118,197487,2,0,0,-7.488552128924532e-4,ok (<0.05%),ok (<0.05%),small (<0.5%)
2012,NY,12,194370,46841,241211,241426,194370,46841,241211,3,0,0,-8.905420294417337e-4,ok (<0.05%),ok (<0.05%),small (<0.5%)
2012,NY,13,175016,12147,192711,192913,175016,12147,192711,2,0,0,-0.0010471041350245966,ok (<0.05%),ok (<0.05%),small (<0.5%)
2012,NY,14,120761,21755,145086,145190,120761,21755,145086,2,0,0,-7.163027756732557e-4,ok (<0.05%),ok (<0.05%),small (<0.5%)
2012,NY,15,152661,4427,157088,157115,152661,4427,157088,1,0,0,-1.7184864589631798e-4,ok (<0.05%),ok (<0.05%),ok (<0.05%)
2012,NY,16,179562,53935,236471,236553,179562,53935,236471,2,0,0,-3.466453606591335e-4,ok (<0.05%),ok (<0.05%),ok (<0.05%)
2012,NY,17,171417,91899,266087,266205,171417,91899,266087,2,0,0,-4.4326740669784566e-4,ok (<0.05%),ok (<0.05%),ok (<0.05%)
2012,NY,18,143845,133049,276894,277063,143845,133049,276894,4,0,0,-6.09969573707063e-4,ok (<0.05%),ok (<0.05%),small (<0.5%)
2012,NY,19,134295,150245,284540,284679,134295,150245,284540,11,0,0,-4.882692436041998e-4,ok (<0.05%),ok (<0.05%),ok (<0.05%)
2012,NY,20,203401,93778,297179,297314,203401,93778,297179,5,0,0,-4.5406539887122703e-4,ok (<0.05%),ok (<0.05%),ok (<0.05%)
2012,NY,21,126631,121646,252451,252556,126631,121646,252451,12,0,0,-4.1574937835569143e-4,ok (<0.05%),ok (<0.05%),ok (<0.05%)
2012,NY,22,102080,157941,260021,260863,102080,157941,260021,8,0,0,-0.0032277478983221077,ok (<0.05%),ok (<0.05%),small (<0.5%)
2012,NY,23,127535,137669,265204,265282,127535,137669,265204,11,0,0,-2.9402673381533615e-4,ok (<0.05%),ok (<0.05%),ok (<0.05%)
2012,NY,24,143044,127054,292768,292988,143044,127054,292768,4,0,0,-7.508839952489522e-4,ok (<0.05%),ok (<0.05%),small (<0.5%)
2012,NY,25,179810,133389,313199,313452,179810,133389,313199,1,0,0,-8.071411252759594e-4,ok (<0.05%),ok (<0.05%),small (<0.5%)
2012,NY,26,212588,71666,284254,284271,212588,71666,284254,2,0,0,-5.980209025894305e-5,ok (<0.05%),ok (<0.05%),ok (<0.05%)
2012,NY,27,156219,161220,317439,317534,156219,161220,317439,8,0,0,-2.9918056019197947e-4,ok (<0.05%),ok (<0.05%),ok (<0.05%)
2012,OH,01,131490,201907,349716,349716,131490,201907,349716,2,0,0,0,ok (<0.05%),ok (<0.05%),ok (<0.05%)
2012,OH,02,137082,194299,331381,331381,137082,194299,331381,8,0,0,0,ok (<0.05%),ok (<0.05%),ok (<0.05%)
2012,OH,03,201921,77903,295679,295679,201921,77903,295679,1,0,0,0,ok (<0.05%),ok (<0.05%),ok (<0.05%)
2012,OH,04,114214,182643,312998,312998,114214,182643,312998,14,0,0,0,ok (<0.05%),ok (<0.05%),ok (<0.05%)
2012,OH,05,137806,201514,351878,351878,137806,201514,351878,14,0,0,0,ok (<0.05%),ok (<0.05%),ok (<0.05%)
2012,OH,06,144444,164536,308980,308980,144444,164536,308980,18,0,0,0,ok (<0.05%),ok (<0.05%),ok (<0.05%)
2012,OH,07,137708,178104,315812,315812,137708,178104,315812,10,0,0,0,ok (<0.05%),ok (<0.05%),ok (<0.05%)
2012,OH,08,0,246380,246442,246442,0,246380,246442,6,0,0,0,ok (<0.05%),ok (<0.05%),ok (<0.05%)
2012,OH,09,217775,68666,298166,298166,217775,68666,298166,5,0,0,0,ok (<0.05%),ok (<0.05%),ok (<0.05%)
2012,OH,10,131097,208201,349671,349671,131097,208201,349671,3,0,0,0,ok (<0.05%),ok (<0.05%),ok (<0.05%)
2012,OH,11,258378,0,258378,258378,258378,0,258378,2,0,0,0,ok (<0.05%),ok (<0.05%),ok (<0.05%)
2012,OH,12,134614,233874,368488,368488,134614,233874,368488,7,0,0,0,ok (<0.05%),ok (<0.05%),ok (<0.05%)
2012,OH,13,235492,88120,323612,323612,235492,88120,323612,5,0,0,0,ok (<0.05%),ok (<0.05%),ok (<0.05%)
2012,OH,14,131638,183660,339878,339878,131638,183660,339878,7,0,0,0,ok (<0.05%),ok (<0.05%),ok (<0.05%)
2012,OH,15,128188,205277,333465,333465,128188,205277,333465,12,0,0,0,ok (<0.05%),ok (<0.05%),ok (<0.05%)
2012,OH,16,170604,185167,355771,355771,170604,185167,355771,6,0,0,0,ok (<0.05%),ok (<0.05%),ok (<0.05%)
2012,OK,01,91421,181084,285312,285312,91421,181084,285312,5,0,0,0,ok (<0.05%),ok (<0.05%),ok (<0.05%)
2012,OK,02,96081,143701,250612,250612,96081,143701,250612,26,0,0,0,ok (<0.05%),ok (<0.05%),ok (<0.05%)
2012,OK,03,53472,201744,268003,268003,53472,201744,268003,32,0,0,0,ok (<0.05%),ok (<0.05%),ok (<0.05%)
2012,OK,04,71846,176740,260331,260331,71846,176740,260331,15,0,0,0,ok (<0.05%),ok (<0.05%),ok (<0.05%)
2012,OK,05,97504,153603,261677,261677,97504,153603,261677,3,0,0,0,ok (<0.05%),ok (<0.05%),ok (<0.05%)
2012,OR,01,197845,109699,331471,331980,177842,92084,291250,4,-0.10110439990901969,-0.1605757572995196,-0.12268811374179167,BAD (>=2%),BAD (>=2%),BAD (>=2%)
2012,OR,02,96741,228043,331809,332255,96595,227384,331420,19,-0.001509184316887359,-0.0028898058699455805,-0.0025131299754706476,small (<0.5%),small (<0.5%),small (<0.5%)
2012,OR,03,264979,70325,355103,355875,264979,70325,355875,2,0,0,0,ok (<0.05%),ok (<0.05%),ok (<0.05%)
2012,OR,04,212866,140549,359620,360088,212866,140549,360088,7,0,0,0,ok (<0.05%),ok (<0.05%),ok (<0.05%)
2012,OR,05,177229,139223,327568,327970,177229,139223,327970,7,0,0,0,ok (<0.05%),ok (<0.05%),ok (<0.05%)
2012,PA,01,235394,41708,277102,277102,234923,41590,276513,2,-0.0020009006176877914,-0.0028291934401074134,-0.0021255710893461613,small (<0.5%),small (<0.5%),small (<0.5%)
2012,PA,02,318176,33381,356386,356386,318176,33381,356386,2,0,0,0,ok (<0.05%),ok (<0.05%),ok (<0.05%)
2012,PA,03,123933,165826,302514,302514,123933,165826,302571,7,0,0,1.884210317539023e-4,ok (<0.05%),ok (<0.05%),ok (<0.05%)
2012,PA,04,104643,181603,303980,303980,104643,181603,304437,4,0,0,0.0015033883808145273,ok (<0.05%),ok (<0.05%),small (<0.5%)
2012,PA,05,104725,177740,282465,282465,104725,177740,282560,16,0,0,3.3632485440674066e-4,ok (<0.05%),ok (<0.05%),ok (<0.05%)
2012,PA,06,143803,191725,335528,335528,143803,191725,335528,4,0,0,0,ok (<0.05%),ok (<0.05%),ok (<0.05%)
2012,PA,07,143509,209942,353451,353451,143021,209260,352288,5,-0.0034004835933634826,-0.0032485162568709454,-0.0032904136641288325,small (<0.5%),small (<0.5%),small (<0.5%)
2012,PA,08,152859,199379,352238,352238,152203,198802,351005,2,-0.004291536644881884,-0.002893985825989698,-0.0035004741112543225,small (<0.5%),small (<0.5%),small (<0.5%)
2012,PA,09,0,169177,274305,274305,105409,169165,274574,12,105409,-7.093162782174881e-5,9.806602139953702e-4,BAD (>=2%),ok (<0.05%),small (<0.5%)
2012,PA,10,94227,179563,273790,273790,94227,179563,273902,15,0,0,4.090726469191716e-4,ok (<0.05%),ok (<0.05%),ok (<0.05%)
2012,PA,11,118231,166967,285198,285198,118231,166967,285211,9,0,0,4.558236733777937e-5,ok (<0.05%),ok (<0.05%),ok (<0.05%)
2012,PA,12,163589,175352,338941,338941,137148,145990,283193,6,-0.1616306719889479,-0.1674460513709567,-0.16447700337226834,BAD (>=2%),BAD (>=2%),BAD (>=2%)
2012,PA,13,209901,93918,303819,303819,209793,93866,303659,2,-5.145282776165907e-4,-5.536744819949318e-4,-5.266293418120658e-4,small (<0.5%),small (<0.5%),small (<0.5%)
2012,PA,14,251932,75702,327634,327634,239823,71771,311594,2,-0.04806455710271026,-0.05192729386277773,-0.04895706794777099,BAD (>=2%),BAD (>=2%),BAD (>=2%)
2012,PA,15,128764,168960,297724,297724,128773,169260,298033,5,6.989531235438477e-5,0.0017755681818181818,0.0010378740041111902,ok (<0.05%),small (<0.5%),small (<0.5%)
2012,PA,16,111185,156192,284781,284781,111085,156152,284778,3,-8.994018977380042e-4,-2.5609506248719523e-4,-1.0534410652396051e-5,small (<0.5%),ok (<0.05%),ok (<0.05%)
2012,PA,17,161393,106208,267601,267601,161389,106208,267597,6,-2.478422236404305e-5,0,-1.4947627251019242e-5,ok (<0.05%),ok (<0.05%),ok (<0.05%)
2012,PA,18,122146,216727,338873,338873,115187,202930,318117,4,-0.05697280303898613,-0.06366073447240077,-0.06125008484004332,BAD (>=2%),BAD (>=2%),BAD (>=2%)
2012,PR,00,0,0,1855719,1856345,NA,NA,NA,NA,NA,NA,NA,MISSING,MISSING,MISSING
2012,RI,01,108612,83737,204867,205115,108466,83696,204918,3,-0.0013442345228888153,-4.896282408015573e-4,-9.604368281208103e-4,small (<0.5%),ok (<0.05%),small (<0.5%)
2012,RI,02,124067,78189,222493,222660,123993,78179,222571,3,-5.964519171093039e-4,-1.278952282290348e-4,-3.997125662444983e-4,small (<0.5%),ok (<0.05%),ok (<0.05%)
2012,SC,01,103557,179908,289799,290013,103460,179908,289916,5,-9.366822136601099e-4,0,-3.3446776523811004e-4,small (<0.5%),ok (<0.05%),ok (<0.05%)
2012,SC,02,0,196116,196116,203718,0,196116,203718,5,0,0,0,ok (<0.05%),ok (<0.05%),ok (<0.05%)
2012,SC,03,84735,169512,254247,254763,84735,169512,254763,11,0,0,0,ok (<0.05%),ok (<0.05%),ok (<0.05%)
2012,SC,04,89964,173201,266555,266884,89964,173201,266884,2,0,0,0,ok (<0.05%),ok (<0.05%),ok (<0.05%)
2012,SC,05,123443,154324,277767,278003,123443,154324,278003,11,0,0,0,ok (<0.05%),ok (<0.05%),ok (<0.05%)
2012,SC,06,218717,0,231637,233615,218717,0,233615,16,0,0,0,ok (<0.05%),ok (<0.05%),ok (<0.05%)
2012,SC,07,122389,153068,275457,275738,122389,153068,275738,8,0,0,0,ok (<0.05%),ok (<0.05%),ok (<0.05%)
2012,SD,00,153789,207640,361429,361429,153789,207640,361429,66,0,0,0,ok (<0.05%),ok (<0.05%),ok (<0.05%)
2012,TN,01,47663,182252,239672,239672,47663,182252,239672,12,0,0,0,ok (<0.05%),ok (<0.05%),ok (<0.05%)
2012,TN,02,54522,196894,264505,264505,54522,196894,264505,7,0,0,0,ok (<0.05%),ok (<0.05%),ok (<0.05%)
2012,TN,03,91094,157830,256909,256909,91094,157830,256909,11,0,0,0,ok (<0.05%),ok (<0.05%),ok (<0.05%)
2012,TN,04,102022,128568,230590,230590,102022,128568,230590,16,0,0,0,ok (<0.05%),ok (<0.05%),ok (<0.05%)
2012,TN,05,171621,86240,263095,263095,171621,86240,263095,3,0,0,0,ok (<0.05%),ok (<0.05%),ok (<0.05%)
2012,TN,06,0,184383,241241,241241,0,184383,241241,19,0,0,0,ok (<0.05%),ok (<0.05%),ok (<0.05%)
2012,TN,07,61679,182730,257306,257306,61679,182730,257306,19,0,0,0,ok (<0.05%),ok (<0.05%),ok (<0.05%)
2012,TN,08,79490,190923,279422,279422,79490,190923,279422,15,0,0,0,ok (<0.05%),ok (<0.05%),ok (<0.05%)
2012,TN,09,188422,59742,250987,250987,188422,59742,250987,1,0,0,0,ok (<0.05%),ok (<0.05%),ok (<0.05%)
2012,TX,01,67222,178322,249658,249658,67222,178322,249658,12,0,0,0,ok (<0.05%),ok (<0.05%),ok (<0.05%)
2012,TX,02,80512,159664,246328,246328,80512,159664,246328,1,0,0,0,ok (<0.05%),ok (<0.05%),ok (<0.05%)
2012,TX,03,0,187180,187180,187180,0,187180,187180,1,0,0,0,ok (<0.05%),ok (<0.05%),ok (<0.05%)
2012,TX,04,60214,182679,250343,250343,60214,182679,250343,18,0,0,0,ok (<0.05%),ok (<0.05%),ok (<0.05%)
2012,TX,05,69178,134091,208230,208230,69178,134091,208230,7,0,0,0,ok (<0.05%),ok (<0.05%),ok (<0.05%)
2012,TX,06,98053,145019,249936,249936,98053,145019,249936,3,0,0,0,ok (<0.05%),ok (<0.05%),ok (<0.05%)
2012,TX,07,85553,142793,234837,234837,85553,142793,234837,1,0,0,0,ok (<0.05%),ok (<0.05%),ok (<0.05%)
2012,TX,08,51051,194043,251052,251052,51051,194043,251052,9,0,0,0,ok (<0.05%),ok (<0.05%),ok (<0.05%)
2012,TX,09,144075,36139,183566,183566,144075,36139,183566,2,0,0,0,ok (<0.05%),ok (<0.05%),ok (<0.05%)
2012,TX,10,95710,159783,264019,264019,95710,159783,264019,9,0,0,0,ok (<0.05%),ok (<0.05%),ok (<0.05%)
2012,TX,11,41970,177742,226023,226023,41970,177742,226023,29,0,0,0,ok (<0.05%),ok (<0.05%),ok (<0.05%)
2012,TX,12,66080,175649,247712,247712,66080,175649,247712,3,0,0,0,ok (<0.05%),ok (<0.05%),ok (<0.05%)
2012,TX,13,0,187775,206388,206388,0,187775,206388,41,0,0,0,ok (<0.05%),ok (<0.05%),ok (<0.05%)
2012,TX,14,109697,131460,245839,245839,109697,131460,245839,3,0,0,0,ok (<0.05%),ok (<0.05%),ok (<0.05%)
2012,TX,15,89296,54056,146661,146661,89296,54056,146661,8,0,0,0,ok (<0.05%),ok (<0.05%),ok (<0.05%)
2012,TX,16,101403,51043,155005,155005,101403,51043,155005,1,0,0,0,ok (<0.05%),ok (<0.05%),ok (<0.05%)
2012,TX,17,0,143284,179262,179262,0,143284,179262,12,0,0,0,ok (<0.05%),ok (<0.05%),ok (<0.05%)
2012,TX,18,146223,44015,194932,194932,146223,44015,194932,1,0,0,0,ok (<0.05%),ok (<0.05%),ok (<0.05%)
2012,TX,19,0,163239,192063,192063,0,163239,192063,29,0,0,0,ok (<0.05%),ok (<0.05%),ok (<0.05%)
2012,TX,20,119032,62376,186177,186177,119032,62376,186177,1,0,0,0,ok (<0.05%),ok (<0.05%),ok (<0.05%)
2012,TX,21,109326,187015,308865,308865,109326,187015,308865,10,0,0,0,ok (<0.05%),ok (<0.05%),ok (<0.05%)
2012,TX,22,80203,160668,250911,250911,80203,160668,250911,3,0,0,0,ok (<0.05%),ok (<0.05%),ok (<0.05%)
2012,TX,23,96676,87547,192169,192169,96676,87547,192169,29,0,0,0,ok (<0.05%),ok (<0.05%),ok (<0.05%)
2012,TX,24,87645,148586,243489,243489,87645,148586,243489,3,0,0,0,ok (<0.05%),ok (<0.05%),ok (<0.05%)
2012,TX,25,98827,154245,263932,263932,98827,154245,263932,13,0,0,0,ok (<0.05%),ok (<0.05%),ok (<0.05%)
2012,TX,26,74237,176642,258723,258723,74237,176642,258723,3,0,0,0,ok (<0.05%),ok (<0.05%),ok (<0.05%)
2012,TX,27,83395,120684,212651,212651,83395,120684,212651,13,0,0,0,ok (<0.05%),ok (<0.05%),ok (<0.05%)
2012,TX,28,112456,49309,165645,165645,112456,49309,165645,9,0,0,0,ok (<0.05%),ok (<0.05%),ok (<0.05%)
2012,TX,29,86053,0,95611,95611,86053,0,95611,1,0,0,0,ok (<0.05%),ok (<0.05%),ok (<0.05%)
2012,TX,30,171059,41222,217014,217014,171059,41222,217014,1,0,0,0,ok (<0.05%),ok (<0.05%),ok (<0.05%)
2012,TX,31,82977,145348,237187,237187,82977,145348,237187,2,0,0,0,ok (<0.05%),ok (<0.05%),ok (<0.05%)
2012,TX,32,99288,146653,251636,251636,99288,146653,251636,2,0,0,0,ok (<0.05%),ok (<0.05%),ok (<0.05%)
2012,TX,33,85114,30252,117375,117375,85114,30252,117375,2,0,0,0,ok (<0.05%),ok (<0.05%),ok (<0.05%)
2012,TX,34,89606,52448,144778,144778,89606,52448,144778,11,0,0,0,ok (<0.05%),ok (<0.05%),ok (<0.05%)
2012,TX,35,105626,52894,165179,165179,105626,52894,165179,6,0,0,0,ok (<0.05%),ok (<0.05%),ok (<0.05%)
2012,TX,36,62143,165405,233832,233832,62143,165405,233832,9,0,0,0,ok (<0.05%),ok (<0.05%),ok (<0.05%)
2012,UT,01,60611,175487,245528,245528,60611,175487,245528,10,0,0,0,ok (<0.05%),ok (<0.05%),ok (<0.05%)
2012,UT,02,83176,154523,248545,248545,83176,154523,248545,14,0,0,0,ok (<0.05%),ok (<0.05%),ok (<0.05%)
2012,UT,03,60719,198828,259547,259547,60719,198828,259547,7,0,0,0,ok (<0.05%),ok (<0.05%),ok (<0.05%)
2012,UT,04,119803,119035,245277,245277,119803,119035,245277,4,0,0,0,ok (<0.05%),ok (<0.05%),ok (<0.05%)
2012,VA,01,147036,200845,356189,356806,147036,200845,356982,22,0,0,4.932652477817077e-4,ok (<0.05%),ok (<0.05%),ok (<0.05%)
2012,VA,02,142548,166231,308779,309222,142548,166231,309570,6,0,0,0.0011254050487998913,ok (<0.05%),ok (<0.05%),small (<0.5%)
2012,VA,03,259199,58931,318130,318936,259199,58931,319366,10,0,0,0.001348232874307071,ok (<0.05%),ok (<0.05%),small (<0.5%)
2012,VA,04,150190,199292,349482,350046,150190,199292,350070,16,0,0,6.856241751084144e-5,ok (<0.05%),ok (<0.05%),ok (<0.05%)
2012,VA,05,149214,193009,347723,348111,149214,193009,348217,24,0,0,3.045005759657121e-4,ok (<0.05%),ok (<0.05%),ok (<0.05%)
2012,VA,06,111949,211278,323227,323893,111949,211278,323915,19,0,0,6.7923666149006e-5,ok (<0.05%),ok (<0.05%),ok (<0.05%)
2012,VA,07,158012,222983,380995,381909,158012,222983,382347,10,0,0,0.0011468700659057523,ok (<0.05%),ok (<0.05%),small (<0.5%)
2012,VA,08,226847,107370,350382,351187,226847,107370,351676,4,0,0,0.0013924205622645486,ok (<0.05%),ok (<0.05%),small (<0.5%)
2012,VA,09,116400,184882,301282,301658,116400,184882,301676,29,0,0,5.967022256993019e-5,ok (<0.05%),ok (<0.05%),ok (<0.05%)
2012,VA,10,142024,214038,365917,366444,142024,214038,366711,8,0,0,7.286242918426826e-4,ok (<0.05%),ok (<0.05%),small (<0.5%)
2012,VA,11,202606,117902,331455,332243,202606,117902,332755,3,0,0,0.001541040744274522,ok (<0.05%),ok (<0.05%),small (<0.5%)
2012,VI,00,11512,2131,19158,19170,NA,NA,NA,NA,NA,NA,NA,MISSING,MISSING,MISSING
2012,VT,00,208600,67543,289663,289931,208607,67440,289584,14,3.355704697986577e-5,-0.0015249544734465452,-0.0011968364886817899,ok (<0.05%),small (<0.5%),small (<0.5%)
2012,WI,01,158414,200423,364891,365058,158414,200423,365058,6,0,0,0,ok (<0.05%),ok (<0.05%),ok (<0.05%)
2012,WI,02,265422,124683,390111,390898,265422,124683,390898,7,0,0,0,ok (<0.05%),ok (<0.05%),ok (<0.05%)
2012,WI,03,217712,121713,339425,339764,217712,121713,339764,18,0,0,0,ok (<0.05%),ok (<0.05%),ok (<0.05%)
2012,WI,04,235257,80787,325321,325788,235257,80787,325788,2,0,0,0,ok (<0.05%),ok (<0.05%),ok (<0.05%)
2012,WI,05,118478,250335,368813,369664,118478,250335,369664,6,0,0,0,ok (<0.05%),ok (<0.05%),ok (<0.05%)
2012,WI,06,135921,223460,359381,359745,135921,223460,359745,11,0,0,0,ok (<0.05%),ok (<0.05%),ok (<0.05%)
2012,WI,07,157524,201720,359264,359669,157524,201720,359669,26,0,0,0,ok (<0.05%),ok (<0.05%),ok (<0.05%)
2012,WI,08,156287,198874,355161,355464,156287,198874,355464,11,0,0,0,ok (<0.05%),ok (<0.05%),ok (<0.05%)
2012,WV,01,80342,133809,214151,214151,80342,133809,214151,20,0,0,0,ok (<0.05%),ok (<0.05%),ok (<0.05%)
2012,WV,02,68560,158206,226766,226766,68560,158206,226766,17,0,0,0,ok (<0.05%),ok (<0.05%),ok (<0.05%)
2012,WV,03,108199,92238,200437,200437,108199,92238,200437,18,0,0,0,ok (<0.05%),ok (<0.05%),ok (<0.05%)
2012,WY,00,57573,166452,241205,241621,57573,166452,241621,23,0,0,0,ok (<0.05%),ok (<0.05%),ok (<0.05%)
2014,AL,01,48278,103758,152036,152234,48270,103661,152129,6,-1.6570694726376404e-4,-9.348676728541414e-4,-6.897276561083595e-4,ok (<0.05%),small (<0.5%),small (<0.5%)
2014,AL,02,54692,113103,167795,167952,54692,113102,167951,15,0,-8.84149845715852e-6,-5.954082118700581e-6,ok (<0.05%),ok (<0.05%),ok (<0.05%)
2014,AL,03,52816,103558,156374,156620,69341,140170,209839,13,0.31287867312935475,0.3535410108345082,0.3397969607968331,BAD (>=2%),BAD (>=2%),BAD (>=2%)
2014,AL,04,0,132831,132831,134752,0,119225,120926,15,0,-0.10243090844757624,-0.10260330087865115,ok (<0.05%),BAD (>=2%),BAD (>=2%)
2014,AL,05,0,115338,154343,154974,0,115338,154557,5,0,0,-0.0026907739362731814,ok (<0.05%),ok (<0.05%),small (<0.5%)
2014,AL,06,42291,135945,178236,178449,16175,67274,83529,5,-0.6175309167435151,-0.5051381073228144,-0.5319166820772322,BAD (>=2%),BAD (>=2%),BAD (>=2%)
2014,AL,07,133687,0,133687,135899,70059,0,71377,12,-0.47594754912594345,0,-0.4747790638636046,BAD (>=2%),ok (<0.05%),BAD (>=2%)
2014,AR,01,63555,124139,196256,196256,61816,121050,191271,29,-0.027362127291322477,-0.02488339683741612,-0.025400497309636394,BAD (>=2%),BAD (>=2%),BAD (>=2%)
2014,AR,02,103477,123073,237330,237330,103477,123073,237140,7,0,0,-8.005730417562045e-4,ok (<0.05%),ok (<0.05%),small (<0.5%)
2014,AR,03,0,151630,190935,190935,0,151630,190935,10,0,0,0,ok (<0.05%),ok (<0.05%),ok (<0.05%)
2014,AR,04,87742,110789,206131,206131,87742,110789,206129,33,0,0,-9.702567784564185e-6,ok (<0.05%),ok (<0.05%),ok (<0.05%)
2014,AS,00,5328,4306,10246,10246,NA,NA,NA,NA,NA,NA,NA,MISSING,MISSING,MISSING
2014,AZ,01,97391,87723,185114,185114,97391,87723,185114,11,0,0,0,ok (<0.05%),ok (<0.05%),ok (<0.05%)
2014,AZ,02,109547,109714,219365,219365,109543,109752,219351,2,-3.651400768619862e-5,3.4635506863299123e-4,-6.382057301757345e-5,ok (<0.05%),ok (<0.05%),ok (<0.05%)
2014,AZ,03,58192,46185,104428,104428,58192,46185,104428,5,0,0,0,ok (<0.05%),ok (<0.05%),ok (<0.05%)
2014,AZ,04,45179,122560,175179,175179,45179,122560,175179,7,0,0,0,ok (<0.05%),ok (<0.05%),ok (<0.05%)
2014,AZ,05,54596,124867,179463,179463,54596,124867,179463,1,0,0,0,ok (<0.05%),ok (<0.05%),ok (<0.05%)
2014,AZ,06,70198,129578,199776,199776,70198,129578,199776,1,0,0,0,ok (<0.05%),ok (<0.05%),ok (<0.05%)
2014,AZ,07,54235,0,72454,72454,54252,129,72454,1,3.134507237024062e-4,129,0,ok (<0.05%),BAD (>=2%),ok (<0.05%)
2014,AZ,08,0,128710,169776,169776,0,128710,169776,1,0,0,0,ok (<0.05%),ok (<0.05%),ok (<0.05%)
2014,AZ,09,88609,67841,162062,162062,88609,67841,162062,1,0,0,0,ok (<0.05%),ok (<0.05%),ok (<0.05%)
2014,CA,01,84320,132052,216372,216372,84320,132052,216372,11,0,0,0,ok (<0.05%),ok (<0.05%),ok (<0.05%)
2014,CA,02,163124,54400,217524,217524,163124,54400,217524,6,0,0,0,ok (<0.05%),ok (<0.05%),ok (<0.05%)
2014,CA,03,79224,71036,150260,150260,79224,71036,150260,8,0,0,0,ok (<0.05%),ok (<0.05%),ok (<0.05%)
2014,CA,04,0,211134,211134,211134,0,211134,211134,10,0,0,0,ok (<0.05%),ok (<0.05%),ok (<0.05%)
2014,CA,05,129613,0,171148,171148,129613,0,171148,5,0,0,0,ok (<0.05%),ok (<0.05%),ok (<0.05%)
2014,CA,06,97008,36448,133456,133456,97008,36448,133456,2,0,0,0,ok (<0.05%),ok (<0.05%),ok (<0.05%)
2014,CA,07,92521,91066,183587,183587,92521,91066,183587,1,0,0,0,ok (<0.05%),ok (<0.05%),ok (<0.05%)
2014,CA,08,37056,77480,114536,114536,37056,77480,114536,3,0,0,0,ok (<0.05%),ok (<0.05%),ok (<0.05%)
2014,CA,09,63475,57729,121204,121204,63475,57729,121204,3,0,0,0,ok (<0.05%),ok (<0.05%),ok (<0.05%)
2014,CA,10,55123,70582,125705,125705,55123,70582,125705,2,0,0,0,ok (<0.05%),ok (<0.05%),ok (<0.05%)
2014,CA,11,117502,57160,174662,174662,117502,57160,174662,1,0,0,0,ok (<0.05%),ok (<0.05%),ok (<0.05%)
2014,CA,12,160067,32197,192264,192264,160067,32197,192264,1,0,0,0,ok (<0.05%),ok (<0.05%),ok (<0.05%)
2014,CA,13,168491,21940,190431,190431,168491,21940,190431,2,0,0,0,ok (<0.05%),ok (<0.05%),ok (<0.05%)
2014,CA,14,114389,34757,149146,149146,114389,34757,149146,2,0,0,0,ok (<0.05%),ok (<0.05%),ok (<0.05%)
2014,CA,15,99756,43150,142906,142906,99756,43150,142906,2,0,0,0,ok (<0.05%),ok (<0.05%),ok (<0.05%)
2014,CA,16,46277,44943,91220,91220,46277,44943,91220,3,0,0,0,ok (<0.05%),ok (<0.05%),ok (<0.05%)
2014,CA,17,134408,0,134408,134408,134408,0,134408,2,0,0,0,ok (<0.05%),ok (<0.05%),ok (<0.05%)
2014,CA,18,133060,63326,196386,196386,133060,63326,196386,3,0,0,0,ok (<0.05%),ok (<0.05%),ok (<0.05%)
2014,CA,19,127788,0,127788,127788,127788,0,127788,1,0,0,0,ok (<0.05%),ok (<0.05%),ok (<0.05%)
2014,CA,20,106034,0,141044,141044,106034,0,141044,4,0,0,0,ok (<0.05%),ok (<0.05%),ok (<0.05%)
2014,CA,21,33470,45907,79377,79377,33470,45907,79377,4,0,0,0,ok (<0.05%),ok (<0.05%),ok (<0.05%)
2014,CA,22,37289,96053,133342,133342,37289,96053,133342,2,0,0,0,ok (<0.05%),ok (<0.05%),ok (<0.05%)
2014,CA,23,33726,100317,134043,134043,33726,100317,134043,3,0,0,0,ok (<0.05%),ok (<0.05%),ok (<0.05%)
2014,CA,24,103228,95566,198794,198794,103228,95566,198794,3,0,0,0,ok (<0.05%),ok (<0.05%),ok (<0.05%)
2014,CA,25,0,114072,114072,114072,0,114072,114072,2,0,0,0,ok (<0.05%),ok (<0.05%),ok (<0.05%)
2014,CA,26,87176,82653,169829,169829,87176,82653,169829,2,0,0,0,ok (<0.05%),ok (<0.05%),ok (<0.05%)
2014,CA,27,75728,51852,127580,127580,75728,51852,127580,2,0,0,0,ok (<0.05%),ok (<0.05%),ok (<0.05%)
2014,CA,28,91996,0,120264,120264,91996,0,120264,1,0,0,0,ok (<0.05%),ok (<0.05%),ok (<0.05%)
2014,CA,29,50096,17045,67141,67141,50096,17045,67141,1,0,0,0,ok (<0.05%),ok (<0.05%),ok (<0.05%)
2014,CA,30,86568,45315,131883,131883,86568,45315,131883,2,0,0,0,ok (<0.05%),ok (<0.05%),ok (<0.05%)
2014,CA,31,51622,48162,99784,99784,51622,48162,99784,1,0,0,0,ok (<0.05%),ok (<0.05%),ok (<0.05%)
2014,CA,32,50353,34053,84406,84406,50353,34053,84406,1,0,0,0,ok (<0.05%),ok (<0.05%),ok (<0.05%)
2014,CA,33,108331,74700,183031,183031,108331,74700,183031,1,0,0,0,ok (<0.05%),ok (<0.05%),ok (<0.05%)
2014,CA,34,61621,0,61621,61621,61621,0,61621,1,0,0,0,ok (<0.05%),ok (<0.05%),ok (<0.05%)
2014,CA,35,62255,0,62255,62255,62255,0,62255,2,0,0,0,ok (<0.05%),ok (<0.05%),ok (<0.05%)
2014,CA,36,72682,61457,134139,134139,72682,61457,134139,1,0,0,0,ok (<0.05%),ok (<0.05%),ok (<0.05%)
2014,CA,37,96787,18051,114838,114838,96787,18051,114838,1,0,0,0,ok (<0.05%),ok (<0.05%),ok (<0.05%)
2014,CA,38,58192,40288,98480,98480,58192,40288,98480,2,0,0,0,ok (<0.05%),ok (<0.05%),ok (<0.05%)
2014,CA,39,41906,91319,133225,133225,41906,91319,133225,3,0,0,0,ok (<0.05%),ok (<0.05%),ok (<0.05%)
2014,CA,40,49379,0,49379,49379,49379,0,49379,1,0,0,0,ok (<0.05%),ok (<0.05%),ok (<0.05%)
2014,CA,41,46948,35936,82884,82884,46948,35936,82884,1,0,0,0,ok (<0.05%),ok (<0.05%),ok (<0.05%)
2014,CA,42,38850,74540,113390,113390,38850,74540,113390,1,0,0,0,ok (<0.05%),ok (<0.05%),ok (<0.05%)
2014,CA,43,69681,28521,98202,98202,69681,28521,98202,1,0,0,0,ok (<0.05%),ok (<0.05%),ok (<0.05%)
2014,CA,44,59670,0,68862,68862,59670,0,68862,1,0,0,0,ok (<0.05%),ok (<0.05%),ok (<0.05%)
2014,CA,45,56819,106083,162902,162902,56819,106083,162902,1,0,0,0,ok (<0.05%),ok (<0.05%),ok (<0.05%)
2014,CA,46,49738,33577,83315,83315,49738,33577,83315,1,0,0,0,ok (<0.05%),ok (<0.05%),ok (<0.05%)
2014,CA,47,69091,54309,123400,123400,69091,54309,123400,2,0,0,0,ok (<0.05%),ok (<0.05%),ok (<0.05%)
2014,CA,48,62713,112082,174795,174795,62713,112082,174795,1,0,0,0,ok (<0.05%),ok (<0.05%),ok (<0.05%)
2014,CA,49,64981,98161,163142,163142,64981,98161,163142,2,0,0,0,ok (<0.05%),ok (<0.05%),ok (<0.05%)
2014,CA,50,45302,111997,157299,157299,45302,111997,157299,2,0,0,0,ok (<0.05%),ok (<0.05%),ok (<0.05%)
2014,CA,51,56373,25577,81950,81950,56373,25577,81950,2,0,0,0,ok (<0.05%),ok (<0.05%),ok (<0.05%)
2014,CA,52,98826,92746,191572,191572,98826,92746,191572,1,0,0,0,ok (<0.05%),ok (<0.05%),ok (<0.05%)
2014,CA,53,87104,60940,148044,148044,87104,60940,148044,1,0,0,0,ok (<0.05%),ok (<0.05%),ok (<0.05%)
2014,CT,01,135825,78609,217881,217881,135825,78609,217881,3,0,0,0,ok (<0.05%),ok (<0.05%),ok (<0.05%)
2014,CT,02,141948,80837,227936,227936,141948,80837,227936,6,0,0,0,ok (<0.05%),ok (<0.05%),ok (<0.05%)
2014,CT,03,140485,69454,209939,209939,140485,69454,209939,3,0,0,0,ok (<0.05%),ok (<0.05%),ok (<0.05%)
2014,CT,04,106873,91922,198800,198800,106873,91922,198795,2,0,0,-2.5150905432595573e-5,ok (<0.05%),ok (<0.05%),ok (<0.05%)
2014,CT,05,113564,97767,213301,213301,113564,97767,213301,4,0,0,0,ok (<0.05%),ok (<0.05%),ok (<0.05%)
2014,DE,00,137251,85146,231617,231617,137251,85146,231617,3,0,0,0,ok (<0.05%),ok (<0.05%),ok (<0.05%)
2014,FL,01,54976,165086,235343,235343,54976,165086,235343,5,0,0,0,ok (<0.05%),ok (<0.05%),ok (<0.05%)
2014,FL,02,126096,123262,249780,249780,126096,123262,249780,14,0,0,0,ok (<0.05%),ok (<0.05%),ok (<0.05%)
2014,FL,03,73910,148691,228809,228809,73910,148691,228809,13,0,0,0,ok (<0.05%),ok (<0.05%),ok (<0.05%)
2014,FL,04,0,177887,227253,227253,0,177887,227253,3,0,0,0,ok (<0.05%),ok (<0.05%),ok (<0.05%)
2014,FL,05,112340,59237,171577,171577,112340,59237,171577,8,0,0,0,ok (<0.05%),ok (<0.05%),ok (<0.05%)
2014,FL,06,99563,166254,265817,265817,99563,166254,265817,4,0,0,0,ok (<0.05%),ok (<0.05%),ok (<0.05%)
2014,FL,07,73011,144474,227164,227164,73011,144474,227164,3,0,0,0,ok (<0.05%),ok (<0.05%),ok (<0.05%)
2014,FL,08,93724,180728,274513,274513,93724,180728,274513,3,0,0,0,ok (<0.05%),ok (<0.05%),ok (<0.05%)
2014,FL,09,93850,74963,173878,173878,93850,74963,173878,3,0,0,0,ok (<0.05%),ok (<0.05%),ok (<0.05%)
2014,FL,10,89426,143128,232574,232574,89426,143128,232574,3,0,0,0,ok (<0.05%),ok (<0.05%),ok (<0.05%)
2014,FL,11,90786,181508,272294,272294,90786,181508,272294,5,0,0,0,ok (<0.05%),ok (<0.05%),ok (<0.05%)
2014,FL,13,0,168172,223576,223576,0,168172,223576,1,0,0,0,ok (<0.05%),ok (<0.05%),ok (<0.05%)
2014,FL,15,84832,128750,213582,213582,84832,128750,213582,2,0,0,0,ok (<0.05%),ok (<0.05%),ok (<0.05%)
2014,FL,16,105483,169126,274829,274829,105483,169126,274829,2,0,0,0,ok (<0.05%),ok (<0.05%),ok (<0.05%)
2014,FL,17,82263,141493,223756,223756,82263,141493,223756,10,0,0,0,ok (<0.05%),ok (<0.05%),ok (<0.05%)
2014,FL,18,151478,101896,253374,253374,151478,101896,253374,3,0,0,0,ok (<0.05%),ok (<0.05%),ok (<0.05%)
2014,FL,19,80824,159354,246861,246861,80824,159354,246861,2,0,0,0,ok (<0.05%),ok (<0.05%),ok (<0.05%)
2014,FL,20,128498,28968,157466,157466,128498,28968,157466,3,0,0,0,ok (<0.05%),ok (<0.05%),ok (<0.05%)
2014,FL,21,153395,0,153970,153970,153395,0,153970,2,0,0,0,ok (<0.05%),ok (<0.05%),ok (<0.05%)
2014,FL,22,125404,90685,216096,216096,125404,90685,216096,2,0,0,0,ok (<0.05%),ok (<0.05%),ok (<0.05%)
2014,FL,23,103269,61519,164788,164788,103269,61519,164788,2,0,0,0,ok (<0.05%),ok (<0.05%),ok (<0.05%)
2014,FL,24,129192,15239,149918,149918,129192,15239,149918,2,0,0,0,ok (<0.05%),ok (<0.05%),ok (<0.05%)
2014,FL,26,78306,83031,161337,161337,78306,83031,161337,2,0,0,0,ok (<0.05%),ok (<0.05%),ok (<0.05%)
2014,GA,01,61175,95337,156512,156512,61175,95337,156512,17,0,0,0,ok (<0.05%),ok (<0.05%),ok (<0.05%)
2014,GA,02,96363,66537,162900,162900,96363,66537,162900,29,0,0,0,ok (<0.05%),ok (<0.05%),ok (<0.05%)
2014,GA,03,0,156277,156277,156277,0,156277,156277,13,0,0,0,ok (<0.05%),ok (<0.05%),ok (<0.05%)
2014,GA,04,161211,0,161320,161320,161211,0,161211,4,0,0,-6.756756756756757e-4,ok (<0.05%),ok (<0.05%),small (<0.5%)
2014,GA,05,170326,0,170326,170326,170326,0,170326,3,0,0,0,ok (<0.05%),ok (<0.05%),ok (<0.05%)
2014,GA,06,71486,139018,210504,210504,71486,139018,210504,3,0,0,0,ok (<0.05%),ok (<0.05%),ok (<0.05%)
2014,GA,07,60112,113557,173669,173669,60112,113557,173669,2,0,0,0,ok (<0.05%),ok (<0.05%),ok (<0.05%)
2014,GA,08,0,129938,130057,130057,0,129938,129938,24,0,0,-9.149834303420807e-4,ok (<0.05%),ok (<0.05%),small (<0.5%)
2014,GA,09,34988,146059,181047,181047,34988,146059,181047,20,0,0,0,ok (<0.05%),ok (<0.05%),ok (<0.05%)
2014,GA,10,65777,130703,196480,196480,65777,130703,196480,25,0,0,0,ok (<0.05%),ok (<0.05%),ok (<0.05%)
2014,GA,11,0,161532,161532,161532,0,161532,161532,4,0,0,0,ok (<0.05%),ok (<0.05%),ok (<0.05%)
2014,GA,12,75478,91336,166814,166814,75478,91336,166814,19,0,0,0,ok (<0.05%),ok (<0.05%),ok (<0.05%)
2014,GA,13,159445,0,159445,159445,159445,0,159445,6,0,0,0,ok (<0.05%),ok (<0.05%),ok (<0.05%)
2014,GA,14,0,118782,118782,118782,0,118782,118782,12,0,0,0,ok (<0.05%),ok (<0.05%),ok (<0.05%)
2014,GU,00,20693,14956,35649,35762,NA,NA,NA,NA,NA,NA,NA,MISSING,MISSING,MISSING
2014,IA,01,141145,147762,288907,289306,282290,295524,577814,20,1,1,0.9972416749047721,BAD (>=2%),BAD (>=2%),BAD (>=2%)
2014,IA,02,143431,129455,272886,273329,286862,258910,545772,24,1,1,0.996758485195497,BAD (>=2%),BAD (>=2%),BAD (>=2%)
2014,IA,03,119109,148814,281337,282066,238218,297628,562674,16,1,1,0.994830997000702,BAD (>=2%),BAD (>=2%),BAD (>=2%)
2014,IA,04,105504,169834,275338,275633,211008,339668,550676,39,1,1,0.9978594725595267,BAD (>=2%),BAD (>=2%),BAD (>=2%)
2014,ID,01,77277,143587,220864,220864,77277,143580,220864,19,0,-4.8750931491012415e-5,0,ok (<0.05%),ok (<0.05%),ok (<0.05%)
2014,ID,02,82801,131492,214293,214293,82801,131492,214293,26,0,0,0,ok (<0.05%),ok (<0.05%),ok (<0.05%)
2014,IL,01,162268,59749,222017,222017,162268,59749,222017,2,0,0,0,ok (<0.05%),ok (<0.05%),ok (<0.05%)
2014,IL,02,160337,43799,204266,204266,160337,43799,204266,3,0,0,0,ok (<0.05%),ok (<0.05%),ok (<0.05%)
2014,IL,03,116764,64091,180855,180855,116764,64091,180855,3,0,0,0,ok (<0.05%),ok (<0.05%),ok (<0.05%)
2014,IL,04,79666,22278,101944,101944,79666,22278,101944,1,0,0,0,ok (<0.05%),ok (<0.05%),ok (<0.05%)
2014,IL,05,116364,56350,184019,184019,116364,56350,184019,2,0,0,0,ok (<0.05%),ok (<0.05%),ok (<0.05%)
2014,IL,06,78465,160287,238752,238752,78465,160287,238752,5,0,0,0,ok (<0.05%),ok (<0.05%),ok (<0.05%)
2014,IL,07,155110,27168,182278,182278,155110,27168,182278,1,0,0,0,ok (<0.05%),ok (<0.05%),ok (<0.05%)
2014,IL,08,84178,66878,151056,151056,84178,66878,151056,3,0,0,0,ok (<0.05%),ok (<0.05%),ok (<0.05%)
2014,IL,09,141000,72384,213450,213450,141000,72384,213450,1,0,0,0,ok (<0.05%),ok (<0.05%),ok (<0.05%)
2014,IL,10,91136,95992,187128,187128,91136,95992,187128,2,0,0,0,ok (<0.05%),ok (<0.05%),ok (<0.05%)
2014,IL,11,93436,81335,174772,174772,93436,81335,174772,5,0,0,0,ok (<0.05%),ok (<0.05%),ok (<0.05%)
2014,IL,12,87860,110038,209738,209738,87860,110038,209738,12,0,0,0,ok (<0.05%),ok (<0.05%),ok (<0.05%)
2014,IL,13,86935,123337,210272,210272,86935,123337,210272,14,0,0,0,ok (<0.05%),ok (<0.05%),ok (<0.05%)
2014,IL,14,76861,145369,222230,222230,76861,145369,222230,7,0,0,0,ok (<0.05%),ok (<0.05%),ok (<0.05%)
2014,IL,15,55652,166274,221926,221926,55652,166274,221926,33,0,0,0,ok (<0.05%),ok (<0.05%),ok (<0.05%)
2014,IL,16,63810,153388,217198,217198,63810,153388,217198,14,0,0,0,ok (<0.05%),ok (<0.05%),ok (<0.05%)
2014,IL,17,110560,88785,199361,199361,110560,88785,199361,14,0,0,0,ok (<0.05%),ok (<0.05%),ok (<0.05%)
2014,IL,18,62377,184363,246740,246740,62377,184363,246740,19,0,0,0,ok (<0.05%),ok (<0.05%),ok (<0.05%)
2014,IN,01,86579,51000,142293,142293,86579,51000,142293,3,0,0,0,ok (<0.05%),ok (<0.05%),ok (<0.05%)
2014,IN,02,55590,85583,145200,145200,55590,85583,145200,10,0,0,0,ok (<0.05%),ok (<0.05%),ok (<0.05%)
2014,IN,03,39771,102889,148793,148793,39771,102889,148793,12,0,0,0,ok (<0.05%),ok (<0.05%),ok (<0.05%)
2014,IN,04,47056,94998,142054,142054,47056,94998,142054,16,0,0,0,ok (<0.05%),ok (<0.05%),ok (<0.05%)
2014,IN,05,49756,105277,161440,161440,49756,105277,161440,8,0,0,0,ok (<0.05%),ok (<0.05%),ok (<0.05%)
2014,IN,06,45509,102187,155071,155071,45509,102187,155071,19,0,0,0,ok (<0.05%),ok (<0.05%),ok (<0.05%)
2014,IN,07,61443,46887,112261,112261,61443,46887,112261,1,0,0,0,ok (<0.05%),ok (<0.05%),ok (<0.05%)
2014,IN,08,61384,103344,171315,171315,61384,103344,171315,19,0,0,0,ok (<0.05%),ok (<0.05%),ok (<0.05%)
2014,IN,09,55016,101594,162387,162387,55016,101594,162387,13,0,0,0,ok (<0.05%),ok (<0.05%),ok (<0.05%)
2014,KS,01,65397,138764,204161,204161,65397,138764,204161,63,0,0,0,ok (<0.05%),ok (<0.05%),ok (<0.05%)
2014,KS,02,87153,128742,225686,225686,87153,128742,225686,25,0,0,0,ok (<0.05%),ok (<0.05%),ok (<0.05%)
2014,KS,03,89584,134493,224077,224077,89584,134493,224077,3,0,0,0,ok (<0.05%),ok (<0.05%),ok (<0.05%)
2014,KS,04,69396,138757,208153,208153,69396,138757,208153,17,0,0,0,ok (<0.05%),ok (<0.05%),ok (<0.05%)
2014,KY,01,63596,173022,236618,236618,63596,173022,236618,35,0,0,0,ok (<0.05%),ok (<0.05%),ok (<0.05%)
2014,KY,02,69898,156936,226834,226834,69898,156936,226834,21,0,0,0,ok (<0.05%),ok (<0.05%),ok (<0.05%)
2014,KY,03,157056,87981,247355,247355,157056,87981,247355,1,0,0,0,ok (<0.05%),ok (<0.05%),ok (<0.05%)
2014,KY,04,71694,150464,222158,222158,71694,150464,222158,20,0,0,0,ok (<0.05%),ok (<0.05%),ok (<0.05%)
2014,KY,05,47617,171350,218967,218967,47617,171350,218967,30,0,0,0,ok (<0.05%),ok (<0.05%),ok (<0.05%)
2014,KY,06,98290,147404,245694,245694,98290,147404,245694,19,0,0,0,ok (<0.05%),ok (<0.05%),ok (<0.05%)
2014,LA,01,46047,189250,244004,244004,46047,189250,244004,8,0,0,0,ok (<0.05%),ok (<0.05%),ok (<0.05%)
2014,LA,02,190006,0,221570,221570,190006,0,221570,10,0,0,0,ok (<0.05%),ok (<0.05%),ok (<0.05%)
2014,LA,03,0,207926,236268,236268,0,207926,236268,10,0,0,0,ok (<0.05%),ok (<0.05%),ok (<0.05%)
2014,LA,04,0,152683,207919,207919,0,152683,207919,15,0,0,0,ok (<0.05%),ok (<0.05%),ok (<0.05%)
2014,LA,05,75006,134616,209622,209622,75006,134616,209622,24,0,0,0,ok (<0.05%),ok (<0.05%),ok (<0.05%)
2014,LA,06,83781,139209,222990,222990,83781,139209,222990,13,0,0,0,ok (<0.05%),ok (<0.05%),ok (<0.05%)
2014,MA,01,167612,0,167612,171110,167612,0,171110,5,0,0,0,ok (<0.05%),ok (<0.05%),ok (<0.05%)
2014,MA,02,169640,0,169640,172745,169640,0,172745,5,0,0,0,ok (<0.05%),ok (<0.05%),ok (<0.05%)
2014,MA,03,139104,81638,220742,220946,139104,81638,220946,3,0,0,0,ok (<0.05%),ok (<0.05%),ok (<0.05%)
2014,MA,04,184158,0,184158,188098,184158,0,188098,5,0,0,0,ok (<0.05%),ok (<0.05%),ok (<0.05%)
2014,MA,05,182100,0,182101,185260,182100,0,185260,3,0,0,0,ok (<0.05%),ok (<0.05%),ok (<0.05%)
2014,MA,06,149638,111989,272000,272219,149638,111989,272219,2,0,0,0,ok (<0.05%),ok (<0.05%),ok (<0.05%)
2014,MA,07,142133,0,142133,144546,142133,0,144546,3,0,0,0,ok (<0.05%),ok (<0.05%),ok (<0.05%)
2014,MA,08,200644,0,200644,203351,200644,0,203351,4,0,0,0,ok (<0.05%),ok (<0.05%),ok (<0.05%)
2014,MA,09,140413,114971,255384,255541,140413,114971,255541,5,0,0,0,ok (<0.05%),ok (<0.05%),ok (<0.05%)
2014,MD,01,73843,176342,250185,250418,73843,176342,250418,12,0,0,0,ok (<0.05%),ok (<0.05%),ok (<0.05%)
2014,MD,02,120412,70411,196149,196354,120412,70411,196354,5,0,0,0,ok (<0.05%),ok (<0.05%),ok (<0.05%)
2014,MD,03,128594,87029,215623,215946,128594,87029,215946,5,0,0,0,ok (<0.05%),ok (<0.05%),ok (<0.05%)
2014,MD,04,134628,54217,191640,191837,134628,54217,191837,2,0,0,0,ok (<0.05%),ok (<0.05%),ok (<0.05%)
2014,MD,05,144725,80752,225704,226040,144725,80752,226040,5,0,0,0,ok (<0.05%),ok (<0.05%),ok (<0.05%)
2014,MD,06,94704,91930,190396,190536,94704,91930,190536,5,0,0,0,ok (<0.05%),ok (<0.05%),ok (<0.05%)
2014,MD,07,144639,55860,206602,206809,144639,55860,206809,3,0,0,0,ok (<0.05%),ok (<0.05%),ok (<0.05%)
2014,MD,08,136738,87859,224699,225097,136738,87859,225097,3,0,0,0,ok (<0.05%),ok (<0.05%),ok (<0.05%)
2014,ME,01,186674,94751,308835,308898,186324,94657,308418,6,-0.0018749263421794144,-9.920739622800816e-4,-0.0015539109997474894,small (<0.5%),small (<0.5%),small (<0.5%)
2014,ME,02,118556,133308,283200,283448,118344,133173,283075,11,-0.001788184486656095,-0.001012692411558196,-0.0013159380203776353,small (<0.5%),small (<0.5%),small (<0.5%)
2014,MI,01,113263,130414,250131,250131,113263,130414,250131,32,0,0,0,ok (<0.05%),ok (<0.05%),ok (<0.05%)
2014,MI,02,70851,135568,213072,213072,70851,135568,213072,8,0,0,0,ok (<0.05%),ok (<0.05%),ok (<0.05%)
2014,MI,03,84720,125754,217165,217165,84720,125754,217165,5,0,0,0,ok (<0.05%),ok (<0.05%),ok (<0.05%)
2014,MI,04,85777,123962,219423,219423,85777,123962,219423,15,0,0,0,ok (<0.05%),ok (<0.05%),ok (<0.05%)
2014,MI,05,148182,69222,222138,222138,148182,69222,222138,6,0,0,0,ok (<0.05%),ok (<0.05%),ok (<0.05%)
2014,MI,06,84391,116801,208976,208976,84391,116801,208976,6,0,0,0,ok (<0.05%),ok (<0.05%),ok (<0.05%)
2014,MI,07,92083,119564,223685,223685,92083,119564,223685,7,0,0,0,ok (<0.05%),ok (<0.05%),ok (<0.05%)
2014,MI,08,102269,132739,243125,243125,102269,132739,243125,3,0,0,0,ok (<0.05%),ok (<0.05%),ok (<0.05%)
2014,MI,09,136342,81470,225757,225757,136342,81470,225757,2,0,0,0,ok (<0.05%),ok (<0.05%),ok (<0.05%)
2014,MI,10,67143,157069,228692,228692,67143,157069,228692,6,0,0,0,ok (<0.05%),ok (<0.05%),ok (<0.05%)
2014,MI,11,101681,140435,251238,251238,101681,141846,251238,2,0,0.010047352867874818,0,ok (<0.05%),check (0.5-2%),ok (<0.05%)
2014,MI,12,134346,64716,206660,206660,134346,64716,206660,2,0,0,0,ok (<0.05%),ok (<0.05%),ok (<0.05%)
2014,MI,13,132710,27234,166947,166947,132710,27234,166947,1,0,0,0,ok (<0.05%),ok (<0.05%),ok (<0.05%)
2014,MI,14,165272,41801,212468,212468,165272,41801,212468,2,0,0,0,ok (<0.05%),ok (<0.05%),ok (<0.05%)
2014,MN,01,122851,103536,226387,226695,122851,103536,226695,21,0,0,0,ok (<0.05%),ok (<0.05%),ok (<0.05%)
2014,MN,02,95565,137778,245662,245848,95565,137778,245848,6,0,0,0,ok (<0.05%),ok (<0.05%),ok (<0.05%)
2014,MN,03,101846,167515,269361,269585,101846,167515,269585,3,0,0,0,ok (<0.05%),ok (<0.05%),ok (<0.05%)
2014,MN,04,147857,79492,241408,241637,147857,79492,241637,2,0,0,0,ok (<0.05%),ok (<0.05%),ok (<0.05%)
2014,MN,05,167079,56577,235657,236010,167079,56577,236010,3,0,0,0,ok (<0.05%),ok (<0.05%),ok (<0.05%)
2014,MN,06,90926,133328,236711,236846,90926,133328,236846,8,0,0,0,ok (<0.05%),ok (<0.05%),ok (<0.05%)
2014,MN,07,130546,109955,240501,240835,130546,109955,240835,38,0,0,0,ok (<0.05%),ok (<0.05%),ok (<0.05%)
2014,MN,08,129090,125358,265898,266083,129090,125358,266083,18,0,0,0,ok (<0.05%),ok (<0.05%),ok (<0.05%)
2014,MO,01,119315,35273,163494,163494,119315,35273,163494,2,0,0,0,ok (<0.05%),ok (<0.05%),ok (<0.05%)
2014,MO,02,75384,148191,231117,231117,75384,148191,231117,3,0,0,0,ok (<0.05%),ok (<0.05%),ok (<0.05%)
2014,MO,03,52021,130940,191620,191620,52021,130940,191620,13,0,0,0,ok (<0.05%),ok (<0.05%),ok (<0.05%)
2014,MO,04,46464,120014,176286,176286,46464,120014,176286,24,0,0,0,ok (<0.05%),ok (<0.05%),ok (<0.05%)
2014,MO,05,79256,69071,153635,153635,39518,54927,98203,5,-0.5013879075401232,-0.20477479694806794,-0.3608032023952875,BAD (>=2%),BAD (>=2%),BAD (>=2%)
2014,MO,06,55157,124616,186970,186970,55157,124616,186970,36,0,0,0,ok (<0.05%),ok (<0.05%),ok (<0.05%)
2014,MO,07,47282,104054,163957,163957,47282,104054,163957,11,0,0,0,ok (<0.05%),ok (<0.05%),ok (<0.05%)
2014,MO,08,38721,106124,159224,159224,38721,106124,159224,30,0,0,0,ok (<0.05%),ok (<0.05%),ok (<0.05%)
2014,MP,00,4547,0,13096,13096,NA,NA,NA,NA,NA,NA,NA,MISSING,MISSING,MISSING
2014,MS,01,43713,102622,151111,151111,43713,102622,151111,22,0,0,0,ok (<0.05%),ok (<0.05%),ok (<0.05%)
2014,MS,02,100688,0,148646,148646,100688,0,148646,26,0,0,0,ok (<0.05%),ok (<0.05%),ok (<0.05%)
2014,MS,03,47744,117771,170946,170946,47744,117771,170946,24,0,0,0,ok (<0.05%),ok (<0.05%),ok (<0.05%)
2014,MS,04,37869,108776,155576,155576,37869,108776,155576,14,0,0,0,ok (<0.05%),ok (<0.05%),ok (<0.05%)
2014,MT,00,148690,203871,367963,367963,148690,203871,367963,56,0,0,0,ok (<0.05%),ok (<0.05%),ok (<0.05%)
2014,NC,01,154333,55990,210323,210323,154333,55990,210323,24,0,0,0,ok (<0.05%),ok (<0.05%),ok (<0.05%)
2014,NC,02,85479,122128,207607,207607,85479,122128,207607,9,0,0,0,ok (<0.05%),ok (<0.05%),ok (<0.05%)
2014,NC,03,66182,139415,205597,205597,66182,139415,205597,22,0,0,0,ok (<0.05%),ok (<0.05%),ok (<0.05%)
2014,NC,04,169946,57416,227362,227362,169946,57416,227362,7,0,0,0,ok (<0.05%),ok (<0.05%),ok (<0.05%)
2014,NC,05,88973,139279,228252,228252,88973,139279,228252,12,0,0,0,ok (<0.05%),ok (<0.05%),ok (<0.05%)
2014,NC,06,103758,147312,251070,251070,103758,147312,251070,10,0,0,0,ok (<0.05%),ok (<0.05%),ok (<0.05%)
2014,NC,07,84054,134431,226341,226504,84054,134431,226504,12,0,0,0,ok (<0.05%),ok (<0.05%),ok (<0.05%)
2014,NC,08,65854,121568,187422,187422,65854,121568,187422,12,0,0,0,ok (<0.05%),ok (<0.05%),ok (<0.05%)
2014,NC,09,0,163080,165449,173668,0,163080,173668,3,0,0,0,ok (<0.05%),ok (<0.05%),ok (<0.05%)
2014,NC,10,85292,133504,218796,218796,85292,133504,218796,7,0,0,0,ok (<0.05%),ok (<0.05%),ok (<0.05%)
2014,NC,11,85342,144682,230024,230024,85342,144682,230024,17,0,0,0,ok (<0.05%),ok (<0.05%),ok (<0.05%)
2014,NC,12,130096,42568,172664,172664,257764,84146,341910,6,0.9813368589349404,0.9767430934034956,0.9802043274799611,BAD (>=2%),BAD (>=2%),BAD (>=2%)
2014,NC,13,114718,153991,268709,268709,114718,153991,268709,9,0,0,0,ok (<0.05%),ok (<0.05%),ok (<0.05%)
2014,ND,00,95678,138100,248309,248670,95678,138100,248670,53,0,0,0,ok (<0.05%),ok (<0.05%),ok (<0.05%)
2014,NE,01,55838,123219,179057,179057,56080,123172,179252,17,0.004333966116264909,-3.8143468133972845e-4,0.0010890386860050152,small (<0.5%),ok (<0.05%),small (<0.5%)
2014,NE,02,83872,78157,171050,171509,83609,78157,170787,2,-0.003135730637161389,0,-0.004209691619681766,small (<0.5%),ok (<0.05%),small (<0.5%)
2014,NE,03,45524,139440,184964,184964,45545,139487,185032,75,4.612951410245145e-4,3.370625358577166e-4,3.676391081507753e-4,ok (<0.05%),ok (<0.05%),ok (<0.05%)
2014,NH,01,116769,125508,242277,242736,79417,94491,174177,7,-0.3198794200515548,-0.24713165694617076,-0.282442653747281,BAD (>=2%),BAD (>=2%),BAD (>=2%)
2014,NH,02,130700,106871,237571,238184,93902,84290,178608,8,-0.28154552410099465,-0.21129211853543056,-0.2501259530447049,BAD (>=2%),BAD (>=2%),BAD (>=2%)
2014,NJ,01,93315,64073,162492,162492,93315,64073,162492,3,0,0,0,ok (<0.05%),ok (<0.05%),ok (<0.05%)
2014,NJ,02,66026,108875,177148,177148,66026,108875,177148,8,0,0,0,ok (<0.05%),ok (<0.05%),ok (<0.05%)
2014,NJ,03,82537,100471,186103,186103,82537,100471,186103,2,0,0,0,ok (<0.05%),ok (<0.05%),ok (<0.05%)
2014,NJ,04,54415,118826,174849,174849,54415,118826,174849,3,0,0,0,ok (<0.05%),ok (<0.05%),ok (<0.05%)
2014,NJ,05,81808,104678,188921,188921,81808,104678,188921,4,0,0,0,ok (<0.05%),ok (<0.05%),ok (<0.05%)
2014,NJ,06,72190,46891,120457,120457,72190,46891,120457,2,0,0,0,ok (<0.05%),ok (<0.05%),ok (<0.05%)
2014,NJ,07,68232,104287,175997,175997,68232,104287,175997,6,0,0,0,ok (<0.05%),ok (<0.05%),ok (<0.05%)
2014,NJ,08,61510,15141,79518,79518,61510,15141,79518,4,0,0,0,ok (<0.05%),ok (<0.05%),ok (<0.05%)
2014,NJ,09,82498,36246,120459,120459,82498,36246,120459,3,0,0,0,ok (<0.05%),ok (<0.05%),ok (<0.05%)
2014,NJ,10,95734,14154,112123,112123,95734,14154,112123,3,0,0,0,ok (<0.05%),ok (<0.05%),ok (<0.05%)
2014,NJ,11,65477,109455,174932,174932,65477,109455,174932,4,0,0,0,ok (<0.05%),ok (<0.05%),ok (<0.05%)
2014,NJ,12,90430,54168,148366,148366,90430,54168,148366,4,0,0,0,ok (<0.05%),ok (<0.05%),ok (<0.05%)
2014,NM,01,105474,74558,180032,180032,105474,74558,180032,5,0,0,0,ok (<0.05%),ok (<0.05%),ok (<0.05%)
2014,NM,02,52499,95209,147777,147777,52499,95278,147777,19,0,7.247214023884297e-4,0,ok (<0.05%),small (<0.5%),ok (<0.05%)
2014,NM,03,113249,70775,184076,184076,113249,70827,184076,16,0,7.347227128223242e-4,0,ok (<0.05%),small (<0.5%),ok (<0.05%)
2014,NV,01,45643,30413,80299,80299,45641,30413,80297,1,-4.3818329207107334e-5,0,-2.4906910422296666e-5,ok (<0.05%),ok (<0.05%),ok (<0.05%)
2014,NV,02,52016,122402,186210,186210,51945,122233,185953,11,-0.0013649646262688404,-0.0013806963938497736,-0.0013801621824821439,small (<0.5%),small (<0.5%),small (<0.5%)
2014,NV,03,52644,88528,145719,145719,52624,88493,145661,1,-3.7991034115948636e-4,-3.9535514187601664e-4,-3.9802633836356275e-4,ok (<0.05%),ok (<0.05%),ok (<0.05%)
2014,NV,04,59844,63466,130781,130781,59803,63394,130663,7,-6.851146313749081e-4,-0.0011344656981690984,-9.022717367201657e-4,small (<0.5%),small (<0.5%),small (<0.5%)
2014,NY,01,78722,94035,172757,172865,78722,94035,172757,1,0,0,-6.247649900211148e-4,ok (<0.05%),ok (<0.05%),small (<0.5%)
2014,NY,02,41814,95177,139272,139330,41814,95177,139272,2,0,0,-4.162779013852006e-4,ok (<0.05%),ok (<0.05%),ok (<0.05%)
2014,NY,03,90032,74269,164301,164375,90032,74269,164301,3,0,0,-4.5019011406844105e-4,ok (<0.05%),ok (<0.05%),ok (<0.05%)
2014,NY,04,89793,80127,169920,170099,89793,80127,169920,1,0,0,-0.001052328349960905,ok (<0.05%),ok (<0.05%),small (<0.5%)
2014,NY,05,75712,0,79582,79821,75712,0,79582,2,0,0,-0.002994199521429198,ok (<0.05%),ok (<0.05%),small (<0.5%)
2014,NY,06,55368,0,55368,55963,55368,0,55368,1,0,0,-0.010632024730625592,ok (<0.05%),ok (<0.05%),check (0.5-2%)
2014,NY,07,56593,5713,63704,63812,56593,5713,63704,3,0,0,-0.001692471635429073,ok (<0.05%),ok (<0.05%),small (<0.5%)
2014,NY,08,77255,0,83928,83999,77255,0,83928,2,0,0,-8.452481577161633e-4,ok (<0.05%),ok (<0.05%),small (<0.5%)
2014,NY,09,82659,0,92386,92569,82659,0,92386,1,0,0,-0.001976903715066599,ok (<0.05%),ok (<0.05%),small (<0.5%)
2014,NY,10,89080,0,101676,101881,89080,0,101676,2,0,0,-0.002012151431572128,ok (<0.05%),ok (<0.05%),small (<0.5%)
2014,NY,11,45244,58886,106817,107363,45244,58886,106817,2,0,0,-0.005085550888108566,ok (<0.05%),ok (<0.05%),check (0.5-2%)
2014,NY,12,90603,22731,113334,113429,90603,22731,113334,3,0,0,-8.375283216814042e-4,ok (<0.05%),ok (<0.05%),small (<0.5%)
2014,NY,13,68396,0,78202,78353,68396,0,78202,2,0,0,-0.0019271757303485509,ok (<0.05%),ok (<0.05%),small (<0.5%)
2014,NY,14,50352,0,57087,57204,50352,0,57087,2,0,0,-0.0020453115166771552,ok (<0.05%),ok (<0.05%),small (<0.5%)
2014,NY,15,54906,0,56521,56563,54906,0,56521,1,0,0,-7.425348726199106e-4,ok (<0.05%),ok (<0.05%),small (<0.5%)
2014,NY,16,99658,0,99658,100391,99658,0,99658,2,0,0,-0.0073014513253180065,ok (<0.05%),ok (<0.05%),check (0.5-2%)
2014,NY,17,98150,75781,173931,174054,98150,75781,173931,2,0,0,-7.066772380985211e-4,ok (<0.05%),ok (<0.05%),small (<0.5%)
2014,NY,18,88993,85660,178947,179091,88993,85660,178947,4,0,0,-8.040605055530429e-4,ok (<0.05%),ok (<0.05%),small (<0.5%)
2014,NY,19,72470,131594,204064,204173,72470,131594,204064,11,0,0,-5.338609904345825e-4,ok (<0.05%),ok (<0.05%),small (<0.5%)
2014,NY,20,125111,79104,204215,204329,125111,79104,204215,5,0,0,-5.579237406339775e-4,ok (<0.05%),ok (<0.05%),small (<0.5%)
2014,NY,21,59063,96226,174527,174668,59063,96226,174527,12,0,0,-8.072457462156777e-4,ok (<0.05%),ok (<0.05%),small (<0.5%)
2014,NY,22,0,129851,129851,131932,0,129851,129851,8,0,0,-0.01577327714277052,ok (<0.05%),ok (<0.05%),check (0.5-2%)
2014,NY,23,70242,113130,183372,183481,70242,113130,183372,11,0,0,-5.940669606117254e-4,ok (<0.05%),ok (<0.05%),small (<0.5%)
2014,NY,24,80304,118474,198778,199222,80304,118474,198778,4,0,0,-0.002228669524450111,ok (<0.05%),ok (<0.05%),small (<0.5%)
2014,NY,25,96803,95932,192735,192971,96803,95932,192735,1,0,0,-0.0012229816915495075,ok (<0.05%),ok (<0.05%),small (<0.5%)
2014,NY,26,113210,52909,166119,166124,113210,52909,166119,2,0,0,-3.0097999085020826e-5,ok (<0.05%),ok (<0.05%),ok (<0.05%)
2014,NY,27,58911,144675,203586,203645,58911,144675,203586,8,0,0,-2.897198556311228e-4,ok (<0.05%),ok (<0.05%),ok (<0.05%)
2014,OH,01,72604,124779,197383,197383,72604,124779,197383,2,0,0,0,ok (<0.05%),ok (<0.05%),ok (<0.05%)
2014,OH,02,68453,132658,201111,201111,68453,132658,201111,8,0,0,0,ok (<0.05%),ok (<0.05%),ok (<0.05%)
2014,OH,03,91769,51475,143261,143261,91769,51475,143261,1,0,0,0,ok (<0.05%),ok (<0.05%),ok (<0.05%)
2014,OH,04,60165,125907,186072,186072,60165,125907,186072,14,0,0,0,ok (<0.05%),ok (<0.05%),ok (<0.05%)
2014,OH,05,58507,134449,202300,202300,58507,134449,202300,14,0,0,0,ok (<0.05%),ok (<0.05%),ok (<0.05%)
2014,OH,06,73561,111026,190652,190652,73561,111026,190652,18,0,0,0,ok (<0.05%),ok (<0.05%),ok (<0.05%)
2014,OH,07,0,143959,143959,143959,0,143959,143959,10,0,0,0,ok (<0.05%),ok (<0.05%),ok (<0.05%)
2014,OH,08,51534,126539,188330,188330,51534,126539,188330,6,0,0,0,ok (<0.05%),ok (<0.05%),ok (<0.05%)
2014,OH,09,108870,51704,160715,160715,108870,51704,160715,5,0,0,0,ok (<0.05%),ok (<0.05%),ok (<0.05%)
2014,OH,10,63249,130752,200606,200606,63249,130752,200606,3,0,0,0,ok (<0.05%),ok (<0.05%),ok (<0.05%)
2014,OH,11,137105,35461,172566,172566,137105,35461,172566,2,0,0,0,ok (<0.05%),ok (<0.05%),ok (<0.05%)
2014,OH,12,61360,150573,221081,221081,61360,150573,221081,7,0,0,0,ok (<0.05%),ok (<0.05%),ok (<0.05%)
2014,OH,13,120230,55233,175549,175549,120230,55233,175549,5,0,0,0,ok (<0.05%),ok (<0.05%),ok (<0.05%)
2014,OH,14,70856,135736,214580,214580,70856,135736,214580,7,0,0,0,ok (<0.05%),ok (<0.05%),ok (<0.05%)
2014,OH,15,66125,128496,194621,194621,66125,128496,194621,12,0,0,0,ok (<0.05%),ok (<0.05%),ok (<0.05%)
2014,OH,16,75199,132176,207375,207375,75199,132176,207375,6,0,0,0,ok (<0.05%),ok (<0.05%),ok (<0.05%)
2014,OK,02,38964,110925,158407,158407,38964,110925,158407,26,0,0,0,ok (<0.05%),ok (<0.05%),ok (<0.05%)
2014,OK,03,36270,133335,169605,169605,36270,133335,169605,32,0,0,0,ok (<0.05%),ok (<0.05%),ok (<0.05%)
2014,OK,04,40998,117721,166268,166268,40998,117721,166268,15,0,0,0,ok (<0.05%),ok (<0.05%),ok (<0.05%)
2014,OK,05,57790,95632,159133,159133,57790,95632,159133,3,0,0,0,ok (<0.05%),ok (<0.05%),ok (<0.05%)
2014,OR,01,160038,96245,278659,279253,160038,96245,279253,5,0,0,0,ok (<0.05%),ok (<0.05%),ok (<0.05%)
2014,OR,02,73785,202374,286650,287425,73785,202374,287425,20,0,0,0,ok (<0.05%),ok (<0.05%),ok (<0.05%)
2014,OR,03,211748,57424,291668,292757,211748,57424,292757,2,0,0,0,ok (<0.05%),ok (<0.05%),ok (<0.05%)
2014,OR,04,181624,116534,309697,310179,181624,116534,310179,7,0,0,0,ok (<0.05%),ok (<0.05%),ok (<0.05%)
2014,OR,05,150944,110332,280356,281088,150944,110332,281088,7,0,0,0,ok (<0.05%),ok (<0.05%),ok (<0.05%)
2014,PA,01,131248,27193,158441,158441,131248,27193,158441,2,0,0,0,ok (<0.05%),ok (<0.05%),ok (<0.05%)
2014,PA,02,181141,25397,206538,206538,181141,25397,206538,2,0,0,0,ok (<0.05%),ok (<0.05%),ok (<0.05%)
2014,PA,03,73931,113859,187790,187790,73931,113859,187790,7,0,0,0,ok (<0.05%),ok (<0.05%),ok (<0.05%)
2014,PA,04,50250,147090,197340,197340,50250,147090,197340,4,0,0,0,ok (<0.05%),ok (<0.05%),ok (<0.05%)
2014,PA,05,65839,115018,180857,180857,65839,115018,180857,16,0,0,0,ok (<0.05%),ok (<0.05%),ok (<0.05%)
2014,PA,06,92901,119643,212544,212544,92901,119643,212544,4,0,0,0,ok (<0.05%),ok (<0.05%),ok (<0.05%)
2014,PA,07,89256,145869,235125,235125,89256,145869,235125,5,0,0,0,ok (<0.05%),ok (<0.05%),ok (<0.05%)
2014,PA,08,84767,137731,222498,222498,84767,137731,222498,2,0,0,0,ok (<0.05%),ok (<0.05%),ok (<0.05%)
2014,PA,09,63223,110094,173317,173317,63223,110094,173317,12,0,0,0,ok (<0.05%),ok (<0.05%),ok (<0.05%)
2014,PA,10,44737,112851,180322,180322,44737,112851,180322,15,0,0,0,ok (<0.05%),ok (<0.05%),ok (<0.05%)
2014,PA,11,62228,122464,184692,184692,62228,122464,184692,9,0,0,0,ok (<0.05%),ok (<0.05%),ok (<0.05%)
2014,PA,12,87928,127993,215921,215921,87928,127993,215921,6,0,0,0,ok (<0.05%),ok (<0.05%),ok (<0.05%)
2014,PA,13,123601,60549,184150,184150,123601,60549,184150,2,0,0,0,ok (<0.05%),ok (<0.05%),ok (<0.05%)
2014,PA,14,148351,0,148351,148351,148351,0,148351,2,0,0,0,ok (<0.05%),ok (<0.05%),ok (<0.05%)
2014,PA,15,0,128285,128285,128285,0,128285,128285,5,0,0,0,ok (<0.05%),ok (<0.05%),ok (<0.05%)
2014,PA,16,74513,101722,176235,176235,74513,101722,176235,3,0,0,0,ok (<0.05%),ok (<0.05%),ok (<0.05%)
2014,PA,17,93680,71371,165051,165051,93680,71371,165051,6,0,0,0,ok (<0.05%),ok (<0.05%),ok (<0.05%)
2014,PA,18,0,166076,166076,166076,0,166076,166076,4,0,0,0,ok (<0.05%),ok (<0.05%),ok (<0.05%)
2014,RI,01,87060,58877,145946,146353,87050,58877,146343,3,-1.1486331265793706e-4,0,-6.832794681352621e-5,ok (<0.05%),ok (<0.05%),ok (<0.05%)
2014,RI,02,105716,63844,169566,169904,105705,63843,169892,3,-1.0405236671837753e-4,-1.56631789988096e-5,-7.062811940860722e-5,ok (<0.05%),ok (<0.05%),ok (<0.05%)
2014,SC,01,0,119392,119392,127815,0,119392,127815,5,0,0,0,ok (<0.05%),ok (<0.05%),ok (<0.05%)
2014,SC,02,68719,121649,194526,194808,68719,121649,194808,5,0,0,0,ok (<0.05%),ok (<0.05%),ok (<0.05%)
2014,SC,03,47181,116741,163922,164009,47181,116741,164009,11,0,0,0,ok (<0.05%),ok (<0.05%),ok (<0.05%)
2014,SC,04,0,126452,148421,149049,0,126452,149049,2,0,0,0,ok (<0.05%),ok (<0.05%),ok (<0.05%)
2014,SC,05,71985,103078,175063,175145,71985,103078,175145,11,0,0,0,ok (<0.05%),ok (<0.05%),ok (<0.05%)
2014,SC,06,125747,44311,173234,173432,125747,44311,173432,16,0,0,0,ok (<0.05%),ok (<0.05%),ok (<0.05%)
2014,SC,07,68576,102833,171409,171524,68576,102833,171524,8,0,0,0,ok (<0.05%),ok (<0.05%),ok (<0.05%)
2014,SD,00,92485,183834,276319,276319,92485,183834,276319,66,0,0,0,ok (<0.05%),ok (<0.05%),ok (<0.05%)
2014,TN,01,0,115533,139470,139470,0,115533,139470,12,0,0,0,ok (<0.05%),ok (<0.05%),ok (<0.05%)
2014,TN,02,37612,120883,166751,166751,37612,120883,166751,7,0,0,0,ok (<0.05%),ok (<0.05%),ok (<0.05%)
2014,TN,03,53983,97344,156097,156097,53983,97344,156097,11,0,0,0,ok (<0.05%),ok (<0.05%),ok (<0.05%)
2014,TN,04,51357,84815,145418,145418,51357,84815,145418,16,0,0,0,ok (<0.05%),ok (<0.05%),ok (<0.05%)
2014,TN,05,96148,55078,154276,154276,96148,55078,154276,3,0,0,0,ok (<0.05%),ok (<0.05%),ok (<0.05%)
2014,TN,06,37232,115231,162097,162097,37232,115231,162097,19,0,0,0,ok (<0.05%),ok (<0.05%),ok (<0.05%)
2014,TN,07,42280,110534,157907,157907,42280,110534,157907,19,0,0,0,ok (<0.05%),ok (<0.05%),ok (<0.05%)
2014,TN,08,42433,122259,172595,172595,42433,122255,172595,15,0,-3.2717427755829833e-5,0,ok (<0.05%),ok (<0.05%),ok (<0.05%)
2014,TN,09,87376,27173,116550,116550,87376,27173,116550,1,0,0,0,ok (<0.05%),ok (<0.05%),ok (<0.05%)
2014,TX,01,33476,115084,148560,148560,33476,115084,148560,12,0,0,0,ok (<0.05%),ok (<0.05%),ok (<0.05%)
2014,TX,02,44462,101936,150026,150026,44462,101936,150026,1,0,0,0,ok (<0.05%),ok (<0.05%),ok (<0.05%)
2014,TX,03,0,113404,138280,138280,0,113404,138280,1,0,0,0,ok (<0.05%),ok (<0.05%),ok (<0.05%)
2014,TX,04,0,115085,115085,115085,0,115085,115085,17,0,0,0,ok (<0.05%),ok (<0.05%),ok (<0.05%)
2014,TX,05,0,88998,104262,104262,0,88998,104262,7,0,0,0,ok (<0.05%),ok (<0.05%),ok (<0.05%)
2014,TX,06,55027,92334,150996,150996,55027,92334,150996,3,0,0,0,ok (<0.05%),ok (<0.05%),ok (<0.05%)
2014,TX,07,49478,90606,143219,143219,49478,90606,143219,1,0,0,0,ok (<0.05%),ok (<0.05%),ok (<0.05%)
2014,TX,08,0,125066,140013,140013,0,125066,140013,9,0,0,0,ok (<0.05%),ok (<0.05%),ok (<0.05%)
2014,TX,09,78109,0,86003,86003,78109,0,86003,2,0,0,0,ok (<0.05%),ok (<0.05%),ok (<0.05%)
2014,TX,10,60243,109726,176460,176460,60243,109726,176460,9,0,0,0,ok (<0.05%),ok (<0.05%),ok (<0.05%)
2014,TX,11,0,107939,119574,119574,0,107939,119574,29,0,0,0,ok (<0.05%),ok (<0.05%),ok (<0.05%)
2014,TX,12,41757,113186,158730,158730,41757,113186,158730,3,0,0,0,ok (<0.05%),ok (<0.05%),ok (<0.05%)
2014,TX,13,16822,110842,131451,131451,16822,110842,131451,41,0,0,0,ok (<0.05%),ok (<0.05%),ok (<0.05%)
2014,TX,14,52545,90116,145698,145698,52545,90116,145698,3,0,0,0,ok (<0.05%),ok (<0.05%),ok (<0.05%)
2014,TX,15,48708,39016,90184,90184,48708,39016,90184,8,0,0,0,ok (<0.05%),ok (<0.05%),ok (<0.05%)
2014,TX,16,49338,21324,73105,73105,49338,21324,73105,1,0,0,0,ok (<0.05%),ok (<0.05%),ok (<0.05%)
2014,TX,17,43049,85807,132865,132865,43049,85807,132865,12,0,0,0,ok (<0.05%),ok (<0.05%),ok (<0.05%)
2014,TX,18,76097,26249,106010,106010,76097,26249,106010,1,0,0,0,ok (<0.05%),ok (<0.05%),ok (<0.05%)
2014,TX,19,21458,90160,116818,116818,21458,90160,116818,29,0,0,0,ok (<0.05%),ok (<0.05%),ok (<0.05%)
2014,TX,20,66554,0,87964,87964,66554,0,87964,1,0,0,0,ok (<0.05%),ok (<0.05%),ok (<0.05%)
2014,TX,21,0,135660,188996,188996,0,135660,188996,10,0,0,0,ok (<0.05%),ok (<0.05%),ok (<0.05%)
2014,TX,22,47844,100861,151566,151566,47844,100861,151566,3,0,0,0,ok (<0.05%),ok (<0.05%),ok (<0.05%)
2014,TX,23,55037,57459,115429,115429,55037,57459,115429,29,0,0,0,ok (<0.05%),ok (<0.05%),ok (<0.05%)
2014,TX,24,46548,93712,144073,144073,46548,93712,144073,3,0,0,0,ok (<0.05%),ok (<0.05%),ok (<0.05%)
2014,TX,25,64463,107120,177883,177883,64463,107120,177883,13,0,0,0,ok (<0.05%),ok (<0.05%),ok (<0.05%)
2014,TX,26,0,116944,141470,141470,0,116944,141470,3,0,0,0,ok (<0.05%),ok (<0.05%),ok (<0.05%)
2014,TX,27,44152,83342,131047,131047,44152,83342,131047,13,0,0,0,ok (<0.05%),ok (<0.05%),ok (<0.05%)
2014,TX,28,62508,0,76136,76136,62508,0,76136,9,0,0,0,ok (<0.05%),ok (<0.05%),ok (<0.05%)
2014,TX,29,41321,0,46143,46143,41321,0,46143,1,0,0,0,ok (<0.05%),ok (<0.05%),ok (<0.05%)
2014,TX,30,93041,0,105793,105793,93041,0,105793,1,0,0,0,ok (<0.05%),ok (<0.05%),ok (<0.05%)
2014,TX,31,45715,91607,143028,143028,45715,91607,143028,2,0,0,0,ok (<0.05%),ok (<0.05%),ok (<0.05%)
2014,TX,32,55325,96495,156096,156096,55325,96495,156096,2,0,0,0,ok (<0.05%),ok (<0.05%),ok (<0.05%)
2014,TX,33,43769,0,50592,50592,43769,0,50592,2,0,0,0,ok (<0.05%),ok (<0.05%),ok (<0.05%)
2014,TX,34,47503,30811,79877,79877,47503,30811,79877,11,0,0,0,ok (<0.05%),ok (<0.05%),ok (<0.05%)
2014,TX,35,60124,32040,96225,96225,60124,32040,96225,6,0,0,0,ok (<0.05%),ok (<0.05%),ok (<0.05%)
2014,TX,36,29543,101663,133842,133842,29543,101663,133842,9,0,0,0,ok (<0.05%),ok (<0.05%),ok (<0.05%)
2014,UT,01,36422,84231,130034,130034,36422,84231,130034,10,0,0,0,ok (<0.05%),ok (<0.05%),ok (<0.05%)
2014,UT,02,47585,88915,146188,146188,47585,88915,146188,14,0,0,0,ok (<0.05%),ok (<0.05%),ok (<0.05%)
2014,UT,03,32059,102952,142580,142580,32059,102952,142580,7,0,0,0,ok (<0.05%),ok (<0.05%),ok (<0.05%)
2014,UT,04,67425,74936,147168,147168,67425,74936,147168,4,0,0,0,ok (<0.05%),ok (<0.05%),ok (<0.05%)
2014,VA,01,72059,131861,209017,209621,72059,131861,209623,22,0,0,9.541028809136489e-6,ok (<0.05%),ok (<0.05%),ok (<0.05%)
2014,VA,02,71178,101558,172736,173060,71178,101558,173062,6,0,0,1.1556685542586387e-5,ok (<0.05%),ok (<0.05%),ok (<0.05%)
2014,VA,03,139197,0,139197,147402,139197,0,147403,10,0,0,6.78416846447131e-6,ok (<0.05%),ok (<0.05%),ok (<0.05%)
2014,VA,04,75270,120684,200381,200638,75270,120684,200644,16,0,0,2.9904604312243943e-5,ok (<0.05%),ok (<0.05%),ok (<0.05%)
2014,VA,05,73482,124735,204724,204945,73482,124735,204948,23,0,0,1.4638073629510356e-5,ok (<0.05%),ok (<0.05%),ok (<0.05%)
2014,VA,06,0,133898,177506,179708,0,133898,179708,19,0,0,0,ok (<0.05%),ok (<0.05%),ok (<0.05%)
2014,VA,07,89914,148026,243026,243351,89914,148026,243358,10,0,0,2.876503486733155e-5,ok (<0.05%),ok (<0.05%),ok (<0.05%)
2014,VA,08,128102,63810,202704,203076,128102,63810,203080,4,0,0,1.9697059229057102e-5,ok (<0.05%),ok (<0.05%),ok (<0.05%)
2014,VA,09,0,117465,156877,162815,0,117465,162817,29,0,0,1.228388047784295e-5,ok (<0.05%),ok (<0.05%),ok (<0.05%)
2014,VA,10,89957,125914,222652,222910,89957,125914,222914,8,0,0,1.794446189044906e-5,ok (<0.05%),ok (<0.05%),ok (<0.05%)
2014,VA,11,106780,75796,187579,187805,106780,75796,187805,3,0,0,0,ok (<0.05%),ok (<0.05%),ok (<0.05%)
2014,VI,00,21224,1964,23188,23412,NA,NA,NA,NA,NA,NA,NA,MISSING,MISSING,MISSING
2014,VT,00,123349,59432,191311,191504,123349,59432,191437,14,0,0,-3.498621438716685e-4,ok (<0.05%),ok (<0.05%),ok (<0.05%)
2014,WA,01,124151,101428,225579,225579,124151,101428,225579,4,0,0,0,ok (<0.05%),ok (<0.05%),ok (<0.05%)
2014,WA,02,122173,79518,201691,201691,122173,79518,201691,5,0,0,0,ok (<0.05%),ok (<0.05%),ok (<0.05%)
2014,WA,03,78018,124796,202814,202814,78018,124796,202814,8,0,0,0,ok (<0.05%),ok (<0.05%),ok (<0.05%)
2014,WA,04,0,153079,153079,153079,0,153079,153079,8,0,0,0,ok (<0.05%),ok (<0.05%),ok (<0.05%)
2014,WA,05,87772,135470,223242,223242,87772,135470,223242,10,0,0,0,ok (<0.05%),ok (<0.05%),ok (<0.05%)
2014,WA,06,141265,83025,224290,224290,141265,83025,224290,6,0,0,0,ok (<0.05%),ok (<0.05%),ok (<0.05%)
2014,WA,07,203954,47921,251875,251875,203954,47921,251875,2,0,0,0,ok (<0.05%),ok (<0.05%),ok (<0.05%)
2014,WA,08,73003,125741,198744,198744,73003,125741,198744,5,0,0,0,ok (<0.05%),ok (<0.05%),ok (<0.05%)
2014,WA,09,118132,48662,166794,166794,118132,48662,166794,2,0,0,0,ok (<0.05%),ok (<0.05%),ok (<0.05%)
2014,WA,10,99279,82213,181492,181492,99279,82213,181492,3,0,0,0,ok (<0.05%),ok (<0.05%),ok (<0.05%)
2014,WI,01,105552,182316,287897,288170,105552,182316,288170,6,0,0,0,ok (<0.05%),ok (<0.05%),ok (<0.05%)
2014,WI,02,224920,103619,328539,328847,224920,103619,328847,7,0,0,0,ok (<0.05%),ok (<0.05%),ok (<0.05%)
2014,WI,03,155368,119668,275036,275161,155368,119540,275161,18,0,-0.0010696259651703044,0,ok (<0.05%),small (<0.5%),ok (<0.05%)
2014,WI,04,179045,68490,254537,254892,179045,68490,254892,2,0,0,0,ok (<0.05%),ok (<0.05%),ok (<0.05%)
2014,WI,05,101190,231160,332350,332826,101190,231160,332826,6,0,0,0,ok (<0.05%),ok (<0.05%),ok (<0.05%)
2014,WI,06,122212,169767,298844,299033,122212,169767,299033,11,0,0,0,ok (<0.05%),ok (<0.05%),ok (<0.05%)
2014,WI,07,112949,169891,286561,286603,112949,169926,286603,26,0,2.0601444455562684e-4,0,ok (<0.05%),ok (<0.05%),ok (<0.05%)
2014,WI,08,101345,188553,289898,290048,101345,188553,290048,11,0,0,0,ok (<0.05%),ok (<0.05%),ok (<0.05%)
2014,WV,01,52109,92491,144737,144737,52109,92491,144600,20,0,0,-9.465444219515397e-4,ok (<0.05%),ok (<0.05%),small (<0.5%)
2014,WV,02,67687,72628,154250,154250,67687,72619,154238,17,0,-1.2391914963925759e-4,-7.779578606158833e-5,ok (<0.05%),ok (<0.05%),ok (<0.05%)
2014,WV,03,62688,77713,140401,140401,62688,77713,140401,18,0,0,0,ok (<0.05%),ok (<0.05%),ok (<0.05%)
2014,WY,00,37803,113038,164702,165100,37803,113038,165100,23,0,0,0,ok (<0.05%),ok (<0.05%),ok (<0.05%)
2016,AL,01,0,208083,208083,215893,0,207045,209504,6,0,-0.004988394054295642,-0.029593363379081306,ok (<0.05%),small (<0.5%),BAD (>=2%)
2016,AL,02,112089,134886,246975,276584,112089,134885,276583,15,0,-7.4136678380261855e-6,-3.615538136696266e-6,ok (<0.05%),ok (<0.05%),ok (<0.05%)
2016,AL,03,94549,192164,286713,287104,94508,192073,286971,13,-4.3363758474441826e-4,-4.735538394288212e-4,-4.632467677218012e-4,ok (<0.05%),ok (<0.05%),ok (<0.05%)
2016,AL,04,0,235925,235925,239444,0,236183,239707,16,0,0.0010935678711454912,0.0010983779088221046,ok (<0.05%),small (<0.5%),small (<0.5%)
2016,AL,05,102234,205647,307881,308326,102222,205622,308287,5,-1.173777803861729e-4,-1.2156754049414774e-4,-1.2648949488528377e-4,ok (<0.05%),ok (<0.05%),ok (<0.05%)
2016,AL,06,83709,245313,329022,329306,83399,244808,328489,6,-0.0037033054988113586,-0.002058594530253187,-0.0024809751416615547,small (<0.5%),small (<0.5%),small (<0.5%)
2016,AL,07,229330,0,229330,233028,229063,0,232758,14,-0.0011642611084463437,0,-0.0011586590452649468,small (<0.5%),ok (<0.05%),small (<0.5%)
2016,AR,01,0,183866,241047,241047,0,183866,241047,30,0,0,0,ok (<0.05%),ok (<0.05%),ok (<0.05%)
2016,AR,02,111347,176472,302161,302464,111347,176472,302464,7,0,0,0,ok (<0.05%),ok (<0.05%),ok (<0.05%)
2016,AR,03,0,217192,280907,280907,0,217192,280907,10,0,0,0,ok (<0.05%),ok (<0.05%),ok (<0.05%)
2016,AR,04,0,182885,244159,244159,0,182885,244159,33,0,0,0,ok (<0.05%),ok (<0.05%),ok (<0.05%)
2016,AS,00,2740,8923,11834,11834,NA,NA,NA,NA,NA,NA,NA,MISSING,MISSING,MISSING
2016,CA,01,128588,185448,314036,314036,128588,185448,314036,11,0,0,0,ok (<0.05%),ok (<0.05%),ok (<0.05%)
2016,CA,02,254194,76572,330766,330766,253912,76297,330209,6,-0.0011093888919486692,-0.0035913911090215745,-0.0016839699364505421,small (<0.5%),small (<0.5%),small (<0.5%)
2016,CA,03,152513,104453,256966,256966,152190,104089,256279,8,-0.00211785224866077,-0.0034848209242434396,-0.002673505444300024,small (<0.5%),small (<0.5%),small (<0.5%)
2016,CA,04,130845,220133,350978,350978,130845,220133,350978,10,0,0,0,ok (<0.05%),ok (<0.05%),ok (<0.05%)
2016,CA,05,224526,67565,292091,292091,223973,67267,291240,5,-0.0024629664270507646,-0.00441056760156886,-0.0029134755949344554,small (<0.5%),small (<0.5%),small (<0.5%)
2016,CA,06,177565,57848,235413,235413,177565,57848,235413,2,0,0,0,ok (<0.05%),ok (<0.05%),ok (<0.05%)
2016,CA,07,152133,145168,297301,297301,152133,145168,297301,1,0,0,0,ok (<0.05%),ok (<0.05%),ok (<0.05%)
2016,CA,08,83035,136972,220007,220007,83035,136972,220007,3,0,0,0,ok (<0.05%),ok (<0.05%),ok (<0.05%)
2016,CA,09,133163,98992,232155,232155,133163,98992,232155,3,0,0,0,ok (<0.05%),ok (<0.05%),ok (<0.05%)
2016,CA,10,116470,124671,241141,241141,116470,124671,241141,2,0,0,0,ok (<0.05%),ok (<0.05%),ok (<0.05%)
2016,CA,11,214868,83341,298209,298209,214868,83341,298209,1,0,0,0,ok (<0.05%),ok (<0.05%),ok (<0.05%)
2016,CA,12,274035,0,338845,338845,274035,0,338845,1,0,0,0,ok (<0.05%),ok (<0.05%),ok (<0.05%)
2016,CA,13,293117,29754,322871,322871,293117,29754,322871,1,0,0,0,ok (<0.05%),ok (<0.05%),ok (<0.05%)
2016,CA,14,231630,0,286447,286447,231630,54817,286447,2,0,54817,0,ok (<0.05%),BAD (>=2%),ok (<0.05%)
2016,CA,15,198578,70619,269197,269197,198578,70619,269197,2,0,0,0,ok (<0.05%),ok (<0.05%),ok (<0.05%)
2016,CA,16,97473,70483,167956,167956,97473,70483,167956,3,0,0,0,ok (<0.05%),ok (<0.05%),ok (<0.05%)
2016,CA,17,233192,0,233192,233192,233192,0,233192,2,0,0,0,ok (<0.05%),ok (<0.05%),ok (<0.05%)
2016,CA,18,230460,93470,323930,323930,230460,93470,323930,3,0,0,0,ok (<0.05%),ok (<0.05%),ok (<0.05%)
2016,CA,19,181802,64061,245863,245863,181802,64061,245863,1,0,0,0,ok (<0.05%),ok (<0.05%),ok (<0.05%)
2016,CA,20,180980,74811,255791,255791,180980,74811,255791,4,0,0,0,ok (<0.05%),ok (<0.05%),ok (<0.05%)
2016,CA,21,57282,75126,132408,132408,57198,74831,132029,4,-0.001466429244788939,-0.0039267364161541946,-0.002862364811793849,small (<0.5%),small (<0.5%),small (<0.5%)
2016,CA,22,76211,158755,234966,234966,76211,158755,234966,2,0,0,0,ok (<0.05%),ok (<0.05%),ok (<0.05%)
2016,CA,23,74468,167116,241584,241584,74468,167116,241584,3,0,0,0,ok (<0.05%),ok (<0.05%),ok (<0.05%)
2016,CA,24,166034,144780,310814,310814,164043,141573,305616,3,-0.011991519809195706,-0.022150849564857026,-0.016723828398978166,check (0.5-2%),BAD (>=2%),check (0.5-2%)
2016,CA,25,122406,138755,261161,261161,122406,138755,261161,2,0,0,0,ok (<0.05%),ok (<0.05%),ok (<0.05%)
2016,CA,26,169248,111059,280307,280307,169248,111059,280307,2,0,0,0,ok (<0.05%),ok (<0.05%),ok (<0.05%)
2016,CA,27,168977,81655,250632,250632,168977,81655,250632,2,0,0,0,ok (<0.05%),ok (<0.05%),ok (<0.05%)
2016,CA,28,210883,59526,270409,270409,210883,59526,270409,1,0,0,0,ok (<0.05%),ok (<0.05%),ok (<0.05%)
2016,CA,29,171824,0,171824,171824,171824,0,171824,1,0,0,0,ok (<0.05%),ok (<0.05%),ok (<0.05%)
2016,CA,30,205279,77325,282604,282604,205279,77325,282604,2,0,0,0,ok (<0.05%),ok (<0.05%),ok (<0.05%)
2016,CA,31,121070,94866,215936,215936,121070,94866,215936,1,0,0,0,ok (<0.05%),ok (<0.05%),ok (<0.05%)
2016,CA,32,186646,0,186646,186646,186646,0,186646,1,0,0,0,ok (<0.05%),ok (<0.05%),ok (<0.05%)
2016,CA,33,219397,110822,330219,330219,219397,110822,330219,1,0,0,0,ok (<0.05%),ok (<0.05%),ok (<0.05%)
2016,CA,34,159156,0,159156,159156,159156,0,159156,1,0,0,0,ok (<0.05%),ok (<0.05%),ok (<0.05%)
2016,CA,35,124044,47309,171353,171353,124044,47309,171353,2,0,0,0,ok (<0.05%),ok (<0.05%),ok (<0.05%)
2016,CA,36,144348,88269,232617,232617,144348,88269,232617,1,0,0,0,ok (<0.05%),ok (<0.05%),ok (<0.05%)
2016,CA,37,237272,0,237272,237272,237272,0,237272,1,0,0,0,ok (<0.05%),ok (<0.05%),ok (<0.05%)
2016,CA,38,163590,68524,232114,232114,163590,68524,232114,2,0,0,0,ok (<0.05%),ok (<0.05%),ok (<0.05%)
2016,CA,39,112679,150777,263456,263456,112679,150777,263456,3,0,0,0,ok (<0.05%),ok (<0.05%),ok (<0.05%)
2016,CA,40,106554,0,149297,149297,106554,0,149297,1,0,0,0,ok (<0.05%),ok (<0.05%),ok (<0.05%)
2016,CA,41,128164,69159,197323,197323,128164,69159,197323,1,0,0,0,ok (<0.05%),ok (<0.05%),ok (<0.05%)
2016,CA,42,104689,149547,254236,254236,104689,149547,254236,1,0,0,0,ok (<0.05%),ok (<0.05%),ok (<0.05%)
2016,CA,43,167017,52499,219516,219516,167017,52499,219516,1,0,0,0,ok (<0.05%),ok (<0.05%),ok (<0.05%)
2016,CA,44,178413,0,178413,178413,178413,0,178413,1,0,0,0,ok (<0.05%),ok (<0.05%),ok (<0.05%)
2016,CA,45,129231,182618,311849,311849,129231,182618,311849,1,0,0,0,ok (<0.05%),ok (<0.05%),ok (<0.05%)
2016,CA,46,164593,0,164593,164593,164593,0,164593,1,0,0,0,ok (<0.05%),ok (<0.05%),ok (<0.05%)
2016,CA,47,154759,88109,242868,242868,154759,88109,242868,2,0,0,0,ok (<0.05%),ok (<0.05%),ok (<0.05%)
2016,CA,48,127715,178701,306416,306416,127715,178701,306416,1,0,0,0,ok (<0.05%),ok (<0.05%),ok (<0.05%)
2016,CA,49,154267,155888,310155,310155,154267,155888,310155,2,0,0,0,ok (<0.05%),ok (<0.05%),ok (<0.05%)
2016,CA,50,103646,179937,283583,283583,103646,179937,283583,2,0,0,0,ok (<0.05%),ok (<0.05%),ok (<0.05%)
2016,CA,51,145162,54362,199524,199524,145161,54361,199522,2,-6.888855210041196e-6,-1.839520253117987e-5,-1.002385677913434e-5,ok (<0.05%),ok (<0.05%),ok (<0.05%)
2016,CA,52,181253,139403,320656,320656,181253,139403,320656,1,0,0,0,ok (<0.05%),ok (<0.05%),ok (<0.05%)
2016,CA,53,198988,97968,296956,296956,198988,97968,296956,1,0,0,0,ok (<0.05%),ok (<0.05%),ok (<0.05%)
2016,CO,01,257254,105030,379036,379036,257254,105030,379036,3,0,0,0,ok (<0.05%),ok (<0.05%),ok (<0.05%)
2016,CO,02,260175,170001,457312,457312,260175,170001,457312,10,0,0,0,ok (<0.05%),ok (<0.05%),ok (<0.05%)
2016,CO,03,150914,204220,374037,374037,150914,204220,374037,29,0,0,0,ok (<0.05%),ok (<0.05%),ok (<0.05%)
2016,CO,04,123642,248230,390635,390635,123642,248232,390635,22,0,8.057043870603875e-6,0,ok (<0.05%),ok (<0.05%),ok (<0.05%)
2016,CO,05,111676,225445,362114,362114,111676,225445,362114,5,0,0,0,ok (<0.05%),ok (<0.05%),ok (<0.05%)
2016,CO,06,160372,191626,376417,376417,160372,191626,376417,3,0,0,0,ok (<0.05%),ok (<0.05%),ok (<0.05%)
2016,CO,07,199758,144066,362010,362010,199758,144066,362010,2,0,0,0,ok (<0.05%),ok (<0.05%),ok (<0.05%)
2016,CT,01,200686,105674,312925,312925,200686,105674,312925,3,0,0,0,ok (<0.05%),ok (<0.05%),ok (<0.05%)
2016,CT,02,208818,111149,330257,330257,208818,111149,330257,6,0,0,0,ok (<0.05%),ok (<0.05%),ok (<0.05%)
2016,CT,03,213572,95786,309379,309379,213572,95786,309379,3,0,0,0,ok (<0.05%),ok (<0.05%),ok (<0.05%)
2016,CT,04,187811,125724,313540,313540,187811,125724,313540,2,0,0,0,ok (<0.05%),ok (<0.05%),ok (<0.05%)
2016,CT,05,179252,129829,309082,309082,179252,129801,309081,4,0,-2.1566830215129131e-4,-3.235387372930161e-6,ok (<0.05%),ok (<0.05%),ok (<0.05%)
2016,CT,NA,0,0,12,12,NA,NA,NA,NA,NA,NA,NA,MISSING,MISSING,MISSING
2016,FL,01,114079,255107,369186,369186,114079,255107,369186,5,0,0,0,ok (<0.05%),ok (<0.05%),ok (<0.05%)
2016,FL,02,102801,231163,343362,343362,102801,231163,343866,19,0,0,0.001467838607650235,ok (<0.05%),ok (<0.05%),small (<0.5%)
2016,FL,03,136338,193843,342700,342700,136338,193843,342700,6,0,0,0,ok (<0.05%),ok (<0.05%),ok (<0.05%)
2016,FL,04,113088,287509,409662,409662,113088,287509,410302,3,0,0,0.001562263524564153,ok (<0.05%),ok (<0.05%),small (<0.5%)
2016,FL,05,194549,108325,302874,302874,194549,108325,302874,8,0,0,0,ok (<0.05%),ok (<0.05%),ok (<0.05%)
2016,FL,06,151051,213519,364570,364570,151051,213519,364570,4,0,0,0,ok (<0.05%),ok (<0.05%),ok (<0.05%)
2016,FL,07,182039,171583,353655,353655,182029,171576,354220,2,-5.4933283527156265e-5,-4.079658241201051e-5,0.001597602182918381,ok (<0.05%),ok (<0.05%),small (<0.5%)
2016,FL,08,127127,246483,390561,390561,127127,246483,390561,3,0,0,0,ok (<0.05%),ok (<0.05%),ok (<0.05%)
2016,FL,09,195311,144450,339761,339761,195311,144450,339761,3,0,0,0,ok (<0.05%),ok (<0.05%),ok (<0.05%)
2016,FL,10,198491,107498,305989,305989,198491,107498,305989,1,0,0,0,ok (<0.05%),ok (<0.05%),ok (<0.05%)
2016,FL,11,124713,258016,394719,394719,124713,258016,394719,5,0,0,0,ok (<0.05%),ok (<0.05%),ok (<0.05%)
2016,FL,12,116110,253559,369669,369669,116110,253559,369669,3,0,0,0,ok (<0.05%),ok (<0.05%),ok (<0.05%)
2016,FL,13,184693,171149,355842,355842,184693,171149,355842,1,0,0,0,ok (<0.05%),ok (<0.05%),ok (<0.05%)
2016,FL,14,195789,121088,316877,316877,195789,121088,316877,1,0,0,0,ok (<0.05%),ok (<0.05%),ok (<0.05%)
2016,FL,15,135475,182999,318474,318474,135475,182999,318474,3,0,0,0,ok (<0.05%),ok (<0.05%),ok (<0.05%)
2016,FL,16,155262,230654,385916,385916,155262,230654,385916,3,0,0,0,ok (<0.05%),ok (<0.05%),ok (<0.05%)
2016,FL,17,115974,209348,338675,338675,115974,209348,338675,9,0,0,0,ok (<0.05%),ok (<0.05%),ok (<0.05%)
2016,FL,18,161918,201488,375918,375918,161918,201488,376240,3,0,0,8.565697838358366e-4,ok (<0.05%),ok (<0.05%),small (<0.5%)
2016,FL,19,123812,239225,363166,363166,123812,239225,363280,2,0,0,3.139060374594538e-4,ok (<0.05%),ok (<0.05%),ok (<0.05%)
2016,FL,20,222914,54646,277560,277560,222914,54646,277560,2,0,0,0,ok (<0.05%),ok (<0.05%),ok (<0.05%)
2016,FL,21,210606,118038,335861,335861,210606,118038,335861,1,0,0,0,ok (<0.05%),ok (<0.05%),ok (<0.05%)
2016,FL,22,199113,138737,337850,337850,199113,138737,337850,2,0,0,0,ok (<0.05%),ok (<0.05%),ok (<0.05%)
2016,FL,23,183225,130818,323120,323120,183225,130818,323120,2,0,0,0,ok (<0.05%),ok (<0.05%),ok (<0.05%)
2016,FL,25,95319,157921,253240,253240,95319,157921,253240,3,0,0,0,ok (<0.05%),ok (<0.05%),ok (<0.05%)
2016,FL,26,115493,148547,280542,280542,115493,148547,280542,2,0,0,0,ok (<0.05%),ok (<0.05%),ok (<0.05%)
2016,FL,27,129760,157917,287677,287677,129760,157917,287677,1,0,0,0,ok (<0.05%),ok (<0.05%),ok (<0.05%)
2016,GA,01,0,210243,211112,211112,0,210243,211112,17,0,0,0,ok (<0.05%),ok (<0.05%),ok (<0.05%)
2016,GA,02,148543,94056,242599,242599,148543,94056,242599,29,0,0,0,ok (<0.05%),ok (<0.05%),ok (<0.05%)
2016,GA,03,95969,207218,303187,303187,95969,207218,303187,13,0,0,0,ok (<0.05%),ok (<0.05%),ok (<0.05%)
2016,GA,04,220146,70593,290739,290739,220146,70593,290739,4,0,0,0,ok (<0.05%),ok (<0.05%),ok (<0.05%)
2016,GA,05,253781,46768,300549,300549,253781,46768,300549,3,0,0,0,ok (<0.05%),ok (<0.05%),ok (<0.05%)
2016,GA,06,124917,201088,326005,326005,124917,201088,326005,3,0,0,0,ok (<0.05%),ok (<0.05%),ok (<0.05%)
2016,GA,07,114220,174081,288301,288301,114220,174081,288301,2,0,0,0,ok (<0.05%),ok (<0.05%),ok (<0.05%)
2016,GA,08,83225,173983,257208,257208,83225,173983,257208,24,0,0,0,ok (<0.05%),ok (<0.05%),ok (<0.05%)
2016,GA,09,0,256535,256535,256535,0,256535,256535,20,0,0,0,ok (<0.05%),ok (<0.05%),ok (<0.05%)
2016,GA,10,0,243725,244611,244611,0,243725,244611,25,0,0,0,ok (<0.05%),ok (<0.05%),ok (<0.05%)
2016,GA,11,105383,217935,323318,323318,105383,217935,323318,4,0,0,0,ok (<0.05%),ok (<0.05%),ok (<0.05%)
2016,GA,12,99420,159492,258912,258912,99420,159492,258912,19,0,0,0,ok (<0.05%),ok (<0.05%),ok (<0.05%)
2016,GA,13,252833,0,252833,252833,252833,0,252833,6,0,0,0,ok (<0.05%),ok (<0.05%),ok (<0.05%)
2016,GA,14,0,216743,216953,216953,0,216743,216953,12,0,0,0,ok (<0.05%),ok (<0.05%),ok (<0.05%)
2016,GU,00,18345,15617,33962,34168,NA,NA,NA,NA,NA,NA,NA,MISSING,MISSING,MISSING
2016,IA,01,177403,206903,384306,384977,177403,206903,384977,20,0,0,0,ok (<0.05%),ok (<0.05%),ok (<0.05%)
2016,IA,02,198571,170933,369504,370032,198571,170933,370032,24,0,0,0,ok (<0.05%),ok (<0.05%),ok (<0.05%)
2016,IA,03,155002,208598,389838,390287,155002,208598,390287,16,0,0,0,ok (<0.05%),ok (<0.05%),ok (<0.05%)
2016,IA,04,142993,226719,369712,370259,142993,226719,370259,39,0,0,0,ok (<0.05%),ok (<0.05%),ok (<0.05%)
2016,ID,01,113052,242252,355357,355357,112988,242252,355293,19,-5.661111700810247e-4,0,-1.8010057491480398e-4,small (<0.5%),ok (<0.05%),ok (<0.05%)
2016,ID,02,95940,205292,326237,326237,95882,205292,326179,26,-6.045445069835314e-4,0,-1.7778486192553266e-4,small (<0.5%),ok (<0.05%),ok (<0.05%)
2016,IL,01,234037,81817,315862,315862,234037,81817,315862,2,0,0,0,ok (<0.05%),ok (<0.05%),ok (<0.05%)
2016,IL,02,235051,59471,294522,294522,235051,59471,294522,3,0,0,0,ok (<0.05%),ok (<0.05%),ok (<0.05%)
2016,IL,03,225320,0,225411,225411,225320,0,225411,3,0,0,0,ok (<0.05%),ok (<0.05%),ok (<0.05%)
2016,IL,04,171297,0,171297,171297,171297,0,171297,1,0,0,0,ok (<0.05%),ok (<0.05%),ok (<0.05%)
2016,IL,05,212842,86222,313724,313724,212842,86222,313724,2,0,0,0,ok (<0.05%),ok (<0.05%),ok (<0.05%)
2016,IL,06,143591,208555,352146,352146,143591,208555,352146,5,0,0,0,ok (<0.05%),ok (<0.05%),ok (<0.05%)
2016,IL,07,250584,46882,297466,297466,250584,46882,297466,1,0,0,0,ok (<0.05%),ok (<0.05%),ok (<0.05%)
2016,IL,08,144954,103617,248571,248571,144954,103617,248571,3,0,0,0,ok (<0.05%),ok (<0.05%),ok (<0.05%)
2016,IL,09,217306,109550,326948,326948,217306,109550,326948,1,0,0,0,ok (<0.05%),ok (<0.05%),ok (<0.05%)
2016,IL,10,150435,135535,285996,285996,150435,135535,285996,2,0,0,0,ok (<0.05%),ok (<0.05%),ok (<0.05%)
2016,IL,11,166578,108995,275573,275573,166578,108995,275573,5,0,0,0,ok (<0.05%),ok (<0.05%),ok (<0.05%)
2016,IL,12,124246,169976,313002,313002,124246,169976,313002,12,0,0,0,ok (<0.05%),ok (<0.05%),ok (<0.05%)
2016,IL,13,126811,187583,314394,314394,126811,187583,314394,14,0,0,0,ok (<0.05%),ok (<0.05%),ok (<0.05%)
2016,IL,14,137589,200508,338097,338097,137589,200508,338097,7,0,0,0,ok (<0.05%),ok (<0.05%),ok (<0.05%)
2016,IL,15,0,274554,274554,274554,0,274554,274554,33,0,0,0,ok (<0.05%),ok (<0.05%),ok (<0.05%)
2016,IL,16,0,259722,259853,259853,0,259722,259853,14,0,0,0,ok (<0.05%),ok (<0.05%),ok (<0.05%)
2016,IL,17,173125,113943,287068,287068,173125,113943,287068,14,0,0,0,ok (<0.05%),ok (<0.05%),ok (<0.05%)
2016,IL,18,96770,250506,347283,347283,96770,250506,347283,19,0,0,0,ok (<0.05%),ok (<0.05%),ok (<0.05%)
2016,IN,01,207515,0,254583,254583,207299,0,254583,3,-0.0010408886104618944,0,0,small (<0.5%),ok (<0.05%),ok (<0.05%)
2016,IN,02,102401,164355,277357,277357,102332,164276,277202,10,-6.738215447114774e-4,-4.8066684919838157e-4,-5.588465407399128e-4,small (<0.5%),ok (<0.05%),small (<0.5%)
2016,IN,03,66023,201396,287247,287247,65908,201216,286906,12,-0.0017418172455053542,-8.937615444199488e-4,-0.0011871316323582143,small (<0.5%),small (<0.5%),small (<0.5%)
2016,IN,04,91256,193412,299434,299434,91154,193274,299186,16,-0.0011177347242921013,-7.135027816267864e-4,-8.282292592023618e-4,small (<0.5%),small (<0.5%),small (<0.5%)
2016,IN,05,123849,221957,361135,361135,123791,221786,360901,8,-4.683122189117393e-4,-7.704194956680799e-4,-6.479571351433674e-4,ok (<0.05%),small (<0.5%),small (<0.5%)
2016,IN,06,79135,204920,296385,296385,79461,205100,296981,19,0.004119542553863651,8.783915674409526e-4,0.0020108979874150176,small (<0.5%),small (<0.5%),small (<0.5%)
2016,IN,07,158739,94456,264670,264670,158606,94396,264472,1,-8.378533315694316e-4,-6.35216397052596e-4,-7.481014093021498e-4,small (<0.5%),small (<0.5%),small (<0.5%)
2016,IN,08,93356,187702,294713,294713,93130,187544,294305,19,-0.0024208406529842752,-8.417598107638704e-4,-0.001384397702171265,small (<0.5%),small (<0.5%),small (<0.5%)
2016,IN,09,130627,174791,322843,322843,130154,174447,321924,13,-0.0036209971904736385,-0.001968064717290936,-0.002846584872523177,small (<0.5%),small (<0.5%),small (<0.5%)
2016,KS,01,0,170866,257971,257971,0,170866,257971,63,0,0,0,ok (<0.05%),ok (<0.05%),ok (<0.05%)
2016,KS,02,96840,181228,297401,297401,96840,181228,297470,25,0,0,2.3200997979159452e-4,ok (<0.05%),ok (<0.05%),ok (<0.05%)
2016,KS,03,139300,176022,343113,343113,139300,176022,343381,3,0,0,7.810837828936823e-4,ok (<0.05%),ok (<0.05%),small (<0.5%)
2016,KS,04,81495,166998,275251,275251,81499,167000,275397,17,4.908276581385361e-5,1.1976191331632714e-5,5.304249575841686e-4,ok (<0.05%),ok (<0.05%),small (<0.5%)
2016,KY,01,81710,216959,299001,299001,81710,216957,298667,35,0,-9.218331574168391e-6,-0.0011170531202236782,ok (<0.05%),ok (<0.05%),small (<0.5%)
2016,KY,02,0,251825,251825,251825,0,251917,251917,21,0,3.6533306859922566e-4,3.6533306859922566e-4,ok (<0.05%),ok (<0.05%),ok (<0.05%)
2016,KY,03,212401,122093,334494,334494,212401,122093,334809,1,0,0,9.417209277296453e-4,ok (<0.05%),ok (<0.05%),small (<0.5%)
2016,KY,04,94065,233922,327987,327987,94064,233922,327995,20,-1.0630946685802371e-5,0,2.439121062725047e-5,ok (<0.05%),ok (<0.05%),ok (<0.05%)
2016,KY,05,0,221242,221242,221242,0,221228,221228,30,0,-6.327912421692084e-5,-6.327912421692084e-5,ok (<0.05%),ok (<0.05%),ok (<0.05%)
2016,KY,06,128728,202099,330827,330827,128725,202094,330819,19,-2.3304953079361132e-5,-2.4740350026472176e-5,-2.4181823128100187e-5,ok (<0.05%),ok (<0.05%),ok (<0.05%)
2016,LA,01,63785,243645,326788,326788,63785,243645,326788,8,0,0,0,ok (<0.05%),ok (<0.05%),ok (<0.05%)
2016,LA,02,284269,0,284269,284269,284269,0,284269,10,0,0,0,ok (<0.05%),ok (<0.05%),ok (<0.05%)
2016,LA,03,0,138433,138433,138433,56215,258632,320454,10,56215,0.8682828516321975,1.3148671198341435,BAD (>=2%),BAD (>=2%),BAD (>=2%)
2016,LA,04,46579,87370,133949,285985,80593,199750,285985,15,0.7302432426630027,1.2862538628819962,0,BAD (>=2%),BAD (>=2%),ok (<0.05%)
2016,LA,05,0,255662,255662,133949,0,255662,255662,24,0,0,0.908651800312059,ok (<0.05%),ok (<0.05%),BAD (>=2%)
2016,LA,06,79202,241075,331098,331098,79202,241075,331098,13,0,0,0,ok (<0.05%),ok (<0.05%),ok (<0.05%)
2016,MA,01,235803,0,321539,321539,235803,0,321539,5,0,0,0,ok (<0.05%),ok (<0.05%),ok (<0.05%)
2016,MA,02,275487,0,280411,280411,275487,0,280411,5,0,0,0,ok (<0.05%),ok (<0.05%),ok (<0.05%)
2016,MA,03,236713,107519,344592,344592,236713,107519,344592,3,0,0,0,ok (<0.05%),ok (<0.05%),ok (<0.05%)
2016,MA,04,265823,113055,379213,379213,265823,113055,379213,5,0,0,0,ok (<0.05%),ok (<0.05%),ok (<0.05%)
2016,MA,05,285606,0,289807,289807,285606,0,289807,3,0,0,0,ok (<0.05%),ok (<0.05%),ok (<0.05%)
2016,MA,06,308923,0,314055,314055,308923,0,314055,2,0,0,0,ok (<0.05%),ok (<0.05%),ok (<0.05%)
2016,MA,07,253354,0,256911,256911,253354,0,256911,3,0,0,0,ok (<0.05%),ok (<0.05%),ok (<0.05%)
2016,MA,08,271019,102744,374265,374265,271019,102744,374265,4,0,0,0,ok (<0.05%),ok (<0.05%),ok (<0.05%)
2016,MA,09,211790,127803,379895,379895,211790,127803,379895,5,0,0,0,ok (<0.05%),ok (<0.05%),ok (<0.05%)
2016,MD,01,103622,242574,361566,362097,103622,242574,362093,12,0,0,-1.1046763712485881e-5,ok (<0.05%),ok (<0.05%),ok (<0.05%)
2016,MD,02,192183,102577,308888,309480,192183,102577,309479,5,0,0,-3.2312265736073415e-6,ok (<0.05%),ok (<0.05%),ok (<0.05%)
2016,MD,03,214640,115048,339212,339675,214700,115048,339672,5,2.795378307864331e-4,0,-8.83197173769044e-6,ok (<0.05%),ok (<0.05%),ok (<0.05%)
2016,MD,04,237501,68670,320137,320650,237519,68670,320650,2,7.578915457198075e-5,0,0,ok (<0.05%),ok (<0.05%),ok (<0.05%)
2016,MD,05,242989,105931,359998,360634,242989,105931,360634,5,0,0,0,ok (<0.05%),ok (<0.05%),ok (<0.05%)
2016,MD,06,185770,133081,331667,331973,185770,133081,331962,5,0,0,-3.3135224852623554e-5,ok (<0.05%),ok (<0.05%),ok (<0.05%)
2016,MD,07,238838,69556,318328,318912,238838,69774,318911,3,0,0.0031341652768991893,-3.1356612482440297e-6,ok (<0.05%),small (<0.5%),ok (<0.05%)
2016,MD,08,220657,124651,363797,364324,220657,124651,364322,3,0,0,-5.489619130224745e-6,ok (<0.05%),ok (<0.05%),ok (<0.05%)
2016,ME,01,227546,164569,392391,392391,225514,164087,389890,8,-0.008930062492858586,-0.002928862665508085,-0.006373744555812952,check (0.5-2%),small (<0.5%),check (0.5-2%)
2016,ME,02,159081,192878,352183,352183,156964,191138,348362,13,-0.013307686021586487,-0.009021246591109406,-0.010849473143223836,check (0.5-2%),check (0.5-2%),check (0.5-2%)
2016,MI,01,144334,197777,360271,360271,144334,197777,360271,32,0,0,0,ok (<0.05%),ok (<0.05%),ok (<0.05%)
2016,MI,02,110391,212508,339328,339328,110391,212508,339328,8,0,0,0,ok (<0.05%),ok (<0.05%),ok (<0.05%)
2016,MI,03,128400,203545,342365,342365,128400,203545,342365,5,0,0,0,ok (<0.05%),ok (<0.05%),ok (<0.05%)
2016,MI,04,0,194572,315751,315751,101277,194572,315751,15,101277,0,0,BAD (>=2%),ok (<0.05%),ok (<0.05%)
2016,MI,05,195279,112102,319291,319291,195279,112102,319291,6,0,0,0,ok (<0.05%),ok (<0.05%),ok (<0.05%)
2016,MI,06,119980,193259,329565,329565,119766,192725,328784,6,-0.00178363060510085,-0.002763131341877998,-0.002369790481392138,small (<0.5%),small (<0.5%),small (<0.5%)
2016,MI,07,134010,184321,334807,334807,134010,184321,334807,7,0,0,0,ok (<0.05%),ok (<0.05%),ok (<0.05%)
2016,MI,08,143791,205629,366968,366968,143791,205629,366968,3,0,0,0,ok (<0.05%),ok (<0.05%),ok (<0.05%)
2016,MI,09,199661,128937,344775,344775,199661,128937,344775,2,0,0,0,ok (<0.05%),ok (<0.05%),ok (<0.05%)
2016,MI,10,110112,215132,340983,340983,110112,215132,340983,6,0,0,0,ok (<0.05%),ok (<0.05%),ok (<0.05%)
2016,MI,11,152461,200872,379488,379488,152461,200872,379488,2,0,0,0,ok (<0.05%),ok (<0.05%),ok (<0.05%)
2016,MI,12,211378,96104,328542,328542,211378,96104,328542,2,0,0,0,ok (<0.05%),ok (<0.05%),ok (<0.05%)
2016,MI,13,198771,40541,257797,257797,198771,40541,257797,1,0,0,0,ok (<0.05%),ok (<0.05%),ok (<0.05%)
2016,MI,14,244135,58103,310974,310974,244135,58103,310974,2,0,0,0,ok (<0.05%),ok (<0.05%),ok (<0.05%)
2016,MN,01,169074,166526,335600,335877,169074,166526,335877,21,0,0,0,ok (<0.05%),ok (<0.05%),ok (<0.05%)
2016,MN,02,167315,173970,370154,370514,167315,173970,370514,6,0,0,0,ok (<0.05%),ok (<0.05%),ok (<0.05%)
2016,MN,03,169243,223077,392320,393464,169243,223077,393464,3,0,0,0,ok (<0.05%),ok (<0.05%),ok (<0.05%)
2016,MN,04,203299,121032,351483,351944,203299,121032,351944,2,0,0,0,ok (<0.05%),ok (<0.05%),ok (<0.05%)
2016,MN,05,249964,80660,361383,361882,249964,80660,361882,3,0,0,0,ok (<0.05%),ok (<0.05%),ok (<0.05%)
2016,MN,06,123008,235380,358388,358924,123008,235380,358924,8,0,0,0,ok (<0.05%),ok (<0.05%),ok (<0.05%)
2016,MN,07,173589,156952,330541,330848,173589,156952,330848,38,0,0,0,ok (<0.05%),ok (<0.05%),ok (<0.05%)
2016,MN,08,179098,177089,356187,356979,179098,177089,356979,18,0,0,0,ok (<0.05%),ok (<0.05%),ok (<0.05%)
2016,MO,01,236993,62714,314024,314024,236993,62714,314024,2,0,0,0,ok (<0.05%),ok (<0.05%),ok (<0.05%)
2016,MO,02,155689,241954,413296,413296,155689,241954,413296,3,0,0,0,ok (<0.05%),ok (<0.05%),ok (<0.05%)
2016,MO,03,102891,249865,368333,368333,102891,249865,368333,13,0,0,0,ok (<0.05%),ok (<0.05%),ok (<0.05%)
2016,MO,04,92510,225348,332234,332234,92510,225348,332234,24,0,0,0,ok (<0.05%),ok (<0.05%),ok (<0.05%)
2016,MO,05,190766,123771,324270,324270,91701,97908,196376,5,-0.519301133325645,-0.2089584797731294,-0.3944058963209671,BAD (>=2%),BAD (>=2%),BAD (>=2%)
2016,MO,06,99692,238388,350444,350444,99692,238388,350444,36,0,0,0,ok (<0.05%),ok (<0.05%),ok (<0.05%)
2016,MO,07,92756,228692,338607,338607,92756,228692,338607,11,0,0,0,ok (<0.05%),ok (<0.05%),ok (<0.05%)
2016,MO,08,70009,229792,308871,308871,70009,229792,308871,30,0,0,0,ok (<0.05%),ok (<0.05%),ok (<0.05%)
2016,MP,00,0,0,10605,10605,NA,NA,NA,NA,NA,NA,NA,MISSING,MISSING,MISSING
2016,MS,01,83947,206455,300423,300423,83947,206455,300423,22,0,0,0,ok (<0.05%),ok (<0.05%),ok (<0.05%)
2016,MS,02,192343,83542,286626,286626,192343,83542,286626,26,0,0,0,ok (<0.05%),ok (<0.05%),ok (<0.05%)
2016,MS,03,96101,209490,316445,316445,96101,209490,317685,24,0,0,0.0039185324463966885,ok (<0.05%),ok (<0.05%),small (<0.5%)
2016,MS,04,77505,181323,278779,278779,77505,177898,278779,14,0,-0.01888894403909046,0,ok (<0.05%),check (0.5-2%),ok (<0.05%)
2016,MT,00,205919,285358,507831,507831,205919,285358,507831,56,0,0,0,ok (<0.05%),ok (<0.05%),ok (<0.05%)
2016,NC,01,240661,101567,350699,350699,240661,101567,350699,14,0,0,0,ok (<0.05%),ok (<0.05%),ok (<0.05%)
2016,NC,02,169082,221485,390567,390567,169082,221485,390567,6,0,0,0,ok (<0.05%),ok (<0.05%),ok (<0.05%)
2016,NC,03,106170,217531,323701,323701,106170,217531,323701,17,0,0,0,ok (<0.05%),ok (<0.05%),ok (<0.05%)
2016,NC,04,279380,130161,409541,409541,279380,130161,409541,3,0,0,0,ok (<0.05%),ok (<0.05%),ok (<0.05%)
2016,NC,05,147887,207625,355512,355512,147887,207625,355512,11,0,0,0,ok (<0.05%),ok (<0.05%),ok (<0.05%)
2016,NC,06,143167,207983,351150,351150,143167,207983,351150,8,0,0,0,ok (<0.05%),ok (<0.05%),ok (<0.05%)
2016,NC,07,135905,211801,347706,347706,135905,211801,347706,9,0,0,0,ok (<0.05%),ok (<0.05%),ok (<0.05%)
2016,NC,08,133182,189863,323045,323045,133182,189863,323045,7,0,0,0,ok (<0.05%),ok (<0.05%),ok (<0.05%)
2016,NC,09,139041,193452,332493,332493,139041,193452,332493,8,0,0,0,ok (<0.05%),ok (<0.05%),ok (<0.05%)
2016,NC,10,128919,220825,349744,349744,128919,220825,349744,8,0,0,0,ok (<0.05%),ok (<0.05%),ok (<0.05%)
2016,NC,11,129103,230405,359508,359508,129103,230405,359508,16,0,0,0,ok (<0.05%),ok (<0.05%),ok (<0.05%)
2016,NC,12,234115,115185,349300,349300,234115,115185,349300,1,0,0,0,ok (<0.05%),ok (<0.05%),ok (<0.05%)
2016,NC,13,156049,199443,355492,355492,156049,199443,355492,5,0,0,0,ok (<0.05%),ok (<0.05%),ok (<0.05%)
2016,ND,00,80377,233980,337885,338459,80377,233980,338459,53,0,0,0,ok (<0.05%),ok (<0.05%),ok (<0.05%)
2016,NE,01,83467,189771,273238,273238,83467,189771,273238,18,0,0,0,ok (<0.05%),ok (<0.05%),ok (<0.05%)
2016,NE,02,137602,141066,288308,288308,137602,141066,288308,2,0,0,0,ok (<0.05%),ok (<0.05%),ok (<0.05%)
2016,NE,03,0,226720,226720,226720,0,226907,226907,75,0,8.248059280169372e-4,8.248059280169372e-4,ok (<0.05%),small (<0.5%),small (<0.5%)
2016,NH,01,162080,157231,365790,365984,109537,117606,259373,7,-0.3241794175715696,-0.2520177318722135,-0.29129961965550405,BAD (>=2%),BAD (>=2%),BAD (>=2%)
2016,NH,02,174495,158973,350556,350793,122827,124363,259895,8,-0.2961001747901086,-0.21770992558484775,-0.25912147619821374,BAD (>=2%),BAD (>=2%),BAD (>=2%)
2016,NJ,01,183231,112388,305473,305473,181350,107078,302580,3,-0.010265730143916695,-0.04724703705021888,-0.00947055877278843,check (0.5-2%),BAD (>=2%),check (0.5-2%)
2016,NJ,02,110838,176338,297795,297795,110838,176338,297927,8,0,0,4.4325794590238253e-4,ok (<0.05%),ok (<0.05%),ok (<0.05%)
2016,NJ,03,127526,194596,328060,328060,127008,194496,327665,2,-0.004061916785596663,-5.138851774959403e-4,-0.0012040480399926842,small (<0.5%),small (<0.5%),small (<0.5%)
2016,NJ,04,111532,211992,332684,332684,111532,211992,332803,3,0,0,3.5769679335345255e-4,ok (<0.05%),ok (<0.05%),ok (<0.05%)
2016,NJ,05,172587,157690,337701,337701,172874,158166,338703,4,0.0016629294211035594,0.0030185807597184347,0.0029671218030150933,small (<0.5%),small (<0.5%),small (<0.5%)
2016,NJ,06,167895,91908,263435,263435,166825,91908,262413,2,-0.006373030763274666,0,-0.0038795148708410045,check (0.5-2%),ok (<0.05%),small (<0.5%)
2016,NJ,07,148188,185850,343635,343635,148183,185844,342197,6,-3.374092369152698e-5,-3.228410008071025e-5,-0.004184672690500095,ok (<0.05%),ok (<0.05%),small (<0.5%)
2016,NJ,08,134733,32337,174889,174889,134733,32337,174998,4,0,0,6.232524629908113e-4,ok (<0.05%),ok (<0.05%),small (<0.5%)
2016,NJ,09,162642,65376,233242,233242,162642,65376,233343,3,0,0,4.3302664185695543e-4,ok (<0.05%),ok (<0.05%),ok (<0.05%)
2016,NJ,10,190856,26450,222771,222771,191394,26520,223523,3,0.002818879154965,0.0026465028355387526,0.0033756637982502212,small (<0.5%),small (<0.5%),small (<0.5%)
2016,NJ,11,130162,194299,334992,334992,130162,194299,335201,4,0,0,6.238954960118451e-4,ok (<0.05%),ok (<0.05%),small (<0.5%)
2016,NJ,12,181430,92407,288634,288634,181430,92407,288666,4,0,0,1.108670496199339e-4,ok (<0.05%),ok (<0.05%),ok (<0.05%)
2016,NM,01,181088,96879,277967,277967,181088,96879,277967,5,0,0,0,ok (<0.05%),ok (<0.05%),ok (<0.05%)
2016,NM,02,85232,143515,228817,228817,85232,143585,228817,19,0,4.877538933212556e-4,0,ok (<0.05%),ok (<0.05%),ok (<0.05%)
2016,NM,03,170612,102730,273342,273342,170612,102730,273342,16,0,0,0,ok (<0.05%),ok (<0.05%),ok (<0.05%)
2016,NV,01,116537,54174,188352,188352,116530,54171,188341,1,-6.0066759913160627e-5,-5.537711817477018e-5,-5.840129119945634e-5,ok (<0.05%),ok (<0.05%),ok (<0.05%)
2016,NV,02,115722,182676,313336,313336,115665,182546,313142,11,-4.925597552755742e-4,-7.116424708226587e-4,-6.191436668624096e-4,ok (<0.05%),small (<0.5%),small (<0.5%)
2016,NV,03,146869,142926,310963,310963,146843,142900,310907,1,-1.7702850839864098e-4,-1.8191231826259743e-4,-1.800857336724948e-4,ok (<0.05%),ok (<0.05%),ok (<0.05%)
2016,NV,04,128985,118328,265846,265846,128960,118230,265713,7,-1.9382098693646548e-4,-8.282063416942735e-4,-5.002896413713202e-4,ok (<0.05%),small (<0.5%),small (<0.5%)
2016,NY,01,135278,188499,323777,323890,135278,188499,323777,1,0,0,-3.488838803297416e-4,ok (<0.05%),ok (<0.05%),ok (<0.05%)
2016,NY,02,110938,181506,292444,292595,110938,181506,292444,2,0,0,-5.160717032075052e-4,ok (<0.05%),ok (<0.05%),small (<0.5%)
2016,NY,03,171775,152304,324079,324254,171775,152304,324079,3,0,0,-5.39700358361038e-4,ok (<0.05%),ok (<0.05%),small (<0.5%)
2016,NY,04,186423,126438,312861,313000,186423,126438,312861,1,0,0,-4.440894568690096e-4,ok (<0.05%),ok (<0.05%),ok (<0.05%)
2016,NY,05,199815,30312,233714,233853,199815,30312,233714,2,0,0,-5.943904931730617e-4,ok (<0.05%),ok (<0.05%),small (<0.5%)
2016,NY,06,136506,50617,189246,189433,136506,50617,189246,1,0,0,-9.871564088622363e-4,ok (<0.05%),ok (<0.05%),small (<0.5%)
2016,NY,07,172146,17478,189624,189890,172146,17478,189624,3,0,0,-0.0014008109958396967,ok (<0.05%),ok (<0.05%),small (<0.5%)
2016,NY,08,214595,0,229996,230203,214595,0,229996,2,0,0,-8.99206352653962e-4,ok (<0.05%),ok (<0.05%),small (<0.5%)
2016,NY,09,214189,0,231765,232094,214189,0,231765,1,0,0,-0.0014175291045869347,ok (<0.05%),ok (<0.05%),small (<0.5%)
2016,NY,10,192371,53857,246228,246525,192371,53857,246228,2,0,0,-0.0012047459689686645,ok (<0.05%),ok (<0.05%),small (<0.5%)
2016,NY,11,85257,142934,232097,232317,85257,142934,232097,2,0,0,-9.469819255586117e-4,ok (<0.05%),ok (<0.05%),small (<0.5%)
2016,NY,12,244358,49399,293757,294071,244358,49399,293757,3,0,0,-0.0010677693482186274,ok (<0.05%),ok (<0.05%),small (<0.5%)
2016,NY,13,207194,16089,233408,233737,207194,16089,233408,2,0,0,-0.0014075649127010272,ok (<0.05%),ok (<0.05%),small (<0.5%)
2016,NY,14,147587,30545,178132,178323,147587,30545,178132,2,0,0,-0.001071090100547882,ok (<0.05%),ok (<0.05%),small (<0.5%)
2016,NY,15,165688,6129,173921,174036,165688,6129,173921,1,0,0,-6.607828265416351e-4,ok (<0.05%),ok (<0.05%),small (<0.5%)
2016,NY,16,209857,0,221682,222230,209857,0,221682,2,0,0,-0.0024659136930207442,ok (<0.05%),ok (<0.05%),small (<0.5%)
2016,NY,17,214530,0,214530,216585,214530,0,214530,2,0,0,-0.009488191703026526,ok (<0.05%),ok (<0.05%),check (0.5-2%)
2016,NY,18,162060,129369,291429,291527,162060,129369,291429,4,0,0,-3.361609730831107e-4,ok (<0.05%),ok (<0.05%),ok (<0.05%)
2016,NY,19,141224,166171,307395,307614,141224,166171,307395,11,0,0,-7.119311864869609e-4,ok (<0.05%),ok (<0.05%),small (<0.5%)
2016,NY,20,213018,100740,313758,313939,213018,100740,313758,5,0,0,-5.765451250083615e-4,ok (<0.05%),ok (<0.05%),small (<0.5%)
2016,NY,21,82161,177886,272499,272606,82161,177886,272499,12,0,0,-3.9250786849885915e-4,ok (<0.05%),ok (<0.05%),ok (<0.05%)
2016,NY,22,114266,129444,278348,278531,114266,129444,278348,8,0,0,-6.570184288283889e-4,ok (<0.05%),ok (<0.05%),small (<0.5%)
2016,NY,23,118584,161050,279634,279735,118584,161050,279634,11,0,0,-3.610559994280301e-4,ok (<0.05%),ok (<0.05%),ok (<0.05%)
2016,NY,24,119040,182761,301801,302115,119040,182761,301801,4,0,0,-0.001039339324429439,ok (<0.05%),ok (<0.05%),small (<0.5%)
2016,NY,25,182950,142650,325600,325831,182950,142650,325600,1,0,0,-7.089564835758414e-4,ok (<0.05%),ok (<0.05%),small (<0.5%)
2016,NY,26,215289,73377,288666,288679,215289,73377,288666,2,0,0,-4.5032718001655816e-05,ok (<0.05%),ok (<0.05%),ok (<0.05%)
2016,NY,27,107832,220885,328717,328809,107832,220885,328717,8,0,0,-2.797976941020471e-4,ok (<0.05%),ok (<0.05%),ok (<0.05%)
2016,OH,01,144644,210014,354788,354788,144644,210014,354788,88,0,0,0,ok (<0.05%),ok (<0.05%),ok (<0.05%)
2016,OH,02,111694,221193,340279,340279,111694,221193,340279,88,0,0,0,ok (<0.05%),ok (<0.05%),ok (<0.05%)
2016,OH,03,199791,91560,291351,291351,199791,91560,291351,88,0,0,0,ok (<0.05%),ok (<0.05%),ok (<0.05%)
2016,OH,04,98981,210227,309208,309208,98981,210227,309208,88,0,0,0,ok (<0.05%),ok (<0.05%),ok (<0.05%)
2016,OH,05,100392,244599,344991,344991,100392,244599,344991,88,0,0,0,ok (<0.05%),ok (<0.05%),ok (<0.05%)
2016,OH,06,88780,213975,302755,302755,88780,213975,302755,88,0,0,0,ok (<0.05%),ok (<0.05%),ok (<0.05%)
2016,OH,07,89638,198221,309553,309553,89638,198221,309553,88,0,0,0,ok (<0.05%),ok (<0.05%),ok (<0.05%)
2016,OH,08,87794,223833,325506,325506,87794,223833,325506,88,0,0,0,ok (<0.05%),ok (<0.05%),ok (<0.05%)
2016,OH,09,193966,88427,282398,282398,193966,88427,282398,88,0,0,0,ok (<0.05%),ok (<0.05%),ok (<0.05%)
2016,OH,10,109981,215724,336602,336602,109981,215724,336602,88,0,0,0,ok (<0.05%),ok (<0.05%),ok (<0.05%)
2016,OH,11,242917,59769,302686,302686,242917,59769,302686,88,0,0,0,ok (<0.05%),ok (<0.05%),ok (<0.05%)
2016,OH,12,112638,251266,377534,377534,112638,251266,377534,88,0,0,0,ok (<0.05%),ok (<0.05%),ok (<0.05%)
2016,OH,13,208610,99377,308004,308004,208610,99377,308004,88,0,0,0,ok (<0.05%),ok (<0.05%),ok (<0.05%)
2016,OH,14,130907,219191,350269,350269,130907,219191,350269,88,0,0,0,ok (<0.05%),ok (<0.05%),ok (<0.05%)
2016,OH,15,113960,222847,336807,336807,113960,222847,336807,88,0,0,0,ok (<0.05%),ok (<0.05%),ok (<0.05%)
2016,OH,16,119830,225794,345624,345624,119830,225794,345624,88,0,0,0,ok (<0.05%),ok (<0.05%),ok (<0.05%)
2016,OK,02,62387,189839,268870,268870,62387,189839,268870,26,0,0,0,ok (<0.05%),ok (<0.05%),ok (<0.05%)
2016,OK,03,63090,227525,290615,290615,63090,227525,290615,32,0,0,0,ok (<0.05%),ok (<0.05%),ok (<0.05%)
2016,OK,04,76472,204143,293189,293189,76472,204143,293189,15,0,0,0,ok (<0.05%),ok (<0.05%),ok (<0.05%)
2016,OK,05,103273,160184,280570,280570,103273,160184,280570,3,0,0,0,ok (<0.05%),ok (<0.05%),ok (<0.05%)
2016,OR,01,225391,139756,377404,378095,225391,139756,378095,5,0,0,0,ok (<0.05%),ok (<0.05%),ok (<0.05%)
2016,OR,02,106640,272952,379592,380739,106640,272952,380739,20,0,0,0,ok (<0.05%),ok (<0.05%),ok (<0.05%)
2016,OR,03,274687,0,380819,382355,274687,78154,382355,2,0,78154,0,ok (<0.05%),BAD (>=2%),ok (<0.05%)
2016,OR,04,220628,157743,397092,397568,220628,157743,397568,7,0,0,0,ok (<0.05%),ok (<0.05%),ok (<0.05%)
2016,OR,05,199505,160443,372490,373108,199505,160443,373108,7,0,0,0,ok (<0.05%),ok (<0.05%),ok (<0.05%)
2016,PA,01,245791,53219,299010,299132,245791,53219,299010,2,0,0,-4.078467031277162e-4,ok (<0.05%),ok (<0.05%),ok (<0.05%)
2016,PA,02,322514,35131,357645,357784,322514,35131,357645,2,0,0,-3.885025602039219e-4,ok (<0.05%),ok (<0.05%),ok (<0.05%)
2016,PA,03,0,244893,244893,251925,0,244893,244893,7,0,0,-0.027913069365882705,ok (<0.05%),ok (<0.05%),BAD (>=2%)
2016,PA,04,0,220628,334000,334286,113372,220628,334000,4,113372,0,-8.55554824312116e-4,BAD (>=2%),ok (<0.05%),small (<0.5%)
2016,PA,05,101082,206761,307843,308231,101082,206760,307842,16,0,-4.836502048258618e-6,-0.0012620404826250442,ok (<0.05%),ok (<0.05%),small (<0.5%)
2016,PA,06,155000,207469,362469,362756,155000,207469,362469,4,0,0,-7.911654114611474e-4,ok (<0.05%),ok (<0.05%),small (<0.5%)
2016,PA,07,153824,225678,379502,379649,153824,225678,379502,5,0,0,-3.871997555636917e-4,ok (<0.05%),ok (<0.05%),ok (<0.05%)
2016,PA,08,173555,207263,380818,380862,173555,207263,380818,2,0,0,-1.1552740887775624e-4,ok (<0.05%),ok (<0.05%),ok (<0.05%)
2016,PA,09,0,186580,295561,297084,107985,186580,294565,12,107985,0,-0.008479083356895694,BAD (>=2%),ok (<0.05%),check (0.5-2%)
2016,PA,10,0,211282,301105,301532,89823,211282,301105,15,89823,0,-0.0014161017736094344,BAD (>=2%),ok (<0.05%),small (<0.5%)
2016,PA,11,113800,199421,313221,313446,113800,199421,313221,9,0,0,-7.178269941233897e-4,ok (<0.05%),ok (<0.05%),small (<0.5%)
2016,PA,12,137353,221851,359204,359513,137353,221851,359204,6,0,0,-8.594960404769786e-4,ok (<0.05%),ok (<0.05%),small (<0.5%)
2016,PA,13,239316,0,239316,239553,239316,0,239316,2,0,0,-9.893426506869044e-4,ok (<0.05%),ok (<0.05%),small (<0.5%)
2016,PA,14,255293,0,343292,343804,255293,87999,343292,2,0,87999,-0.0014892206024362717,ok (<0.05%),BAD (>=2%),small (<0.5%)
2016,PA,15,124129,190618,326474,326728,124128,190618,326473,5,-8.056135149723271e-6,0,-7.804657084792243e-4,ok (<0.05%),ok (<0.05%),small (<0.5%)
2016,PA,16,134586,168669,313773,314317,134586,168669,313773,3,0,0,-0.0017307368039272454,ok (<0.05%),ok (<0.05%),small (<0.5%)
2016,PA,17,157734,135430,293164,293471,157734,135430,293164,6,0,0,-0.0010460999553618586,ok (<0.05%),ok (<0.05%),small (<0.5%)
2016,PA,18,0,293684,293684,298479,0,293684,293684,4,0,0,-0.01606478177694243,ok (<0.05%),ok (<0.05%),check (0.5-2%)
2016,PR,00,0,0,1472401,1472401,NA,NA,NA,NA,NA,NA,NA,MISSING,MISSING,MISSING
2016,RI,01,130540,71023,201690,202377,125702,68208,194722,3,-0.03706143710740003,-0.03963504780141644,-0.03782544459103554,BAD (>=2%),BAD (>=2%),BAD (>=2%)
2016,RI,02,133108,70301,228637,229148,119965,62873,205989,3,-0.09873936953451333,-0.10565994793815166,-0.1010656868050343,BAD (>=2%),BAD (>=2%),BAD (>=2%)
2016,SC,01,119779,190410,324577,325170,110539,190410,315930,5,-0.07714206997887776,0,-0.028415905526340067,BAD (>=2%),ok (<0.05%),BAD (>=2%)
2016,SC,02,109452,183746,304642,304996,105306,183746,300850,5,-0.03787961846288784,0,-0.01359362089994623,BAD (>=2%),ok (<0.05%),check (0.5-2%)
2016,SC,03,73766,198431,272197,272481,73766,198431,272481,11,0,0,0,ok (<0.05%),ok (<0.05%),ok (<0.05%)
2016,SC,04,91676,198648,295427,295670,91676,198648,295670,2,0,0,0,ok (<0.05%),ok (<0.05%),ok (<0.05%)
2016,SC,05,115437,175909,297585,297781,115437,175909,297781,11,0,0,0,ok (<0.05%),ok (<0.05%),ok (<0.05%)
2016,SC,06,177947,70099,253676,253901,177947,70099,253901,16,0,0,0,ok (<0.05%),ok (<0.05%),ok (<0.05%)
2016,SC,07,112744,176468,289212,289463,103454,176468,280173,8,-0.08239906336479103,0,-0.032093911829836626,BAD (>=2%),ok (<0.05%),BAD (>=2%)
2016,SD,00,132810,237163,369973,369973,132792,237141,369933,66,-1.355319629545968e-4,-9.276320505306477e-5,-1.0811599765388285e-4,ok (<0.05%),ok (<0.05%),ok (<0.05%)
2016,TN,01,39024,198293,253025,253025,39024,198293,253025,12,0,0,0,ok (<0.05%),ok (<0.05%),ok (<0.05%)
2016,TN,02,68401,212455,280856,280856,68401,212455,280856,7,0,0,0,ok (<0.05%),ok (<0.05%),ok (<0.05%)
2016,TN,03,76727,176613,266006,266006,76727,176613,266006,11,0,0,0,ok (<0.05%),ok (<0.05%),ok (<0.05%)
2016,TN,04,89141,165796,254937,254937,89141,165796,254937,16,0,0,0,ok (<0.05%),ok (<0.05%),ok (<0.05%)
2016,TN,05,171111,102433,273544,273544,171111,102433,273544,3,0,0,0,ok (<0.05%),ok (<0.05%),ok (<0.05%)
2016,TN,06,61995,202234,284490,284490,61995,202234,284490,19,0,0,0,ok (<0.05%),ok (<0.05%),ok (<0.05%)
2016,TN,07,65226,200407,277513,277513,65226,200407,277513,19,0,0,0,ok (<0.05%),ok (<0.05%),ok (<0.05%)
2016,TN,08,70925,194386,282733,282733,70925,194386,282733,15,0,0,0,ok (<0.05%),ok (<0.05%),ok (<0.05%)
2016,TN,09,171631,41123,217957,217957,171631,41123,217957,1,0,0,0,ok (<0.05%),ok (<0.05%),ok (<0.05%)
2016,TX,01,62847,192434,260409,260409,62847,192434,260409,12,0,0,0,ok (<0.05%),ok (<0.05%),ok (<0.05%)
2016,TX,02,100231,168692,278236,278236,100231,168692,278236,1,0,0,0,ok (<0.05%),ok (<0.05%),ok (<0.05%)
2016,TX,03,109420,193684,316467,316467,109420,193684,316467,1,0,0,0,ok (<0.05%),ok (<0.05%),ok (<0.05%)
2016,TX,04,0,216643,246220,246220,0,216643,246220,18,0,0,0,ok (<0.05%),ok (<0.05%),ok (<0.05%)
2016,TX,05,0,155469,192875,192875,0,155469,192875,7,0,0,0,ok (<0.05%),ok (<0.05%),ok (<0.05%)
2016,TX,06,106667,159444,273296,273296,106667,159444,273296,3,0,0,0,ok (<0.05%),ok (<0.05%),ok (<0.05%)
2016,TX,07,111991,143542,255533,255533,111991,143542,255533,1,0,0,0,ok (<0.05%),ok (<0.05%),ok (<0.05%)
2016,TX,08,0,236379,236379,236379,0,236379,236379,9,0,0,0,ok (<0.05%),ok (<0.05%),ok (<0.05%)
2016,TX,09,152032,36491,188523,188523,152032,36491,188523,2,0,0,0,ok (<0.05%),ok (<0.05%),ok (<0.05%)
2016,TX,10,120170,179221,312600,312600,120170,179221,312600,9,0,0,0,ok (<0.05%),ok (<0.05%),ok (<0.05%)
2016,TX,11,0,201871,225548,225548,0,201871,225548,29,0,0,0,ok (<0.05%),ok (<0.05%),ok (<0.05%)
2016,TX,12,76029,196482,283115,283115,76029,196482,283115,3,0,0,0,ok (<0.05%),ok (<0.05%),ok (<0.05%)
2016,TX,13,0,199050,221242,221242,0,199050,221242,41,0,0,0,ok (<0.05%),ok (<0.05%),ok (<0.05%)
2016,TX,14,99054,160631,259685,259685,99054,160631,259685,3,0,0,0,ok (<0.05%),ok (<0.05%),ok (<0.05%)
2016,TX,15,101712,66877,177479,177479,101712,66877,177479,8,0,0,0,ok (<0.05%),ok (<0.05%),ok (<0.05%)
2016,TX,16,150228,0,175229,175229,150228,0,175229,1,0,0,0,ok (<0.05%),ok (<0.05%),ok (<0.05%)
2016,TX,17,86603,149417,245728,245728,86603,149417,245728,12,0,0,0,ok (<0.05%),ok (<0.05%),ok (<0.05%)
2016,TX,18,150157,48306,204308,204308,150157,48306,204308,1,0,0,0,ok (<0.05%),ok (<0.05%),ok (<0.05%)
2016,TX,19,0,176314,203475,203475,0,176314,203475,29,0,0,0,ok (<0.05%),ok (<0.05%),ok (<0.05%)
2016,TX,20,149640,0,187669,187669,149640,0,187669,1,0,0,0,ok (<0.05%),ok (<0.05%),ok (<0.05%)
2016,TX,21,129765,202967,356031,356031,129765,202967,356031,10,0,0,0,ok (<0.05%),ok (<0.05%),ok (<0.05%)
2016,TX,22,123679,181864,305543,305543,123679,181864,305543,3,0,0,0,ok (<0.05%),ok (<0.05%),ok (<0.05%)
2016,TX,23,107526,110577,228965,228965,107526,110577,228965,29,0,0,0,ok (<0.05%),ok (<0.05%),ok (<0.05%)
2016,TX,24,108389,154845,275635,275635,108389,154845,275635,3,0,0,0,ok (<0.05%),ok (<0.05%),ok (<0.05%)
2016,TX,25,117073,180988,310196,310196,117073,180988,310196,13,0,0,0,ok (<0.05%),ok (<0.05%),ok (<0.05%)
2016,TX,26,94507,211730,319080,319080,94507,211730,319080,3,0,0,0,ok (<0.05%),ok (<0.05%),ok (<0.05%)
2016,TX,27,88329,142251,230580,230580,88329,142251,230580,13,0,0,0,ok (<0.05%),ok (<0.05%),ok (<0.05%)
2016,TX,28,122086,57740,184442,184442,122086,57740,184442,9,0,0,0,ok (<0.05%),ok (<0.05%),ok (<0.05%)
2016,TX,29,95649,31646,131982,131982,95649,31646,131982,1,0,0,0,ok (<0.05%),ok (<0.05%),ok (<0.05%)
2016,TX,30,170502,41518,218826,218826,170502,41518,218826,1,0,0,0,ok (<0.05%),ok (<0.05%),ok (<0.05%)
2016,TX,31,103852,166060,284588,284588,103852,166060,284588,2,0,0,0,ok (<0.05%),ok (<0.05%),ok (<0.05%)
2016,TX,32,0,162868,229171,229171,0,162868,229171,2,0,0,0,ok (<0.05%),ok (<0.05%),ok (<0.05%)
2016,TX,33,93147,33222,126369,126369,93147,33222,126369,2,0,0,0,ok (<0.05%),ok (<0.05%),ok (<0.05%)
2016,TX,34,104638,62323,166961,166961,104638,62323,166961,11,0,0,0,ok (<0.05%),ok (<0.05%),ok (<0.05%)
2016,TX,35,124612,62384,197576,197576,124612,62384,197576,6,0,0,0,ok (<0.05%),ok (<0.05%),ok (<0.05%)
2016,TX,36,0,193675,218565,218565,0,193675,218565,9,0,0,0,ok (<0.05%),ok (<0.05%),ok (<0.05%)
2016,UT,01,73381,182928,277455,277455,81403,183331,278485,10,0.10931985118763712,0.002203052567130237,0.0037123137085293112,BAD (>=2%),small (<0.5%),small (<0.5%)
2016,UT,02,93780,170542,276841,276841,93870,171646,278001,14,9.596928982725527e-4,0.006473478673875057,0.0041901307971001405,small (<0.5%),check (0.5-2%),small (<0.5%)
2016,UT,03,75716,209589,285305,285305,75713,209568,285281,7,-3.962174441333404e-5,-1.001960980776663e-4,-8.412050262000315e-5,ok (<0.05%),ok (<0.05%),ok (<0.05%)
2016,UT,04,113413,147597,274569,274569,113684,147241,274570,4,0.0023894967949000556,-0.002411973143085564,3.6420717560977386e-6,small (<0.5%),small (<0.5%),ok (<0.05%)
2016,VA,01,140785,230213,383864,384655,140785,230213,384655,20,0,0,0,ok (<0.05%),ok (<0.05%),ok (<0.05%)
2016,VA,02,119440,190475,309915,310640,119440,190475,310640,9,0,0,0,ok (<0.05%),ok (<0.05%),ok (<0.05%)
2016,VA,03,208337,103289,311626,312371,208337,103289,312371,8,0,0,0,ok (<0.05%),ok (<0.05%),ok (<0.05%)
2016,VA,04,200136,145731,345867,346699,200136,145731,346699,16,0,0,0,ok (<0.05%),ok (<0.05%),ok (<0.05%)
2016,VA,05,148339,207758,356097,356765,148339,207758,356765,23,0,0,0,ok (<0.05%),ok (<0.05%),ok (<0.05%)
2016,VA,06,112170,225471,337641,338456,112170,225471,338456,19,0,0,0,ok (<0.05%),ok (<0.05%),ok (<0.05%)
2016,VA,07,160159,218057,378216,379209,160159,218057,379209,10,0,0,0,ok (<0.05%),ok (<0.05%),ok (<0.05%)
2016,VA,08,246653,98387,359704,360687,246653,98387,360687,4,0,0,0,ok (<0.05%),ok (<0.05%),ok (<0.05%)
2016,VA,09,87877,212838,309765,310327,87877,212838,310327,29,0,0,0,ok (<0.05%),ok (<0.05%),ok (<0.05%)
2016,VA,10,187712,210791,398503,400117,187712,210791,400117,8,0,0,0,ok (<0.05%),ok (<0.05%),ok (<0.05%)
2016,VA,11,247818,0,247818,282322,247818,0,282003,3,0,0,-0.0011299154865720702,ok (<0.05%),ok (<0.05%),small (<0.5%)
2016,VI,00,14531,0,14531,14902,NA,NA,NA,NA,NA,NA,NA,MISSING,MISSING,MISSING
2016,VT,00,264414,0,294340,295334,264414,0,295334,14,0,0,0,ok (<0.05%),ok (<0.05%),ok (<0.05%)
2016,WA,01,193619,155779,349398,349398,193419,155469,348888,4,-0.0010329564763788678,-0.001989998651936397,-0.0014596534610959422,small (<0.5%),small (<0.5%),small (<0.5%)
2016,WA,02,208314,117094,325408,325408,208102,116984,325086,5,-0.0010176944420442217,-9.394161955352111e-4,-9.895269938047005e-4,small (<0.5%),small (<0.5%),small (<0.5%)
2016,WA,03,119820,193457,313277,313277,119454,192757,312211,8,-0.003054581872809214,-0.0036183751427965906,-0.003402739428684519,small (<0.5%),small (<0.5%),small (<0.5%)
2016,WA,04,0,229919,229919,229919,0,229002,229002,8,0,-0.003988361118480856,-0.003988361118480856,ok (<0.05%),small (<0.5%),small (<0.5%)
2016,WA,05,130575,192959,323534,323534,130566,192808,323374,10,-6.892590465249856e-5,-7.825496608087728e-4,-4.94538441091199e-4,ok (<0.05%),small (<0.5%),ok (<0.05%)
2016,WA,06,201718,126116,327834,327834,201047,125820,326867,6,-0.003326426000654379,-0.0023470455770877607,-0.002949663549235284,small (<0.5%),small (<0.5%),small (<0.5%)
2016,WA,07,378754,0,378754,378754,378754,0,378754,2,0,0,0,ok (<0.05%),ok (<0.05%),ok (<0.05%)
2016,WA,08,127720,193145,320865,320865,127530,192779,320309,5,-0.0014876291888506108,-0.001894949390354397,-0.001732815981799199,small (<0.5%),small (<0.5%),small (<0.5%)
2016,WA,09,205165,76317,281482,281482,205165,76317,281482,2,0,0,0,ok (<0.05%),ok (<0.05%),ok (<0.05%)
2016,WA,10,170460,120104,290564,290564,170448,120078,290526,3,-7.039774727208729e-5,-2.1647905148870978e-4,-1.307801379386297e-4,ok (<0.05%),ok (<0.05%),ok (<0.05%)
2016,WI,01,107003,230072,353990,354245,107003,230072,354245,6,0,0,0,ok (<0.05%),ok (<0.05%),ok (<0.05%)
2016,WI,02,273537,124044,397581,398060,273537,124044,398060,7,0,0,0,ok (<0.05%),ok (<0.05%),ok (<0.05%)
2016,WI,03,257401,0,257570,260370,257401,169,260370,18,0,169,0,ok (<0.05%),BAD (>=2%),ok (<0.05%)
2016,WI,04,220181,0,285858,286909,220181,0,286909,2,0,0,0,ok (<0.05%),ok (<0.05%),ok (<0.05%)
2016,WI,05,114477,260706,390507,390844,114477,260706,390844,6,0,0,0,ok (<0.05%),ok (<0.05%),ok (<0.05%)
2016,WI,06,133072,204147,356935,357183,133072,204147,357183,11,0,0,0,ok (<0.05%),ok (<0.05%),ok (<0.05%)
2016,WI,07,138643,223418,362061,362271,138643,223418,362271,26,0,0,0,ok (<0.05%),ok (<0.05%),ok (<0.05%)
2016,WI,08,135682,227892,363592,363780,135684,227892,363780,12,1.4740348756651582e-5,0,0,ok (<0.05%),ok (<0.05%),ok (<0.05%)
2016,WV,01,73534,163469,237003,237003,73520,163455,236975,20,-1.9038811978132564e-4,-8.564314946564793e-5,-1.1814196444770741e-4,ok (<0.05%),ok (<0.05%),ok (<0.05%)
2016,WV,02,101207,140807,242014,242014,101207,140807,242014,17,0,0,0,ok (<0.05%),ok (<0.05%),ok (<0.05%)
2016,WV,03,49708,140741,207332,207332,49708,140741,207332,18,0,0,0,ok (<0.05%),ok (<0.05%),ok (<0.05%)
2016,WY,00,75466,156176,251037,251037,75466,156176,251776,23,0,0,0.002943789162553727,ok (<0.05%),ok (<0.05%),small (<0.5%)
2018,AL,01,89226,153228,242454,242617,89226,153228,242610,6,0,0,-2.885205900658239e-5,ok (<0.05%),ok (<0.05%),ok (<0.05%)
2018,AL,02,86931,138879,225810,226230,86931,138879,226219,15,0,0,-4.8623082703443396e-5,ok (<0.05%),ok (<0.05%),ok (<0.05%)
2018,AL,03,83996,147770,231766,231915,83993,147768,231910,13,-3.571598647554645e-5,-1.3534546931041483e-5,-2.155962313778755e-5,ok (<0.05%),ok (<0.05%),ok (<0.05%)
2018,AL,04,46492,184255,230747,230969,46492,184255,230969,16,0,0,0,ok (<0.05%),ok (<0.05%),ok (<0.05%)
2018,AL,05,101388,159063,260451,260673,101388,159063,260660,5,0,0,-4.9870911064820674e-5,ok (<0.05%),ok (<0.05%),ok (<0.05%)
2018,AL,06,85644,192542,278186,278328,85506,191728,277376,6,-0.001611321283452431,-0.004227649032418901,-0.003420424822511569,small (<0.5%),small (<0.5%),small (<0.5%)
2018,AL,07,185010,0,185010,189163,184621,0,188458,14,-0.0021025890492405814,0,-0.0037269444870297046,small (<0.5%),ok (<0.05%),small (<0.5%)
2018,AR,01,57907,138757,201245,201245,57907,138757,201245,30,0,0,0,ok (<0.05%),ok (<0.05%),ok (<0.05%)
2018,AR,02,116135,132125,253453,253453,116135,132125,253453,7,0,0,0,ok (<0.05%),ok (<0.05%),ok (<0.05%)
2018,AR,03,74952,148717,229708,229708,74952,148717,229708,10,0,0,0,ok (<0.05%),ok (<0.05%),ok (<0.05%)
2018,AR,04,63984,136740,204892,204892,63984,136740,204892,33,0,0,0,ok (<0.05%),ok (<0.05%),ok (<0.05%)
2018,AS,00,637,7194,8638,8638,NA,NA,NA,NA,NA,NA,NA,MISSING,MISSING,MISSING
2018,AZ,01,143240,122784,266089,266089,143240,122784,266487,11,0,0,0.0014957401470936417,ok (<0.05%),ok (<0.05%),small (<0.5%)
2018,AZ,02,161000,133083,294152,294152,161000,133083,294840,2,0,0,0.002338926813348201,ok (<0.05%),ok (<0.05%),small (<0.5%)
2018,AZ,03,114650,64868,179518,179518,114650,64868,179922,5,0,0,0.002250470704887532,ok (<0.05%),ok (<0.05%),small (<0.5%)
2018,AZ,04,84521,188842,277035,277035,84521,188842,277230,7,0,0,7.038821809518653e-4,ok (<0.05%),ok (<0.05%),small (<0.5%)
2018,AZ,05,127027,186037,313064,313064,127027,186037,313380,1,0,0,0.0010093782740909208,ok (<0.05%),ok (<0.05%),small (<0.5%)
2018,AZ,06,140559,173140,313699,313699,140559,173140,313996,1,0,0,9.46767442675941e-4,ok (<0.05%),ok (<0.05%),small (<0.5%)
2018,AZ,07,113044,0,132051,132051,113044,0,133396,1,0,0,0.010185458648552453,ok (<0.05%),ok (<0.05%),check (0.5-2%)
2018,AZ,08,135569,168835,304417,304417,135569,168835,304767,1,0,0,0.0011497386808226873,ok (<0.05%),ok (<0.05%),small (<0.5%)
2018,AZ,09,159583,101662,261245,261245,159583,101662,261559,1,0,0,0.0012019368791747211,ok (<0.05%),ok (<0.05%),small (<0.5%)
2018,CA,01,131548,160046,291594,291594,131548,160046,291594,11,0,0,0,ok (<0.05%),ok (<0.05%),ok (<0.05%)
2018,CA,02,243081,72576,315657,315657,243081,72576,315657,6,0,0,0,ok (<0.05%),ok (<0.05%),ok (<0.05%)
2018,CA,03,134875,97376,232251,232251,134875,97376,232251,8,0,0,0,ok (<0.05%),ok (<0.05%),ok (<0.05%)
2018,CA,04,156253,184401,340654,340654,156253,184401,340654,10,0,0,0,ok (<0.05%),ok (<0.05%),ok (<0.05%)
2018,CA,05,205860,0,261018,261018,205860,0,261018,5,0,0,0,ok (<0.05%),ok (<0.05%),ok (<0.05%)
2018,CA,06,201939,0,201939,201939,201939,0,201939,2,0,0,0,ok (<0.05%),ok (<0.05%),ok (<0.05%)
2018,CA,07,155016,126601,281617,281617,155016,126601,281617,1,0,0,0,ok (<0.05%),ok (<0.05%),ok (<0.05%)
2018,CA,08,0,170785,170785,170785,0,170785,170785,3,0,0,0,ok (<0.05%),ok (<0.05%),ok (<0.05%)
2018,CA,09,113414,87349,200763,200763,113414,87349,200763,3,0,0,0,ok (<0.05%),ok (<0.05%),ok (<0.05%)
2018,CA,10,115945,105955,221900,221900,115945,105955,221900,2,0,0,0,ok (<0.05%),ok (<0.05%),ok (<0.05%)
2018,CA,11,204369,71312,275681,275681,204369,71312,275681,1,0,0,0,ok (<0.05%),ok (<0.05%),ok (<0.05%)
2018,CA,12,275292,41780,317072,317072,275292,41780,317072,1,0,0,0,ok (<0.05%),ok (<0.05%),ok (<0.05%)
2018,CA,13,260580,0,294837,294837,260580,0,294837,2,0,0,0,ok (<0.05%),ok (<0.05%),ok (<0.05%)
2018,CA,14,211384,55439,266823,266823,211384,55439,266823,2,0,0,0,ok (<0.05%),ok (<0.05%),ok (<0.05%)
2018,CA,15,177989,65940,243929,243929,177989,65940,243929,2,0,0,0,ok (<0.05%),ok (<0.05%),ok (<0.05%)
2018,CA,16,82266,60693,142959,142959,82266,60693,142959,3,0,0,0,ok (<0.05%),ok (<0.05%),ok (<0.05%)
2018,CA,17,159105,52057,211162,211162,159105,52057,211162,2,0,0,0,ok (<0.05%),ok (<0.05%),ok (<0.05%)
2018,CA,18,225142,77096,302238,302238,225142,77096,302238,3,0,0,0,ok (<0.05%),ok (<0.05%),ok (<0.05%)
2018,CA,19,162496,0,220319,220319,162496,57823,220319,1,0,57823,0,ok (<0.05%),BAD (>=2%),ok (<0.05%)
2018,CA,20,183677,0,225721,225721,183677,0,225721,4,0,0,0,ok (<0.05%),ok (<0.05%),ok (<0.05%)
2018,CA,21,57239,56377,113616,113616,57239,56377,113616,4,0,0,0,ok (<0.05%),ok (<0.05%),ok (<0.05%)
2018,CA,22,105136,117243,222379,222379,105136,117243,222379,2,0,0,0,ok (<0.05%),ok (<0.05%),ok (<0.05%)
2018,CA,23,74661,131113,205774,205774,74661,131113,205774,3,0,0,0,ok (<0.05%),ok (<0.05%),ok (<0.05%)
2018,CA,24,166550,117881,284431,284431,166550,117881,284431,3,0,0,0,ok (<0.05%),ok (<0.05%),ok (<0.05%)
2018,CA,25,133209,111813,245022,245022,133209,111813,245022,2,0,0,0,ok (<0.05%),ok (<0.05%),ok (<0.05%)
2018,CA,26,158216,97210,255426,255426,158216,97210,255426,2,0,0,0,ok (<0.05%),ok (<0.05%),ok (<0.05%)
2018,CA,27,202636,0,202636,202636,202636,0,202636,2,0,0,0,ok (<0.05%),ok (<0.05%),ok (<0.05%)
2018,CA,28,196662,54272,250934,250934,196662,54272,250934,1,0,0,0,ok (<0.05%),ok (<0.05%),ok (<0.05%)
2018,CA,29,124697,29995,154692,154692,124697,29995,154692,1,0,0,0,ok (<0.05%),ok (<0.05%),ok (<0.05%)
2018,CA,30,191573,69420,260993,260993,191573,69420,260993,2,0,0,0,ok (<0.05%),ok (<0.05%),ok (<0.05%)
2018,CA,31,110143,77352,187495,187495,110143,77352,187495,1,0,0,0,ok (<0.05%),ok (<0.05%),ok (<0.05%)
2018,CA,32,121759,0,177031,177031,121759,55272,177031,1,0,55272,0,ok (<0.05%),BAD (>=2%),ok (<0.05%)
2018,CA,33,219091,93769,312860,312860,219091,93769,312860,1,0,0,0,ok (<0.05%),ok (<0.05%),ok (<0.05%)
2018,CA,34,110195,0,151906,151906,110195,0,151906,1,0,0,0,ok (<0.05%),ok (<0.05%),ok (<0.05%)
2018,CA,35,103420,45604,149024,149024,103420,45604,149024,2,0,0,0,ok (<0.05%),ok (<0.05%),ok (<0.05%)
2018,CA,36,122169,84839,207008,207008,122169,84839,207008,1,0,0,0,ok (<0.05%),ok (<0.05%),ok (<0.05%)
2018,CA,37,210555,25823,236378,236378,210555,25823,236378,1,0,0,0,ok (<0.05%),ok (<0.05%),ok (<0.05%)
2018,CA,38,139188,62968,202156,202156,139188,62968,202156,2,0,0,0,ok (<0.05%),ok (<0.05%),ok (<0.05%)
2018,CA,39,126002,118391,244393,244393,126002,118391,244393,3,0,0,0,ok (<0.05%),ok (<0.05%),ok (<0.05%)
2018,CA,40,93938,0,121449,121449,93938,0,121449,1,0,0,0,ok (<0.05%),ok (<0.05%),ok (<0.05%)
2018,CA,41,108227,58021,166248,166248,108227,58021,166248,1,0,0,0,ok (<0.05%),ok (<0.05%),ok (<0.05%)
2018,CA,42,100892,131040,231932,231932,100892,131040,231932,1,0,0,0,ok (<0.05%),ok (<0.05%),ok (<0.05%)
2018,CA,43,152272,43780,196052,196052,152272,43780,196052,1,0,0,0,ok (<0.05%),ok (<0.05%),ok (<0.05%)
2018,CA,44,143322,0,143322,143322,143322,0,143322,1,0,0,0,ok (<0.05%),ok (<0.05%),ok (<0.05%)
2018,CA,45,158906,146383,305289,305289,158906,146383,305289,1,0,0,0,ok (<0.05%),ok (<0.05%),ok (<0.05%)
2018,CA,46,102278,45638,147916,147916,102278,45638,147916,1,0,0,0,ok (<0.05%),ok (<0.05%),ok (<0.05%)
2018,CA,47,143354,77682,221036,221036,143354,77682,221036,2,0,0,0,ok (<0.05%),ok (<0.05%),ok (<0.05%)
2018,CA,48,157837,136899,294736,294736,157837,136899,294736,1,0,0,0,ok (<0.05%),ok (<0.05%),ok (<0.05%)
2018,CA,49,166453,128577,295030,295030,166453,128577,295030,2,0,0,0,ok (<0.05%),ok (<0.05%),ok (<0.05%)
2018,CA,50,125448,134362,259810,259810,125448,134362,259810,2,0,0,0,ok (<0.05%),ok (<0.05%),ok (<0.05%)
2018,CA,51,109527,44301,153828,153828,109527,44301,153828,2,0,0,0,ok (<0.05%),ok (<0.05%),ok (<0.05%)
2018,CA,52,188992,107015,296007,296007,188992,107015,296007,1,0,0,0,ok (<0.05%),ok (<0.05%),ok (<0.05%)
2018,CA,53,185667,83127,268794,268794,185667,83127,268794,1,0,0,0,ok (<0.05%),ok (<0.05%),ok (<0.05%)
2018,CO,01,272886,85207,369715,369715,272908,85207,369715,3,8.061974597450951e-5,0,0,ok (<0.05%),ok (<0.05%),ok (<0.05%)
2018,CO,02,259608,144901,430765,430765,259608,144901,430765,10,0,0,0,ok (<0.05%),ok (<0.05%),ok (<0.05%)
2018,CO,03,146426,173205,336201,336201,146426,173205,336201,29,0,0,0,ok (<0.05%),ok (<0.05%),ok (<0.05%)
2018,CO,04,145544,224038,369620,369620,145556,224038,369620,22,8.24492936843841e-5,0,0,ok (<0.05%),ok (<0.05%),ok (<0.05%)
2018,CO,05,126848,184002,322716,322716,126903,184002,322716,5,4.335898082744702e-4,0,0,ok (<0.05%),ok (<0.05%),ok (<0.05%)
2018,CO,06,187639,148685,346822,346822,187639,148685,346822,3,0,0,0,ok (<0.05%),ok (<0.05%),ok (<0.05%)
2018,CO,07,204260,119734,338067,338067,204305,119734,338067,2,2.2030745128757466e-4,0,0,ok (<0.05%),ok (<0.05%),ok (<0.05%)
2018,CT,01,175087,96024,274140,274140,175087,96024,274140,3,0,0,0,ok (<0.05%),ok (<0.05%),ok (<0.05%)
2018,CT,02,179731,102483,289114,289114,179731,102483,289114,6,0,0,0,ok (<0.05%),ok (<0.05%),ok (<0.05%)
2018,CT,03,174572,95667,270239,270239,174572,95667,270239,3,0,0,0,ok (<0.05%),ok (<0.05%),ok (<0.05%)
2018,CT,04,168726,106921,275651,275651,168726,106921,275650,2,0,0,-3.627775701883904e-6,ok (<0.05%),ok (<0.05%),ok (<0.05%)
2018,CT,05,151225,119426,270664,270664,151225,119426,270664,4,0,0,0,ok (<0.05%),ok (<0.05%),ok (<0.05%)
2018,DE,00,227353,125384,353814,353814,77210,69171,147458,3,-0.660395948151113,-0.44832674025393987,-0.5832329981289605,BAD (>=2%),BAD (>=2%),BAD (>=2%)
2018,FL,01,106199,216189,322388,322388,106199,216189,322388,5,0,0,0,ok (<0.05%),ok (<0.05%),ok (<0.05%)
2018,FL,02,96233,199335,295568,295568,96232,199332,295564,19,-1.0391445761848846e-5,-1.5050041387613815e-5,-1.3533264764791858e-5,ok (<0.05%),ok (<0.05%),ok (<0.05%)
2018,FL,03,129880,176616,306496,306496,129880,176616,306496,6,0,0,0,ok (<0.05%),ok (<0.05%),ok (<0.05%)
2018,FL,04,123351,248420,381249,381249,123351,248420,381494,3,0,0,6.426246363924889e-4,ok (<0.05%),ok (<0.05%),small (<0.5%)
2018,FL,05,180527,89799,270326,270326,180527,89799,270326,8,0,0,0,ok (<0.05%),ok (<0.05%),ok (<0.05%)
2018,FL,06,145758,187891,333649,333649,145758,187891,333649,4,0,0,0,ok (<0.05%),ok (<0.05%),ok (<0.05%)
2018,FL,07,183113,134285,317398,317398,183108,134297,317405,2,-2.7305543571455876e-5,8.936217745839073e-5,2.2054329264834686e-5,ok (<0.05%),ok (<0.05%),ok (<0.05%)
2018,FL,08,142415,218112,360527,360527,142415,218112,360527,3,0,0,0,ok (<0.05%),ok (<0.05%),ok (<0.05%)
2018,FL,09,172172,124565,296737,296737,172172,124565,296737,3,0,0,0,ok (<0.05%),ok (<0.05%),ok (<0.05%)
2018,FL,11,128053,239395,367506,367506,128053,239395,367761,5,0,0,6.938662225922842e-4,ok (<0.05%),ok (<0.05%),small (<0.5%)
2018,FL,12,132844,194564,334918,334918,132844,194564,334918,3,0,0,0,ok (<0.05%),ok (<0.05%),ok (<0.05%)
2018,FL,13,182717,134254,316971,316971,182717,134254,316971,1,0,0,0,ok (<0.05%),ok (<0.05%),ok (<0.05%)
2018,FL,15,134132,151380,285532,285532,134132,151380,285860,3,0,0,0.001148732891584831,ok (<0.05%),ok (<0.05%),small (<0.5%)
2018,FL,16,164463,197483,361946,361946,164463,197483,361946,3,0,0,0,ok (<0.05%),ok (<0.05%),ok (<0.05%)
2018,FL,17,117194,193326,310520,310520,117194,193326,310520,9,0,0,0,ok (<0.05%),ok (<0.05%),ok (<0.05%)
2018,FL,18,156454,185905,342359,342359,156454,185905,342359,3,0,0,0,ok (<0.05%),ok (<0.05%),ok (<0.05%)
2018,FL,19,128106,211465,339607,339607,128106,211465,339820,2,0,0,6.271955525062793e-4,ok (<0.05%),ok (<0.05%),small (<0.5%)
2018,FL,20,202659,0,202824,202824,202659,0,210636,2,0,0,0.03851615193468229,ok (<0.05%),ok (<0.05%),BAD (>=2%)
2018,FL,22,184634,113049,297683,297683,184634,113049,297683,2,0,0,0,ok (<0.05%),ok (<0.05%),ok (<0.05%)
2018,FL,23,161611,99446,276366,276366,161611,99446,276366,2,0,0,0,ok (<0.05%),ok (<0.05%),ok (<0.05%)
2018,FL,25,84173,128672,212845,212845,84173,128672,212845,3,0,0,0,ok (<0.05%),ok (<0.05%),ok (<0.05%)
2018,FL,26,119797,115678,235475,235475,119797,115678,235475,2,0,0,0,ok (<0.05%),ok (<0.05%),ok (<0.05%)
2018,FL,27,130743,115588,252586,252586,130743,115588,252586,1,0,0,0,ok (<0.05%),ok (<0.05%),ok (<0.05%)
2018,GA,01,105942,144741,250683,250683,105942,144741,250683,17,0,0,0,ok (<0.05%),ok (<0.05%),ok (<0.05%)
2018,GA,02,136699,92472,229171,229171,136699,92472,229171,29,0,0,0,ok (<0.05%),ok (<0.05%),ok (<0.05%)
2018,GA,03,101010,191996,293006,293006,101010,191996,293006,13,0,0,0,ok (<0.05%),ok (<0.05%),ok (<0.05%)
2018,GA,04,227717,61092,288809,288809,227717,61092,288809,4,0,0,0,ok (<0.05%),ok (<0.05%),ok (<0.05%)
2018,GA,05,275406,0,275406,275406,275406,0,275406,3,0,0,0,ok (<0.05%),ok (<0.05%),ok (<0.05%)
2018,GA,06,160139,156875,317032,317032,160139,156875,317014,3,0,0,-5.677660299275783e-5,ok (<0.05%),ok (<0.05%),ok (<0.05%)
2018,GA,07,140011,140430,280441,280441,140011,140430,280441,2,0,0,0,ok (<0.05%),ok (<0.05%),ok (<0.05%)
2018,GA,08,0,198152,198716,198716,0,198152,198152,24,0,0,-0.002838221381267739,ok (<0.05%),ok (<0.05%),small (<0.5%)
2018,GA,09,57912,224661,282578,282578,57912,224661,282573,20,0,0,-1.769422955785659e-5,ok (<0.05%),ok (<0.05%),ok (<0.05%)
2018,GA,10,112339,190396,302735,302735,112339,190396,302735,25,0,0,0,ok (<0.05%),ok (<0.05%),ok (<0.05%)
2018,GA,11,118653,191887,310540,310540,118653,191887,310540,4,0,0,0,ok (<0.05%),ok (<0.05%),ok (<0.05%)
2018,GA,12,101503,148986,250492,250492,101503,148986,250489,19,0,0,-1.1976430385002316e-5,ok (<0.05%),ok (<0.05%),ok (<0.05%)
2018,GA,13,223157,69760,293010,293010,223157,69760,292917,6,0,0,-3.1739531074024776e-4,ok (<0.05%),ok (<0.05%),ok (<0.05%)
2018,GA,14,53981,175743,229724,229724,53981,175743,229724,12,0,0,0,ok (<0.05%),ok (<0.05%),ok (<0.05%)
2018,GU,00,19193,15398,34591,34990,NA,NA,NA,NA,NA,NA,NA,MISSING,MISSING,MISSING
2018,IA,01,170342,153442,334069,334243,170342,153442,334243,20,0,0,0,ok (<0.05%),ok (<0.05%),ok (<0.05%)
2018,IA,02,171446,133287,312751,312913,171446,133287,312913,24,0,0,0,ok (<0.05%),ok (<0.05%),ok (<0.05%)
2018,IA,03,175642,167933,356046,356241,175642,167933,356241,16,0,0,0,ok (<0.05%),ok (<0.05%),ok (<0.05%)
2018,IA,04,147246,157676,313045,313251,147246,157676,313251,39,0,0,0,ok (<0.05%),ok (<0.05%),ok (<0.05%)
2018,ID,01,96922,197719,315069,315069,96922,197719,315069,19,0,0,0,ok (<0.05%),ok (<0.05%),ok (<0.05%)
2018,ID,02,110381,170274,280655,280655,110381,170274,280655,26,0,0,0,ok (<0.05%),ok (<0.05%),ok (<0.05%)
2018,IL,01,189560,50960,257885,257885,189560,50960,257885,2,0,0,0,ok (<0.05%),ok (<0.05%),ok (<0.05%)
2018,IL,02,190684,44567,235251,235251,190684,44567,235251,3,0,0,0,ok (<0.05%),ok (<0.05%),ok (<0.05%)
2018,IL,03,163053,57885,223334,223334,163053,57885,223334,3,0,0,0,ok (<0.05%),ok (<0.05%),ok (<0.05%)
2018,IL,04,143895,22294,166189,166189,143895,22294,166189,1,0,0,0,ok (<0.05%),ok (<0.05%),ok (<0.05%)
2018,IL,05,213992,65134,279131,279131,213992,65134,279131,2,0,0,0,ok (<0.05%),ok (<0.05%),ok (<0.05%)
2018,IL,06,169001,146445,315446,315446,169001,146445,315446,5,0,0,0,ok (<0.05%),ok (<0.05%),ok (<0.05%)
2018,IL,07,215746,30497,246243,246243,215746,30497,246243,1,0,0,0,ok (<0.05%),ok (<0.05%),ok (<0.05%)
2018,IL,08,130054,67073,197127,197127,130054,67073,197127,3,0,0,0,ok (<0.05%),ok (<0.05%),ok (<0.05%)
2018,IL,09,213368,76983,290351,290351,213368,76983,290351,1,0,0,0,ok (<0.05%),ok (<0.05%),ok (<0.05%)
2018,IL,10,156540,82124,238664,238664,156540,82124,238664,2,0,0,0,ok (<0.05%),ok (<0.05%),ok (<0.05%)
2018,IL,11,145407,82358,227765,227765,145407,82358,227765,5,0,0,0,ok (<0.05%),ok (<0.05%),ok (<0.05%)
2018,IL,12,118724,134884,261543,261543,118724,134884,261543,12,0,0,0,ok (<0.05%),ok (<0.05%),ok (<0.05%)
2018,IL,13,134458,136516,270981,270981,134458,136516,270981,14,0,0,0,ok (<0.05%),ok (<0.05%),ok (<0.05%)
2018,IL,14,156035,141164,297199,297199,156035,141164,297199,7,0,0,0,ok (<0.05%),ok (<0.05%),ok (<0.05%)
2018,IL,15,74309,181294,255608,255608,74309,181294,255608,33,0,0,0,ok (<0.05%),ok (<0.05%),ok (<0.05%)
2018,IL,16,104569,151254,255825,255825,104569,151254,255825,14,0,0,0,ok (<0.05%),ok (<0.05%),ok (<0.05%)
2018,IL,17,142659,87090,229749,229749,142659,87090,229749,14,0,0,0,ok (<0.05%),ok (<0.05%),ok (<0.05%)
2018,IL,18,95486,195927,291413,291413,95486,195927,291413,19,0,0,0,ok (<0.05%),ok (<0.05%),ok (<0.05%)
2018,IN,01,159611,85594,245209,245209,159611,85594,245209,3,0,0,0,ok (<0.05%),ok (<0.05%),ok (<0.05%)
2018,IN,02,103363,125499,228889,228889,103363,125499,228889,10,0,0,0,ok (<0.05%),ok (<0.05%),ok (<0.05%)
2018,IN,03,86610,158927,245537,245537,86610,158927,245537,12,0,0,0,ok (<0.05%),ok (<0.05%),ok (<0.05%)
2018,IN,04,87824,156539,244363,244363,87824,156539,244363,16,0,0,0,ok (<0.05%),ok (<0.05%),ok (<0.05%)
2018,IN,05,137142,180035,317177,317177,137142,180035,317177,8,0,0,0,ok (<0.05%),ok (<0.05%),ok (<0.05%)
2018,IN,06,79430,154260,241726,241726,79430,154260,241726,19,0,0,0,ok (<0.05%),ok (<0.05%),ok (<0.05%)
2018,IN,07,141139,76457,217596,217596,141139,76457,217596,1,0,0,0,ok (<0.05%),ok (<0.05%),ok (<0.05%)
2018,IN,08,86895,157396,244291,244291,86895,157396,244291,19,0,0,0,ok (<0.05%),ok (<0.05%),ok (<0.05%)
2018,IN,09,118090,153271,271361,271361,118090,153271,271361,13,0,0,0,ok (<0.05%),ok (<0.05%),ok (<0.05%)
2018,KS,01,71558,153082,224640,224640,71558,153082,224640,63,0,0,0,ok (<0.05%),ok (<0.05%),ok (<0.05%)
2018,KS,02,123859,126098,264688,264688,123859,126098,264812,25,0,0,4.68476092607145e-4,ok (<0.05%),ok (<0.05%),ok (<0.05%)
2018,KS,03,170518,139762,318301,318301,170518,139762,318478,3,0,0,5.560774235707711e-4,ok (<0.05%),ok (<0.05%),small (<0.5%)
2018,KS,04,98445,144248,242693,242693,98304,143459,241969,17,-0.001432271826908426,-0.005469746547612445,-0.0029831927579287414,small (<0.5%),check (0.5-2%),small (<0.5%)
2018,KY,01,78849,172167,251016,251016,78849,172165,251014,35,0,-1.1616628041378428e-5,-7.967619593970106e-6,ok (<0.05%),ok (<0.05%),ok (<0.05%)
2018,KY,02,79964,171700,257345,257345,79964,171700,257345,21,0,0,0,ok (<0.05%),ok (<0.05%),ok (<0.05%)
2018,KY,03,173002,101930,278720,278720,172999,101929,278716,1,-1.734083999028913e-5,-9.810654370646522e-6,-1.4351320321469575e-5,ok (<0.05%),ok (<0.05%),ok (<0.05%)
2018,KY,04,90536,162946,261812,261812,90533,162943,261794,20,-3.313599010338429e-5,-1.8411007327580915e-5,-6.875162330221685e-5,ok (<0.05%),ok (<0.05%),ok (<0.05%)
2018,KY,05,45890,172093,218017,218017,45965,172359,218324,30,0.0016343429941163652,0.0015456758845507953,0.0014081470710999601,small (<0.5%),small (<0.5%),small (<0.5%)
2018,KY,06,144736,154468,302888,302888,144730,154468,302881,19,-4.1454786646031395e-5,0,-2.311085285650141e-5,ok (<0.05%),ok (<0.05%),ok (<0.05%)
2018,LA,01,71521,192555,269325,269325,71521,192555,269325,8,0,0,0,ok (<0.05%),ok (<0.05%),ok (<0.05%)
2018,LA,02,190182,0,235982,235982,190182,0,235982,10,0,0,0,ok (<0.05%),ok (<0.05%),ok (<0.05%)
2018,LA,03,74713,168263,245943,245943,74713,168263,245943,10,0,0,0,ok (<0.05%),ok (<0.05%),ok (<0.05%)
2018,LA,04,72934,139326,216872,216872,72934,139326,216872,15,0,0,0,ok (<0.05%),ok (<0.05%),ok (<0.05%)
2018,LA,05,67118,149018,223946,223946,67118,149018,223946,24,0,0,0,ok (<0.05%),ok (<0.05%),ok (<0.05%)
2018,LA,06,76716,186553,268525,268525,76716,186553,268525,13,0,0,0,ok (<0.05%),ok (<0.05%),ok (<0.05%)
2018,MA,01,211790,0,216900,216900,211790,0,216900,5,0,0,0,ok (<0.05%),ok (<0.05%),ok (<0.05%)
2018,MA,02,191332,93391,284893,284893,191332,93391,284893,5,0,0,0,ok (<0.05%),ok (<0.05%),ok (<0.05%)
2018,MA,03,173175,93445,279327,279327,173175,93445,279327,3,0,0,0,ok (<0.05%),ok (<0.05%),ok (<0.05%)
2018,MA,04,245289,0,251016,251016,245289,0,251016,5,0,0,0,ok (<0.05%),ok (<0.05%),ok (<0.05%)
2018,MA,05,236243,74856,311324,311324,236243,74856,311324,3,0,0,0,ok (<0.05%),ok (<0.05%),ok (<0.05%)
2018,MA,06,217703,104798,333975,333975,217703,104798,333975,2,0,0,0,ok (<0.05%),ok (<0.05%),ok (<0.05%)
2018,MA,07,216559,0,220411,220411,216559,0,220411,3,0,0,0,ok (<0.05%),ok (<0.05%),ok (<0.05%)
2018,MA,08,259159,0,263307,263307,259159,0,263307,4,0,0,0,ok (<0.05%),ok (<0.05%),ok (<0.05%)
2018,MA,09,192347,131463,323928,323928,192347,131463,323928,5,0,0,0,ok (<0.05%),ok (<0.05%),ok (<0.05%)
2018,MD,01,116631,183662,306037,306186,116631,183662,306186,12,0,0,0,ok (<0.05%),ok (<0.05%),ok (<0.05%)
2018,MD,02,167201,77782,253102,253302,167201,77782,253302,5,0,0,0,ok (<0.05%),ok (<0.05%),ok (<0.05%)
2018,MD,03,202407,82774,292657,292880,202407,82774,292880,5,0,0,0,ok (<0.05%),ok (<0.05%),ok (<0.05%)
2018,MD,04,209642,53327,268295,268583,209642,53327,268583,2,0,0,0,ok (<0.05%),ok (<0.05%),ok (<0.05%)
2018,MD,05,213796,82361,303930,304209,213796,82361,304209,5,0,0,0,ok (<0.05%),ok (<0.05%),ok (<0.05%)
2018,MD,06,163346,105209,276802,277084,163346,105209,277084,5,0,0,0,ok (<0.05%),ok (<0.05%),ok (<0.05%)
2018,MD,07,202345,56266,264438,264710,202345,56266,264710,3,0,0,0,ok (<0.05%),ok (<0.05%),ok (<0.05%)
2018,MD,08,217679,96525,319057,319330,217679,96525,319330,3,0,0,0,ok (<0.05%),ok (<0.05%),ok (<0.05%)
2018,ME,01,201195,111188,342053,342053,199980,111080,340661,6,-0.006038917468127935,-9.713278411339353e-4,-0.004069544778148416,check (0.5-2%),small (<0.5%),small (<0.5%)
2018,ME,02,132013,134184,289624,289624,131167,133898,288312,11,-0.006408459772901154,-0.0021314016574256246,-0.004530011325028313,check (0.5-2%),small (<0.5%),small (<0.5%)
2018,MI,01,145246,187251,332497,332497,145246,187251,332497,32,0,0,0,ok (<0.05%),ok (<0.05%),ok (<0.05%)
2018,MI,02,131254,168970,305463,305463,131254,168970,305463,8,0,0,0,ok (<0.05%),ok (<0.05%),ok (<0.05%)
2018,MI,03,134185,169107,310740,310740,134185,169107,310740,5,0,0,0,ok (<0.05%),ok (<0.05%),ok (<0.05%)
2018,MI,04,106540,178510,285050,285050,106540,178510,285050,15,0,0,0,ok (<0.05%),ok (<0.05%),ok (<0.05%)
2018,MI,05,164502,99265,276413,276413,164502,99265,276413,6,0,0,0,ok (<0.05%),ok (<0.05%),ok (<0.05%)
2018,MI,06,134082,147436,293438,293438,134082,147436,293438,6,0,0,0,ok (<0.05%),ok (<0.05%),ok (<0.05%)
2018,MI,07,136330,158730,295060,295060,136330,158730,295060,7,0,0,0,ok (<0.05%),ok (<0.05%),ok (<0.05%)
2018,MI,08,172880,159782,341593,341593,172880,159782,341593,3,0,0,0,ok (<0.05%),ok (<0.05%),ok (<0.05%)
2018,MI,09,181734,112123,304563,304563,181734,112123,304563,2,0,0,0,ok (<0.05%),ok (<0.05%),ok (<0.05%)
2018,MI,10,106061,182808,303064,303064,106061,182808,303064,6,0,0,0,ok (<0.05%),ok (<0.05%),ok (<0.05%)
2018,MI,11,181912,158463,350901,350901,181912,158463,350901,2,0,0,0,ok (<0.05%),ok (<0.05%),ok (<0.05%)
2018,MI,12,200588,85115,294628,294628,200588,85115,294628,2,0,0,0,ok (<0.05%),ok (<0.05%),ok (<0.05%)
2018,MI,13,165355,0,196299,196299,165988,0,196299,1,0.0038281273623416287,0,0,small (<0.5%),ok (<0.05%),ok (<0.05%)
2018,MI,14,214334,45899,264994,264994,214334,45899,264994,2,0,0,0,ok (<0.05%),ok (<0.05%),ok (<0.05%)
2018,MN,01,144885,146200,291085,291661,144885,146200,291661,21,0,0,0,ok (<0.05%),ok (<0.05%),ok (<0.05%)
2018,MN,02,177958,159344,337302,337968,177958,159344,337968,6,0,0,0,ok (<0.05%),ok (<0.05%),ok (<0.05%)
2018,MN,03,202404,160839,363243,363949,202404,160839,363949,3,0,0,0,ok (<0.05%),ok (<0.05%),ok (<0.05%)
2018,MN,04,216865,97747,328388,328614,216865,97747,328614,2,0,0,0,ok (<0.05%),ok (<0.05%),ok (<0.05%)
2018,MN,05,267703,74440,342171,343358,267703,74440,343358,3,0,0,0,ok (<0.05%),ok (<0.05%),ok (<0.05%)
2018,MN,06,122332,192931,315332,315726,122332,192931,315726,8,0,0,0,ok (<0.05%),ok (<0.05%),ok (<0.05%)
2018,MN,07,146672,134668,281340,281509,146672,134668,281509,38,0,0,0,ok (<0.05%),ok (<0.05%),ok (<0.05%)
2018,MN,08,141950,159364,314055,314211,141950,159364,314211,18,0,0,0,ok (<0.05%),ok (<0.05%),ok (<0.05%)
2018,MO,01,219781,45867,274375,274375,219781,45867,274375,2,0,0,0,ok (<0.05%),ok (<0.05%),ok (<0.05%)
2018,MO,02,177611,192477,376066,376066,177611,192477,376066,3,0,0,0,ok (<0.05%),ok (<0.05%),ok (<0.05%)
2018,MO,03,106589,211243,324608,324608,106589,211243,324608,13,0,0,0,ok (<0.05%),ok (<0.05%),ok (<0.05%)
2018,MO,04,95968,190138,293316,293316,95968,190138,293316,24,0,0,0,ok (<0.05%),ok (<0.05%),ok (<0.05%)
2018,MO,05,175019,101069,283785,283785,85096,80763,171012,5,-0.5137899313788789,-0.20091224806815147,-0.3973888683334214,BAD (>=2%),BAD (>=2%),BAD (>=2%)
2018,MO,06,97660,199796,305409,305409,97660,199796,305409,36,0,0,0,ok (<0.05%),ok (<0.05%),ok (<0.05%)
2018,MO,07,89190,196343,296455,296455,89190,196343,296455,11,0,0,0,ok (<0.05%),ok (<0.05%),ok (<0.05%)
2018,MO,08,66151,194042,264399,264399,66159,194059,264424,30,1.2093543559432208e-4,8.760989888786964e-5,9.455406412278413e-5,ok (<0.05%),ok (<0.05%),ok (<0.05%)
2018,MP,00,0,5199,14349,14349,NA,NA,NA,NA,NA,NA,NA,MISSING,MISSING,MISSING
2018,MS,01,76601,158245,236521,236521,76601,158245,236521,22,0,0,0,ok (<0.05%),ok (<0.05%),ok (<0.05%)
2018,MS,02,158921,0,221379,221379,158921,0,221379,26,0,0,0,ok (<0.05%),ok (<0.05%),ok (<0.05%)
2018,MS,03,94461,160284,257271,257271,94461,160284,257271,24,0,0,0,ok (<0.05%),ok (<0.05%),ok (<0.05%)
2018,MS,04,68787,152633,223732,223732,68787,152633,223732,14,0,0,0,ok (<0.05%),ok (<0.05%),ok (<0.05%)
2018,MT,00,233284,256661,504421,504421,233284,256661,504421,56,0,0,0,ok (<0.05%),ok (<0.05%),ok (<0.05%)
2018,NC,01,190457,82218,272675,272675,190445,82209,272654,14,-6.300634788954988e-5,-1.0946508063927607e-4,-7.701476116255615e-5,ok (<0.05%),ok (<0.05%),ok (<0.05%)
2018,NC,02,151977,170072,331704,331704,151966,170050,331670,6,-7.237937319462813e-5,-1.2935697822098876e-4,-1.025010250102501e-4,ok (<0.05%),ok (<0.05%),ok (<0.05%)
2018,NC,03,0,187901,187901,187901,0,187901,187901,17,0,0,0,ok (<0.05%),ok (<0.05%),ok (<0.05%)
2018,NC,04,247067,82052,341403,341403,247067,82052,341403,3,0,0,0,ok (<0.05%),ok (<0.05%),ok (<0.05%)
2018,NC,05,120468,159917,280385,280385,120463,159915,280378,11,-4.150479795464356e-5,-1.2506487740515392e-5,-2.4965672200724004e-5,ok (<0.05%),ok (<0.05%),ok (<0.05%)
2018,NC,06,123651,160709,284360,284360,123601,160636,284237,8,-4.043638951565293e-4,-4.542371615777586e-4,-4.325502883668589e-4,ok (<0.05%),ok (<0.05%),ok (<0.05%)
2018,NC,07,120838,156809,282312,282312,120804,156797,282266,9,-2.813684437014846e-4,-7.652621979605762e-5,-1.62940293009153e-4,ok (<0.05%),ok (<0.05%),ok (<0.05%)
2018,NC,08,114119,141402,255521,255521,114057,141371,255428,7,-5.432925279751838e-4,-2.1923310844259629e-4,-3.6396225750525395e-4,small (<0.5%),ok (<0.05%),ok (<0.05%)
2018,NC,09,138341,139246,282717,282717,138341,139246,282717,8,0,0,0,ok (<0.05%),ok (<0.05%),ok (<0.05%)
2018,NC,10,113259,164969,278228,278228,113259,164969,278228,8,0,0,0,ok (<0.05%),ok (<0.05%),ok (<0.05%)
2018,NC,11,116508,178012,300666,300666,116508,178012,300666,16,0,0,0,ok (<0.05%),ok (<0.05%),ok (<0.05%)
2018,NC,12,203974,75164,279138,279138,203974,75164,279138,1,0,0,0,ok (<0.05%),ok (<0.05%),ok (<0.05%)
2018,NC,13,130402,147570,286316,286316,130402,147570,286316,5,0,0,0,ok (<0.05%),ok (<0.05%),ok (<0.05%)
2018,ND,00,114377,193568,321011,321532,114377,193568,321532,53,0,0,0,ok (<0.05%),ok (<0.05%),ok (<0.05%)
2018,NE,01,93069,141712,234781,234781,93069,141712,234781,18,0,0,0,ok (<0.05%),ok (<0.05%),ok (<0.05%)
2018,NE,02,121770,126715,248485,248485,121770,126715,248485,2,0,0,0,ok (<0.05%),ok (<0.05%),ok (<0.05%)
2018,NE,03,49654,163650,213304,213304,49654,163650,213304,75,0,0,0,ok (<0.05%),ok (<0.05%),ok (<0.05%)
2018,NH,01,155884,130996,290928,291039,155884,130996,291039,7,0,0,0,ok (<0.05%),ok (<0.05%),ok (<0.05%)
2018,NH,02,155358,117990,279554,279705,155358,117990,279705,8,0,0,0,ok (<0.05%),ok (<0.05%),ok (<0.05%)
2018,NJ,01,169628,87617,263418,263418,169630,87643,263592,3,1.179050628433985e-5,2.967460652613077e-4,6.605471152313053e-4,ok (<0.05%),ok (<0.05%),small (<0.5%)
2018,NJ,02,136685,116866,258363,258363,136678,116866,258439,8,-5.121264220653327e-5,0,2.9415976745896275e-4,ok (<0.05%),ok (<0.05%),ok (<0.05%)
2018,NJ,03,153473,149500,306875,306875,153473,149500,306999,2,0,0,4.040733197556008e-4,ok (<0.05%),ok (<0.05%),ok (<0.05%)
2018,NJ,04,126766,163065,294348,294348,126766,163065,294424,3,0,0,2.581977794990963e-4,ok (<0.05%),ok (<0.05%),ok (<0.05%)
2018,NJ,05,169546,128255,301823,301823,169546,128255,301929,4,0,0,3.5119921278365133e-4,ok (<0.05%),ok (<0.05%),ok (<0.05%)
2018,NJ,06,140752,80443,221195,221195,123351,73467,196868,2,-0.12362879390701376,-0.08671978916748505,-0.10997988200456611,BAD (>=2%),BAD (>=2%),BAD (>=2%)
2018,NJ,07,166985,150785,322742,322742,166592,150672,322334,6,-0.002353504805820882,-7.494114136021488e-4,-0.0012641676633348,small (<0.5%),small (<0.5%),small (<0.5%)
2018,NJ,08,119881,28725,153455,153455,123539,28725,153534,4,0.030513592646040658,0,5.148089016324004e-4,BAD (>=2%),ok (<0.05%),small (<0.5%)
2018,NJ,09,140832,57854,200416,200416,140832,57854,200524,3,0,0,5.388791314066741e-4,ok (<0.05%),ok (<0.05%),small (<0.5%)
2018,NJ,10,175253,20191,200159,200159,175257,20191,200264,3,2.2824145663697626e-5,0,5.245829565495431e-4,ok (<0.05%),ok (<0.05%),small (<0.5%)
2018,NJ,11,183684,136322,323574,323574,183327,136031,322982,4,-0.0019435552361664599,-0.0021346517803435983,-0.001829566034353811,small (<0.5%),small (<0.5%),small (<0.5%)
2018,NJ,12,173334,79041,252375,252375,160056,71711,231834,4,-0.07660355152480183,-0.0927366809630445,-0.08139078751857355,BAD (>=2%),BAD (>=2%),BAD (>=2%)
2018,NM,01,147336,90507,249162,249162,147336,90507,249162,5,0,0,0,ok (<0.05%),ok (<0.05%),ok (<0.05%)
2018,NM,02,101489,97767,199256,199256,101489,97767,199256,19,0,0,0,ok (<0.05%),ok (<0.05%),ok (<0.05%)
2018,NM,03,155201,76427,244893,244893,155201,76427,244893,16,0,0,0,ok (<0.05%),ok (<0.05%),ok (<0.05%)
2018,NV,01,100707,46978,152201,152201,100707,46978,152201,1,0,0,0,ok (<0.05%),ok (<0.05%),ok (<0.05%)
2018,NV,02,120102,167435,287537,287537,120102,167435,287537,11,0,0,0,ok (<0.05%),ok (<0.05%),ok (<0.05%)
2018,NV,03,148501,122566,286168,286168,148501,122566,286168,1,0,0,0,ok (<0.05%),ok (<0.05%),ok (<0.05%)
2018,NV,04,121962,102748,234868,234868,121962,102748,234868,7,0,0,0,ok (<0.05%),ok (<0.05%),ok (<0.05%)
2018,NY,01,127991,139027,270006,270053,127991,139027,270006,1,0,0,-1.7403991068419902e-4,ok (<0.05%),ok (<0.05%),ok (<0.05%)
2018,NY,02,113074,128078,241152,241217,113074,128078,241152,2,0,0,-2.6946691153608576e-4,ok (<0.05%),ok (<0.05%),ok (<0.05%)
2018,NY,03,157456,109514,266970,267062,157456,109514,266970,3,0,0,-3.4448929462072475e-4,ok (<0.05%),ok (<0.05%),ok (<0.05%)
2018,NY,04,159535,100571,260106,260206,159535,100571,260106,1,0,0,-3.84310892139305e-4,ok (<0.05%),ok (<0.05%),ok (<0.05%)
2018,NY,05,160500,0,160500,161471,160500,0,160500,2,0,0,-0.00601346371794316,ok (<0.05%),ok (<0.05%),check (0.5-2%)
2018,NY,06,111646,0,122855,123421,111646,0,122855,1,0,0,-0.00458592946095073,ok (<0.05%),ok (<0.05%),small (<0.5%)
2018,NY,07,146687,0,157097,157302,146687,0,157097,3,0,0,-0.0013032256423948837,ok (<0.05%),ok (<0.05%),small (<0.5%)
2018,NY,08,180376,0,191404,191567,180376,0,191404,2,0,0,-8.508772387728575e-4,ok (<0.05%),ok (<0.05%),small (<0.5%)
2018,NY,09,181455,20901,203135,203423,181455,20901,203135,1,0,0,-0.0014157691116540411,ok (<0.05%),ok (<0.05%),small (<0.5%)
2018,NY,10,173095,37619,210714,210958,173095,37619,210714,2,0,0,-0.0011566283336019493,ok (<0.05%),ok (<0.05%),small (<0.5%)
2018,NY,11,101823,89441,192038,192173,101823,89441,192038,2,0,0,-7.024920254146004e-4,ok (<0.05%),ok (<0.05%),small (<0.5%)
2018,NY,12,217430,30446,251604,251877,217430,30446,251604,3,0,0,-0.0010838623613906788,ok (<0.05%),ok (<0.05%),small (<0.5%)
2018,NY,13,180035,10268,190303,190688,180035,10268,190303,2,0,0,-0.0020190048665883536,ok (<0.05%),ok (<0.05%),small (<0.5%)
2018,NY,14,110318,19202,141122,141204,110318,19202,141122,2,0,0,-5.807200929152149e-4,ok (<0.05%),ok (<0.05%),small (<0.5%)
2018,NY,15,124469,5205,129674,129751,124469,5205,129674,1,0,0,-5.934443665174064e-4,ok (<0.05%),ok (<0.05%),small (<0.5%)
2018,NY,16,182044,0,182044,183356,182044,0,182044,2,0,0,-0.007155478958965073,ok (<0.05%),ok (<0.05%),check (0.5-2%)
2018,NY,17,170168,0,193318,193841,170168,0,193318,2,0,0,-0.002698087607884813,ok (<0.05%),ok (<0.05%),small (<0.5%)
2018,NY,18,139564,112035,251599,251690,139564,112035,251599,4,0,0,-3.6155588223608405e-4,ok (<0.05%),ok (<0.05%),ok (<0.05%)
2018,NY,19,147873,132873,287894,287986,147873,132873,287894,11,0,0,-3.1945997374872387e-4,ok (<0.05%),ok (<0.05%),ok (<0.05%)
2018,NY,20,176811,89058,265869,266014,176811,89058,265869,5,0,0,-5.450840933183968e-4,ok (<0.05%),ok (<0.05%),small (<0.5%)
2018,NY,21,99791,131981,235209,235267,99791,131981,235209,12,0,0,-2.4652841239952906e-4,ok (<0.05%),ok (<0.05%),ok (<0.05%)
2018,NY,22,127715,123242,250957,251212,127715,123242,250957,8,0,0,-0.0010150788975048963,ok (<0.05%),ok (<0.05%),small (<0.5%)
2018,NY,23,109932,130323,240255,240374,109932,130323,240255,11,0,0,-4.950618619318229e-4,ok (<0.05%),ok (<0.05%),ok (<0.05%)
2018,NY,24,123226,136920,260146,260477,123226,136920,260146,4,0,0,-0.0012707455936608607,ok (<0.05%),ok (<0.05%),small (<0.5%)
2018,NY,25,159244,110736,269980,269980,159244,110736,269980,1,0,0,0,ok (<0.05%),ok (<0.05%),ok (<0.05%)
2018,NY,26,169166,61488,230654,230663,169166,61488,230654,2,0,0,-3.9017961268170446e-5,ok (<0.05%),ok (<0.05%),ok (<0.05%)
2018,NY,27,139059,140146,285178,285300,139059,140146,285178,8,0,0,-4.2762004907115315e-4,ok (<0.05%),ok (<0.05%),ok (<0.05%)
2018,OH,01,141118,154409,300871,300871,141118,154409,300866,2,0,0,-1.6618417860146044e-5,ok (<0.05%),ok (<0.05%),ok (<0.05%)
2018,OH,02,119333,166714,289661,289661,119333,166714,289653,8,0,0,-2.7618491961292683e-5,ok (<0.05%),ok (<0.05%),ok (<0.05%)
2018,OH,03,181575,65040,246677,246677,181575,65040,246615,1,0,0,-2.513408222087994e-4,ok (<0.05%),ok (<0.05%),ok (<0.05%)
2018,OH,04,89412,167993,257405,257405,89412,167993,257405,14,0,0,0,ok (<0.05%),ok (<0.05%),ok (<0.05%)
2018,OH,05,99655,176569,283617,283617,99655,176569,283617,14,0,0,0,ok (<0.05%),ok (<0.05%),ok (<0.05%)
2018,OH,06,76716,172774,249490,249490,76716,172774,249490,18,0,0,0,ok (<0.05%),ok (<0.05%),ok (<0.05%)
2018,OH,07,107536,153117,260653,260653,107536,153117,260653,10,0,0,0,ok (<0.05%),ok (<0.05%),ok (<0.05%)
2018,OH,08,89451,177892,267343,267343,89451,177892,267343,6,0,0,0,ok (<0.05%),ok (<0.05%),ok (<0.05%)
2018,OH,09,157219,74670,231937,231937,157219,74670,231889,5,0,0,-2.0695275010024274e-4,ok (<0.05%),ok (<0.05%),ok (<0.05%)
2018,OH,10,118785,157554,281726,281726,118785,157554,281726,3,0,0,0,ok (<0.05%),ok (<0.05%),ok (<0.05%)
2018,OH,11,206138,44486,250660,250660,206138,44486,250624,2,0,0,-1.436208409798133e-4,ok (<0.05%),ok (<0.05%),ok (<0.05%)
2018,OH,12,161251,175677,341647,341647,161251,175677,341646,7,0,0,-2.9269977491387307e-6,ok (<0.05%),ok (<0.05%),ok (<0.05%)
2018,OH,13,153323,98047,251370,251370,153323,98047,251370,5,0,0,0,ok (<0.05%),ok (<0.05%),ok (<0.05%)
2018,OH,14,137549,169809,307358,307358,137549,169809,307358,7,0,0,0,ok (<0.05%),ok (<0.05%),ok (<0.05%)
2018,OH,15,116112,170593,292443,292443,116112,170593,292443,12,0,0,0,ok (<0.05%),ok (<0.05%),ok (<0.05%)
2018,OH,16,129681,170029,299710,299710,129681,170029,299710,6,0,0,0,ok (<0.05%),ok (<0.05%),ok (<0.05%)
2018,OK,01,103042,150129,253171,253171,103042,150129,253171,5,0,0,0,ok (<0.05%),ok (<0.05%),ok (<0.05%)
2018,OK,02,65021,140451,216002,216002,65021,140451,216002,26,0,0,0,ok (<0.05%),ok (<0.05%),ok (<0.05%)
2018,OK,03,61152,172913,234065,234065,61152,172913,234065,32,0,0,0,ok (<0.05%),ok (<0.05%),ok (<0.05%)
2018,OK,04,78088,149227,236638,236638,78088,149227,236638,15,0,0,0,ok (<0.05%),ok (<0.05%),ok (<0.05%)
2018,OK,05,121149,117811,238960,238960,121149,117811,238960,3,0,0,0,ok (<0.05%),ok (<0.05%),ok (<0.05%)
2018,OR,01,231198,116446,362765,363249,231198,116446,363249,5,0,0,0,ok (<0.05%),ok (<0.05%),ok (<0.05%)
2018,OR,02,145298,207597,368431,368709,145298,207597,368709,20,0,0,0,ok (<0.05%),ok (<0.05%),ok (<0.05%)
2018,OR,03,279019,0,383812,384326,279019,76187,384326,2,0,76187,0,ok (<0.05%),BAD (>=2%),ok (<0.05%)
2018,OR,04,208710,152414,372450,372893,208710,152414,372893,7,0,0,0,ok (<0.05%),ok (<0.05%),ok (<0.05%)
2018,OR,05,197187,149887,357930,358469,197187,149887,358469,7,0,0,0,ok (<0.05%),ok (<0.05%),ok (<0.05%)
2018,PA,01,160745,169053,329798,329946,160745,169053,329798,2,0,0,-4.4855824892558175e-4,ok (<0.05%),ok (<0.05%),ok (<0.05%)
2018,PA,02,159600,42382,201982,202024,159600,42382,201982,1,0,0,-2.078960915534788e-4,ok (<0.05%),ok (<0.05%),ok (<0.05%)
2018,PA,03,287610,20387,307997,308096,287610,20387,307997,1,0,0,-3.2132841711674285e-4,ok (<0.05%),ok (<0.05%),ok (<0.05%)
2018,PA,04,211524,121467,332991,333110,211524,121467,332991,2,0,0,-3.572393503647444e-4,ok (<0.05%),ok (<0.05%),ok (<0.05%)
2018,PA,05,198639,106075,304714,304789,198639,106075,304714,4,0,0,-2.460718726725702e-4,ok (<0.05%),ok (<0.05%),ok (<0.05%)
2018,PA,06,177704,124124,301828,301985,177704,124124,301828,2,0,0,-5.198933721873603e-4,ok (<0.05%),ok (<0.05%),small (<0.5%)
2018,PA,07,140813,114437,263261,263360,140813,114437,263261,3,0,0,-3.759113001215067e-4,ok (<0.05%),ok (<0.05%),ok (<0.05%)
2018,PA,08,135603,112563,248166,248354,135603,112563,248166,5,0,0,-7.569839825410503e-4,ok (<0.05%),ok (<0.05%),small (<0.5%)
2018,PA,09,100204,148723,248927,249110,100204,148723,248927,8,0,0,-7.346152302195817e-4,ok (<0.05%),ok (<0.05%),small (<0.5%)
2018,PA,10,141668,149365,291033,291272,141668,149365,291033,3,0,0,-8.205388777500069e-4,ok (<0.05%),ok (<0.05%),small (<0.5%)
2018,PA,11,113876,163708,277584,277803,115794,163671,279465,2,0.016842881731005656,-2.260121680064505e-4,0.0059826567747648515,check (0.5-2%),ok (<0.05%),check (0.5-2%)
2018,PA,12,82825,161047,243872,244150,82825,161047,243872,15,0,0,-0.0011386442760597992,ok (<0.05%),ok (<0.05%),small (<0.5%)
2018,PA,13,74733,178533,253266,253621,74733,178533,253266,10,0,0,-0.0013997263633531924,ok (<0.05%),ok (<0.05%),small (<0.5%)
2018,PA,14,110051,151386,261437,261646,110051,151386,261437,4,0,0,-7.987892037332885e-4,ok (<0.05%),ok (<0.05%),small (<0.5%)
2018,PA,15,78327,165245,243572,243747,78327,165245,243572,14,0,0,-7.179575543493869e-4,ok (<0.05%),ok (<0.05%),small (<0.5%)
2018,PA,16,124109,135348,262396,262563,124109,135348,262396,5,0,0,-6.360378271119693e-4,ok (<0.05%),ok (<0.05%),small (<0.5%)
2018,PA,17,183162,142417,325579,325763,183162,142417,325579,3,0,0,-5.648278042626081e-4,ok (<0.05%),ok (<0.05%),small (<0.5%)
2018,PA,18,231472,0,231472,240924,231472,0,231472,1,0,0,-0.03923228902060401,ok (<0.05%),ok (<0.05%),BAD (>=2%)
2018,RI,01,116099,57567,173701,174083,116022,57566,174004,3,-6.632270734459384e-4,-1.7371063282783538e-5,-4.5380651758069424e-4,small (<0.5%),ok (<0.05%),ok (<0.05%)
2018,RI,02,126476,72271,198846,199197,126415,72270,199135,3,-4.823049432303362e-4,-1.3836808678446404e-5,-3.112496674146699e-4,ok (<0.05%),ok (<0.05%),ok (<0.05%)
2018,SC,01,145455,141473,286928,287433,145455,141473,287433,5,0,0,0,ok (<0.05%),ok (<0.05%),ok (<0.05%)
2018,SC,02,109199,144642,256952,257139,109199,144642,257139,5,0,0,0,ok (<0.05%),ok (<0.05%),ok (<0.05%)
2018,SC,03,70046,153338,226081,226204,70046,153338,226204,11,0,0,0,ok (<0.05%),ok (<0.05%),ok (<0.05%)
2018,SC,04,89182,145321,243706,243950,89182,145321,243950,2,0,0,0,ok (<0.05%),ok (<0.05%),ok (<0.05%)
2018,SC,05,103129,141757,248329,248579,103129,141757,248579,11,0,0,0,ok (<0.05%),ok (<0.05%),ok (<0.05%)
2018,SC,06,144765,58282,206261,206433,144765,58282,206433,16,0,0,0,ok (<0.05%),ok (<0.05%),ok (<0.05%)
2018,SC,07,96564,142681,239245,239554,96564,142681,239554,8,0,0,0,ok (<0.05%),ok (<0.05%),ok (<0.05%)
2018,SD,00,121033,202695,335965,335965,120816,202446,335471,66,-0.001792899457172837,-0.001228446680973877,-0.0014703912609944489,small (<0.5%),small (<0.5%),small (<0.5%)
2018,TN,01,47138,172835,224282,224282,47138,172835,224282,12,0,0,0,ok (<0.05%),ok (<0.05%),ok (<0.05%)
2018,TN,02,86668,172856,262134,262134,86668,172856,262134,7,0,0,0,ok (<0.05%),ok (<0.05%),ok (<0.05%)
2018,TN,03,84731,156512,245765,245765,84731,156512,245765,11,0,0,0,ok (<0.05%),ok (<0.05%),ok (<0.05%)
2018,TN,04,78065,147323,232451,232451,78065,147323,232451,16,0,0,0,ok (<0.05%),ok (<0.05%),ok (<0.05%)
2018,TN,05,177923,84317,262248,262248,177923,84317,262248,3,0,0,0,ok (<0.05%),ok (<0.05%),ok (<0.05%)
2018,TN,06,70370,172810,248740,248740,70370,172810,248740,19,0,0,0,ok (<0.05%),ok (<0.05%),ok (<0.05%)
2018,TN,07,81661,170071,254384,254384,81661,170071,254384,19,0,0,0,ok (<0.05%),ok (<0.05%),ok (<0.05%)
2018,TN,08,74755,168030,248345,248345,74755,168030,248345,15,0,0,0,ok (<0.05%),ok (<0.05%),ok (<0.05%)
2018,TN,09,145139,34901,181476,181476,145139,34901,181476,1,0,0,0,ok (<0.05%),ok (<0.05%),ok (<0.05%)
2018,TX,01,61263,168165,232720,232720,61263,168165,232720,12,0,0,0,ok (<0.05%),ok (<0.05%),ok (<0.05%)
2018,TX,02,119992,139188,263392,263392,119992,139188,263392,1,0,0,0,ok (<0.05%),ok (<0.05%),ok (<0.05%)
2018,TX,03,138234,169520,312511,312511,138234,169520,312511,1,0,0,0,ok (<0.05%),ok (<0.05%),ok (<0.05%)
2018,TX,04,57400,188667,249245,249245,57400,188667,249245,18,0,0,0,ok (<0.05%),ok (<0.05%),ok (<0.05%)
2018,TX,05,78666,130617,209507,209507,78666,130617,209507,7,0,0,0,ok (<0.05%),ok (<0.05%),ok (<0.05%)
2018,TX,06,116350,135961,256042,256042,116350,135961,256042,3,0,0,0,ok (<0.05%),ok (<0.05%),ok (<0.05%)
2018,TX,07,127959,115642,243601,243601,127959,115642,243601,1,0,0,0,ok (<0.05%),ok (<0.05%),ok (<0.05%)
2018,TX,08,67930,200619,273170,273170,67930,200619,273170,9,0,0,0,ok (<0.05%),ok (<0.05%),ok (<0.05%)
2018,TX,09,136256,0,153001,153001,136256,0,153001,2,0,0,0,ok (<0.05%),ok (<0.05%),ok (<0.05%)
2018,TX,10,144034,157166,307827,307827,144034,157166,307827,9,0,0,0,ok (<0.05%),ok (<0.05%),ok (<0.05%)
2018,TX,11,40631,176603,220377,220377,40631,176603,220377,29,0,0,0,ok (<0.05%),ok (<0.05%),ok (<0.05%)
2018,TX,12,90994,172557,268491,268491,90994,172557,268491,3,0,0,0,ok (<0.05%),ok (<0.05%),ok (<0.05%)
2018,TX,13,35083,169027,207285,207285,35083,169027,207285,41,0,0,0,ok (<0.05%),ok (<0.05%),ok (<0.05%)
2018,TX,14,92212,138942,234528,234528,92212,138942,234528,3,0,0,0,ok (<0.05%),ok (<0.05%),ok (<0.05%)
2018,TX,15,98333,63862,164802,164802,98333,63862,164802,8,0,0,0,ok (<0.05%),ok (<0.05%),ok (<0.05%)
2018,TX,16,124437,49127,181754,181754,124437,49127,181754,1,0,0,0,ok (<0.05%),ok (<0.05%),ok (<0.05%)
2018,TX,17,98070,134841,237351,237351,98070,134841,237351,12,0,0,0,ok (<0.05%),ok (<0.05%),ok (<0.05%)
2018,TX,18,138704,38368,184332,184332,138704,38368,184332,1,0,0,0,ok (<0.05%),ok (<0.05%),ok (<0.05%)
2018,TX,19,50039,151946,201985,201985,50039,151946,201985,29,0,0,0,ok (<0.05%),ok (<0.05%),ok (<0.05%)
2018,TX,20,139038,0,171963,171963,139038,0,171963,1,0,0,0,ok (<0.05%),ok (<0.05%),ok (<0.05%)
2018,TX,21,168421,177654,353617,353617,168421,177654,353617,10,0,0,0,ok (<0.05%),ok (<0.05%),ok (<0.05%)
2018,TX,22,138153,152750,297405,297405,138153,152750,297405,3,0,0,0,ok (<0.05%),ok (<0.05%),ok (<0.05%)
2018,TX,23,102359,103285,210069,210069,102359,103285,210069,29,0,0,0,ok (<0.05%),ok (<0.05%),ok (<0.05%)
2018,TX,24,125231,133317,263418,263418,125231,133317,263418,3,0,0,0,ok (<0.05%),ok (<0.05%),ok (<0.05%)
2018,TX,25,136385,163023,304553,304553,136385,163023,304553,13,0,0,0,ok (<0.05%),ok (<0.05%),ok (<0.05%)
2018,TX,26,121938,185551,312505,312505,121938,185551,312505,3,0,0,0,ok (<0.05%),ok (<0.05%),ok (<0.05%)
2018,TX,27,75929,125118,207421,207421,75929,125118,207421,13,0,0,0,ok (<0.05%),ok (<0.05%),ok (<0.05%)
2018,TX,28,117494,0,139226,139226,117494,0,139226,9,0,0,0,ok (<0.05%),ok (<0.05%),ok (<0.05%)
2018,TX,29,88188,28098,117494,117494,88188,28098,117494,1,0,0,0,ok (<0.05%),ok (<0.05%),ok (<0.05%)
2018,TX,30,166784,0,183174,183174,166784,0,183174,1,0,0,0,ok (<0.05%),ok (<0.05%),ok (<0.05%)
2018,TX,31,136362,144680,286007,286007,136362,144680,286007,2,0,0,0,ok (<0.05%),ok (<0.05%),ok (<0.05%)
2018,TX,32,144067,126101,275620,275620,144067,126101,275620,2,0,0,0,ok (<0.05%),ok (<0.05%),ok (<0.05%)
2018,TX,33,90805,26120,119224,119224,90805,26120,119224,2,0,0,0,ok (<0.05%),ok (<0.05%),ok (<0.05%)
2018,TX,34,85825,57243,143068,143068,85825,57243,143068,11,0,0,0,ok (<0.05%),ok (<0.05%),ok (<0.05%)
2018,TX,35,138278,50553,194067,194067,138278,50553,194067,6,0,0,0,ok (<0.05%),ok (<0.05%),ok (<0.05%)
2018,TX,36,60908,161048,221956,221956,60908,161048,221956,9,0,0,0,ok (<0.05%),ok (<0.05%),ok (<0.05%)
2018,UT,01,63308,156692,254333,254333,65574,158589,258610,11,0.03579326467429077,0.01210655298292191,0.016816535801488598,BAD (>=2%),check (0.5-2%),check (0.5-2%)
2018,UT,02,105051,151489,270044,270044,105051,151489,270047,14,0,0,1.1109300706551525e-5,ok (<0.05%),ok (<0.05%),ok (<0.05%)
2018,UT,03,70686,174856,258858,258858,68456,172895,254550,6,-0.03154797272444331,-0.01121494258132406,-0.016642328998910598,BAD (>=2%),check (0.5-2%),check (0.5-2%)
2018,UT,04,134964,134270,269271,269271,134964,134270,270493,4,0,0,0.004538179009250904,ok (<0.05%),ok (<0.05%),small (<0.5%)
2018,VA,01,148464,183250,331714,332127,148464,183250,332127,20,0,0,0,ok (<0.05%),ok (<0.05%),ok (<0.05%)
2018,VA,02,139571,133458,273029,273428,139571,133458,273428,9,0,0,0,ok (<0.05%),ok (<0.05%),ok (<0.05%)
2018,VA,03,198615,0,198615,217792,198615,0,217792,8,0,0,0,ok (<0.05%),ok (<0.05%),ok (<0.05%)
2018,VA,04,187642,107706,299581,299869,187642,107706,299869,16,0,0,0,ok (<0.05%),ok (<0.05%),ok (<0.05%)
2018,VA,05,145040,165339,310379,310929,145040,165339,310929,23,0,0,0,ok (<0.05%),ok (<0.05%),ok (<0.05%)
2018,VA,06,113133,167957,281090,281408,113133,167957,281384,19,0,0,-8.528542187855356e-5,ok (<0.05%),ok (<0.05%),ok (<0.05%)
2018,VA,07,176079,169295,349590,349831,176079,169295,349831,10,0,0,0,ok (<0.05%),ok (<0.05%),ok (<0.05%)
2018,VA,08,247137,76899,324036,324750,247137,76899,324750,4,0,0,0,ok (<0.05%),ok (<0.05%),ok (<0.05%)
2018,VA,09,85833,160933,246766,246989,85833,160933,246989,29,0,0,0,ok (<0.05%),ok (<0.05%),ok (<0.05%)
2018,VA,10,206356,160841,367197,367815,206356,160841,367815,8,0,0,0,ok (<0.05%),ok (<0.05%),ok (<0.05%)
2018,VA,11,219191,83023,307760,308273,219191,83023,308272,3,0,0,-3.2438779912609927e-6,ok (<0.05%),ok (<0.05%),ok (<0.05%)
2018,VI,00,16341,0,16341,16605,NA,NA,NA,NA,NA,NA,NA,MISSING,MISSING,MISSING
2018,VT,00,188547,70705,272305,272451,188547,70706,272450,14,0,1.4143271338660633e-5,-3.6703847664350654e-6,ok (<0.05%),ok (<0.05%),ok (<0.05%)
2018,WA,01,197209,135534,332743,332743,197021,135391,332627,4,-9.533033482244725e-4,-0.0010550858087269616,-3.4861740141791113e-4,small (<0.5%),small (<0.5%),ok (<0.05%)
2018,WA,02,210187,0,294833,294833,209885,0,294398,5,-0.0014368157878460609,0,-0.0014754115041396316,small (<0.5%),ok (<0.05%),small (<0.5%)
2018,WA,03,145407,161819,307226,307226,145042,161470,306512,8,-0.0025101955201606526,-0.0021567306682157227,-0.0023240220554249964,small (<0.5%),small (<0.5%),small (<0.5%)
2018,WA,04,83785,141551,225336,225336,83538,140877,224415,8,-0.002948021722265322,-0.004761534711870633,-0.004087229736926191,small (<0.5%),small (<0.5%),small (<0.5%)
2018,WA,05,144925,175422,320347,320347,144873,175135,320008,10,-3.5880627910988444e-4,-0.001636054770781316,-0.0010582274845714178,ok (<0.05%),small (<0.5%),small (<0.5%)
2018,WA,06,206409,116677,323086,323086,206394,116675,323069,6,-7.267124980015407e-5,-1.714133890998226e-5,-5.26175693159097e-5,ok (<0.05%),ok (<0.05%),ok (<0.05%)
2018,WA,07,329800,64881,394681,394681,329800,64881,395954,2,0,0,0.003225389618451357,ok (<0.05%),ok (<0.05%),small (<0.5%)
2018,WA,08,164089,0,313057,313057,163838,148702,313647,5,-0.0015296576857680893,148702,0.0018846408162091887,small (<0.5%),BAD (>=2%),small (<0.5%)
2018,WA,09,240567,0,240567,240567,240567,0,248130,2,0,0,0.03143822718826772,ok (<0.05%),ok (<0.05%),BAD (>=2%)
2018,WA,10,166215,103860,270075,270075,166196,103838,270034,3,-1.1430977950245165e-4,-2.1182360870402464e-4,-1.5180968249560307e-4,ok (<0.05%),ok (<0.05%),ok (<0.05%)
2018,WI,01,137508,177492,325013,325317,137508,177492,325013,6,0,0,-9.34473144655828e-4,ok (<0.05%),ok (<0.05%),small (<0.5%)
2018,WI,02,309116,0,309154,317295,309117,29,309154,7,3.2350315092069e-6,29,-0.025657511148930806,ok (<0.05%),BAD (>=2%),BAD (>=2%)
2018,WI,03,187888,126980,314868,314989,187888,126980,314868,18,0,0,-3.8414039855360027e-4,ok (<0.05%),ok (<0.05%),ok (<0.05%)
2018,WI,04,206487,7170,272748,273087,206487,59091,272748,2,0,7.241422594142259,-0.0012413626426743126,ok (<0.05%),BAD (>=2%),small (<0.5%)
2018,WI,05,138385,225619,364005,364288,138386,225619,364005,6,7.22621671423926e-6,0,-7.768578706957133e-4,ok (<0.05%),ok (<0.05%),small (<0.5%)
2018,WI,06,144536,180311,324847,325065,144536,180311,324847,11,0,0,-6.706351037484811e-4,ok (<0.05%),ok (<0.05%),small (<0.5%)
2018,WI,07,124307,194061,322787,322840,124310,194061,322787,26,2.4133797774863844e-5,0,-1.6416800892082766e-4,ok (<0.05%),ok (<0.05%),ok (<0.05%)
2018,WI,08,119265,209410,328675,328774,119265,209410,328675,11,0,0,-3.0111870160049153e-4,ok (<0.05%),ok (<0.05%),ok (<0.05%)
2018,WV,01,70217,127997,198214,198214,70217,127997,198214,20,0,0,0,ok (<0.05%),ok (<0.05%),ok (<0.05%)
2018,WV,02,88011,110504,204792,204792,88011,110504,204792,17,0,0,0,ok (<0.05%),ok (<0.05%),ok (<0.05%)
2018,WV,03,76340,98645,174985,174985,76340,98645,174985,18,0,0,0,ok (<0.05%),ok (<0.05%),ok (<0.05%)
2018,WY,00,59903,127963,200854,201245,59903,127963,201245,23,0,0,0,ok (<0.05%),ok (<0.05%),ok (<0.05%)
2020,AL,01,116949,211825,328774,329075,116949,211825,329075,6,0,0,0,ok (<0.05%),ok (<0.05%),ok (<0.05%)
2020,AL,02,105286,197996,303282,303569,105286,197996,303569,15,0,0,0,ok (<0.05%),ok (<0.05%),ok (<0.05%)
2020,AL,03,104595,217384,321979,322234,104595,217384,322234,13,0,0,0,ok (<0.05%),ok (<0.05%),ok (<0.05%)
2020,AL,04,56237,261553,317790,318029,56237,261553,318029,16,0,0,0,ok (<0.05%),ok (<0.05%),ok (<0.05%)
2020,AL,05,0,253094,253094,264160,0,253094,264160,5,0,0,0,ok (<0.05%),ok (<0.05%),ok (<0.05%)
2020,AL,06,0,274160,274160,282261,0,274160,282261,6,0,0,0,ok (<0.05%),ok (<0.05%),ok (<0.05%)
2020,AL,07,225742,0,225742,232331,225742,0,232331,14,0,0,0,ok (<0.05%),ok (<0.05%),ok (<0.05%)
2020,AR,01,0,237596,237596,237596,0,237596,237596,30,0,0,0,ok (<0.05%),ok (<0.05%),ok (<0.05%)
2020,AR,02,148410,184093,332503,332503,148410,184093,332503,7,0,0,0,ok (<0.05%),ok (<0.05%),ok (<0.05%)
2020,AR,03,106325,214960,334262,334262,106325,214960,334262,10,0,0,0,ok (<0.05%),ok (<0.05%),ok (<0.05%)
2020,AR,04,75750,191617,275035,275035,75750,191617,275035,33,0,0,0,ok (<0.05%),ok (<0.05%),ok (<0.05%)
2020,AS,00,1959,9790,11749,11749,NA,NA,NA,NA,NA,NA,NA,MISSING,MISSING,MISSING
2020,AZ,01,188469,176709,365178,365178,188469,176709,365178,11,0,0,0,ok (<0.05%),ok (<0.05%),ok (<0.05%)
2020,AZ,02,209945,170975,381054,381054,209945,170975,380920,2,0,0,-3.516561957097944e-4,ok (<0.05%),ok (<0.05%),ok (<0.05%)
2020,AZ,03,174243,95594,269837,269837,174243,95594,269837,5,0,0,0,ok (<0.05%),ok (<0.05%),ok (<0.05%)
2020,AZ,04,120484,278002,398623,398623,120484,278002,398486,7,0,0,-3.436831291721752e-4,ok (<0.05%),ok (<0.05%),ok (<0.05%)
2020,AZ,05,183171,262414,445657,445657,183171,262414,445585,1,0,0,-1.6155922604155212e-4,ok (<0.05%),ok (<0.05%),ok (<0.05%)
2020,AZ,06,199644,217783,417427,417427,199644,217783,417427,1,0,0,0,ok (<0.05%),ok (<0.05%),ok (<0.05%)
2020,AZ,07,165452,50226,215732,215732,165452,50226,215678,1,0,0,-2.503105705226856e-4,ok (<0.05%),ok (<0.05%),ok (<0.05%)
2020,AZ,08,170816,251633,422467,422467,170816,251633,422449,1,0,0,-4.2606878170365966e-5,ok (<0.05%),ok (<0.05%),ok (<0.05%)
2020,AZ,09,217094,135180,352274,352274,217094,135180,352274,1,0,0,0,ok (<0.05%),ok (<0.05%),ok (<0.05%)
2020,CA,01,154073,204190,358263,358263,154466,204291,358757,11,0.0025507389354396943,4.946373475684412e-4,0.0013788752955231213,small (<0.5%),ok (<0.05%),small (<0.5%)
2020,CA,02,294435,94320,388755,388755,294435,94320,388755,6,0,0,0,ok (<0.05%),ok (<0.05%),ok (<0.05%)
2020,CA,03,176043,145945,321988,321988,176043,145945,321988,8,0,0,0,ok (<0.05%),ok (<0.05%),ok (<0.05%)
2020,CA,04,194731,247291,442022,442022,194731,247291,442022,10,0,0,0,ok (<0.05%),ok (<0.05%),ok (<0.05%)
2020,CA,05,271233,85227,356460,356460,271233,85227,356460,5,0,0,0,ok (<0.05%),ok (<0.05%),ok (<0.05%)
2020,CA,06,229648,83466,313114,313114,229648,83466,313114,2,0,0,0,ok (<0.05%),ok (<0.05%),ok (<0.05%)
2020,CA,07,217416,166549,383965,383965,217416,166549,383965,1,0,0,0,ok (<0.05%),ok (<0.05%),ok (<0.05%)
2020,CA,08,124400,158711,283111,283111,124400,158711,283111,3,0,0,0,ok (<0.05%),ok (<0.05%),ok (<0.05%)
2020,CA,09,174252,128358,302610,302610,174252,128358,302610,3,0,0,0,ok (<0.05%),ok (<0.05%),ok (<0.05%)
2020,CA,10,166865,135629,302494,302494,166865,135629,302494,2,0,0,0,ok (<0.05%),ok (<0.05%),ok (<0.05%)
2020,CA,11,271063,100293,371356,371356,271063,100293,371356,1,0,0,0,ok (<0.05%),ok (<0.05%),ok (<0.05%)
2020,CA,12,362950,0,362950,362950,362950,0,362950,1,0,0,0,ok (<0.05%),ok (<0.05%),ok (<0.05%)
2020,CA,13,327863,34955,362818,362818,327863,34955,362818,2,0,0,0,ok (<0.05%),ok (<0.05%),ok (<0.05%)
2020,CA,14,278300,72705,351005,351005,278300,72705,351005,2,0,0,0,ok (<0.05%),ok (<0.05%),ok (<0.05%)
2020,CA,15,242991,99710,342701,342701,242991,99710,342701,2,0,0,0,ok (<0.05%),ok (<0.05%),ok (<0.05%)
2020,CA,16,128690,88039,216729,216729,128690,88039,216729,3,0,0,0,ok (<0.05%),ok (<0.05%),ok (<0.05%)
2020,CA,17,212137,85199,297336,297336,212137,85199,297336,2,0,0,0,ok (<0.05%),ok (<0.05%),ok (<0.05%)
2020,CA,18,344139,0,344139,344139,344139,0,344139,3,0,0,0,ok (<0.05%),ok (<0.05%),ok (<0.05%)
2020,CA,19,224385,88642,313027,313027,224385,88642,313027,1,0,0,0,ok (<0.05%),ok (<0.05%),ok (<0.05%)
2020,CA,20,236896,71658,308554,308554,236896,71658,308554,4,0,0,0,ok (<0.05%),ok (<0.05%),ok (<0.05%)
2020,CA,21,84406,85928,170334,170334,84406,85928,170334,4,0,0,0,ok (<0.05%),ok (<0.05%),ok (<0.05%)
2020,CA,22,144251,170888,315139,315139,144251,170888,315139,2,0,0,0,ok (<0.05%),ok (<0.05%),ok (<0.05%)
2020,CA,23,115896,190222,306118,306118,115896,190222,306118,3,0,0,0,ok (<0.05%),ok (<0.05%),ok (<0.05%)
2020,CA,24,212564,149781,362345,362345,212564,149781,362345,3,0,0,0,ok (<0.05%),ok (<0.05%),ok (<0.05%)
2020,CA,25,169305,169638,338943,338943,169305,169638,338943,2,0,0,0,ok (<0.05%),ok (<0.05%),ok (<0.05%)
2020,CA,26,208856,135877,344733,344733,208856,135877,344733,2,0,0,0,ok (<0.05%),ok (<0.05%),ok (<0.05%)
2020,CA,27,221411,95907,317318,317318,221411,95907,317318,2,0,0,0,ok (<0.05%),ok (<0.05%),ok (<0.05%)
2020,CA,28,244271,91928,336199,336199,244271,91928,336199,1,0,0,0,ok (<0.05%),ok (<0.05%),ok (<0.05%)
2020,CA,29,210944,0,210944,210944,210944,0,210944,1,0,0,0,ok (<0.05%),ok (<0.05%),ok (<0.05%)
2020,CA,30,240038,105426,345464,345464,240038,105426,345464,2,0,0,0,ok (<0.05%),ok (<0.05%),ok (<0.05%)
2020,CA,31,175315,110735,286050,286050,175315,110735,286050,1,0,0,0,ok (<0.05%),ok (<0.05%),ok (<0.05%)
2020,CA,32,172942,86818,259760,259760,172942,86818,259760,1,0,0,0,ok (<0.05%),ok (<0.05%),ok (<0.05%)
2020,CA,33,257094,123334,380428,380428,257094,123334,380428,1,0,0,0,ok (<0.05%),ok (<0.05%),ok (<0.05%)
2020,CA,34,205346,0,205346,205346,205346,0,205346,1,0,0,0,ok (<0.05%),ok (<0.05%),ok (<0.05%)
2020,CA,35,169405,74941,244346,244346,169405,74941,244346,2,0,0,0,ok (<0.05%),ok (<0.05%),ok (<0.05%)
2020,CA,36,185151,121698,306849,306849,185151,121698,306849,1,0,0,0,ok (<0.05%),ok (<0.05%),ok (<0.05%)
2020,CA,37,254916,41705,296621,296621,254916,41705,296621,1,0,0,0,ok (<0.05%),ok (<0.05%),ok (<0.05%)
2020,CA,38,256206,0,256206,256206,256206,0,256206,2,0,0,0,ok (<0.05%),ok (<0.05%),ok (<0.05%)
2020,CA,39,169837,173946,343783,343783,169837,173946,343783,3,0,0,0,ok (<0.05%),ok (<0.05%),ok (<0.05%)
2020,CA,40,135572,50809,186381,186381,135572,50809,186381,1,0,0,0,ok (<0.05%),ok (<0.05%),ok (<0.05%)
2020,CA,41,168126,94447,262573,262573,168126,94447,262573,1,0,0,0,ok (<0.05%),ok (<0.05%),ok (<0.05%)
2020,CA,42,157773,210274,368047,368047,157773,210274,368047,1,0,0,0,ok (<0.05%),ok (<0.05%),ok (<0.05%)
2020,CA,43,199210,78688,277898,277898,199210,78688,277898,1,0,0,0,ok (<0.05%),ok (<0.05%),ok (<0.05%)
2020,CA,44,206036,0,206036,206036,206036,0,206036,1,0,0,0,ok (<0.05%),ok (<0.05%),ok (<0.05%)
2020,CA,45,221843,193096,414939,414939,221843,193096,414939,1,0,0,0,ok (<0.05%),ok (<0.05%),ok (<0.05%)
2020,CA,46,157803,71716,229519,229519,157803,71716,229519,1,0,0,0,ok (<0.05%),ok (<0.05%),ok (<0.05%)
2020,CA,47,197028,114371,311399,311399,197028,114371,311399,2,0,0,0,ok (<0.05%),ok (<0.05%),ok (<0.05%)
2020,CA,48,193362,201738,395100,395100,193362,201738,395100,1,0,0,0,ok (<0.05%),ok (<0.05%),ok (<0.05%)
2020,CA,49,205349,181157,386506,386506,205349,181157,386506,2,0,0,0,ok (<0.05%),ok (<0.05%),ok (<0.05%)
2020,CA,50,166869,195521,362390,362390,166869,195521,362390,2,0,0,0,ok (<0.05%),ok (<0.05%),ok (<0.05%)
2020,CA,51,165596,76841,242437,242437,165596,76841,242437,2,0,0,0,ok (<0.05%),ok (<0.05%),ok (<0.05%)
2020,CA,52,244145,152350,396495,396495,244145,152350,396495,1,0,0,0,ok (<0.05%),ok (<0.05%),ok (<0.05%)
2020,CA,53,334858,0,334858,334858,334858,0,334858,1,0,0,0,ok (<0.05%),ok (<0.05%),ok (<0.05%)
2020,CO,01,331621,105955,450290,450290,331621,105955,450290,3,0,0,0,ok (<0.05%),ok (<0.05%),ok (<0.05%)
2020,CO,02,316925,182547,515663,515663,316925,182547,515663,10,0,0,0,ok (<0.05%),ok (<0.05%),ok (<0.05%)
2020,CO,03,194122,220634,429319,429319,194122,220634,429319,29,0,0,0,ok (<0.05%),ok (<0.05%),ok (<0.05%)
2020,CO,04,173945,285606,475107,475107,173945,285606,475107,22,0,0,0,ok (<0.05%),ok (<0.05%),ok (<0.05%)
2020,CO,05,161600,249013,432407,432407,161600,249013,432407,5,0,0,0,ok (<0.05%),ok (<0.05%),ok (<0.05%)
2020,CO,06,250314,175192,438473,438473,250314,175192,438473,3,0,0,0,ok (<0.05%),ok (<0.05%),ok (<0.05%)
2020,CO,07,250525,159301,423724,423724,250558,159301,423724,2,1.3172338090010978e-4,0,0,ok (<0.05%),ok (<0.05%),ok (<0.05%)
2020,CT,01,222668,122111,349237,349237,222668,122111,349237,3,0,0,0,ok (<0.05%),ok (<0.05%),ok (<0.05%)
2020,CT,02,218119,140356,367347,367347,217982,140340,367181,6,-6.28097506407053e-4,-1.1399583915187095e-4,-4.5188881357408663e-4,small (<0.5%),ok (<0.05%),ok (<0.05%)
2020,CT,03,203265,137598,346103,346103,203265,137596,346101,3,0,-1.453509498684574e-5,-5.778626593817447e-6,ok (<0.05%),ok (<0.05%),ok (<0.05%)
2020,CT,04,230079,130627,360716,360716,224432,130627,360716,2,-0.024543743670652256,0,0,BAD (>=2%),ok (<0.05%),ok (<0.05%)
2020,CT,05,192484,151988,349524,349524,192484,151988,349524,4,0,0,0,ok (<0.05%),ok (<0.05%),ok (<0.05%)
2020,DE,00,281382,196392,488270,488270,281382,196392,488270,3,0,0,0,ok (<0.05%),ok (<0.05%),ok (<0.05%)
2020,FL,01,149172,283352,438562,438562,149172,283352,438562,5,0,0,0,ok (<0.05%),ok (<0.05%),ok (<0.05%)
2020,FL,02,0,305337,311999,311999,0,305337,328802,19,0,0,0.05385594184596745,ok (<0.05%),ok (<0.05%),BAD (>=2%)
2020,FL,03,167326,223075,390401,390401,167326,223075,390401,6,0,0,0,ok (<0.05%),ok (<0.05%),ok (<0.05%)
2020,FL,04,196423,308497,504940,504940,196423,308497,505357,3,0,0,8.258406939438349e-4,ok (<0.05%),ok (<0.05%),small (<0.5%)
2020,FL,05,219463,117510,336973,336973,219463,117510,336973,8,0,0,0,ok (<0.05%),ok (<0.05%),ok (<0.05%)
2020,FL,06,172305,265393,437856,437856,172305,265393,438232,4,0,0,8.587298107140247e-4,ok (<0.05%),ok (<0.05%),small (<0.5%)
2020,FL,07,224946,175750,406449,406449,224955,175741,406451,2,4.000960230455309e-5,-5.120910384068279e-5,4.920666553491336e-6,ok (<0.05%),ok (<0.05%),ok (<0.05%)
2020,FL,08,177695,282093,459788,459788,177695,282093,459788,3,0,0,0,ok (<0.05%),ok (<0.05%),ok (<0.05%)
2020,FL,09,240724,188889,429638,429638,240724,188889,430028,3,0,0,9.077409353921208e-4,ok (<0.05%),ok (<0.05%),small (<0.5%)
2020,FL,10,239434,136889,376397,376397,239434,136889,376718,1,0,0,8.52822950236054e-4,ok (<0.05%),ok (<0.05%),small (<0.5%)
2020,FL,11,158094,316979,475073,475073,158094,316979,475073,5,0,0,0,ok (<0.05%),ok (<0.05%),ok (<0.05%)
2020,FL,12,168194,284941,453135,453135,168194,284941,453135,3,0,0,0,ok (<0.05%),ok (<0.05%),ok (<0.05%)
2020,FL,13,215405,190713,406125,406125,215405,190713,406561,1,0,0,0.0010735610957217606,ok (<0.05%),ok (<0.05%),small (<0.5%)
2020,FL,14,224240,147896,372136,372136,224240,147896,372136,1,0,0,0,ok (<0.05%),ok (<0.05%),ok (<0.05%)
2020,FL,15,174297,216374,390671,390671,174297,216374,390671,3,0,0,0,ok (<0.05%),ok (<0.05%),ok (<0.05%)
2020,FL,16,215683,269001,484684,484684,215683,269001,484684,3,0,0,0,ok (<0.05%),ok (<0.05%),ok (<0.05%)
2020,FL,17,140487,266514,412397,412397,140487,266514,412397,9,0,0,0,ok (<0.05%),ok (<0.05%),ok (<0.05%)
2020,FL,18,186674,253286,449720,449720,186674,253286,449720,3,0,0,0,ok (<0.05%),ok (<0.05%),ok (<0.05%)
2020,FL,19,172146,272440,444589,444589,172146,272440,444648,2,0,0,1.3270683710123283e-4,ok (<0.05%),ok (<0.05%),ok (<0.05%)
2020,FL,20,253661,68748,322409,322409,253661,68748,322409,2,0,0,0,ok (<0.05%),ok (<0.05%),ok (<0.05%)
2020,FL,21,237925,157612,403093,403093,237925,157612,403365,1,0,0,6.74782246280635e-4,ok (<0.05%),ok (<0.05%),small (<0.5%)
2020,FL,22,235764,166553,402317,402317,235764,166553,402317,2,0,0,0,ok (<0.05%),ok (<0.05%),ok (<0.05%)
2020,FL,23,221239,158874,380196,380196,221239,158874,381194,2,0,0,0.0026249618617765575,ok (<0.05%),ok (<0.05%),small (<0.5%)
2020,FL,24,218825,59084,289638,289638,218825,59084,290007,2,0,0,0.001274004101671742,ok (<0.05%),ok (<0.05%),small (<0.5%)
2020,FL,26,165407,177223,342630,342630,165401,177215,342616,2,-3.6274160102051305e-5,-4.514086772032976e-5,-4.086040335055308e-5,ok (<0.05%),ok (<0.05%),ok (<0.05%)
2020,FL,27,166758,176141,342975,342975,166758,176141,343356,1,0,0,0.0011108681390771921,ok (<0.05%),ok (<0.05%),small (<0.5%)
2020,GA,01,135238,189457,324695,324695,135238,189457,324695,17,0,0,0,ok (<0.05%),ok (<0.05%),ok (<0.05%)
2020,GA,02,161397,111620,273034,273034,161397,111620,273017,29,0,0,-6.226330786641957e-5,ok (<0.05%),ok (<0.05%),ok (<0.05%)
2020,GA,03,129792,241526,371318,371318,129792,241526,371318,13,0,0,0,ok (<0.05%),ok (<0.05%),ok (<0.05%)
2020,GA,04,278906,69393,348299,348299,278906,69393,348299,4,0,0,0,ok (<0.05%),ok (<0.05%),ok (<0.05%)
2020,GA,05,301857,52646,354503,354503,301857,52646,354503,3,0,0,0,ok (<0.05%),ok (<0.05%),ok (<0.05%)
2020,GA,06,216775,180329,397104,397104,216775,180329,397104,3,0,0,0,ok (<0.05%),ok (<0.05%),ok (<0.05%)
2020,GA,07,190900,180564,371464,371464,190900,180564,371464,2,0,0,0,ok (<0.05%),ok (<0.05%),ok (<0.05%)
2020,GA,08,109264,198701,308013,308013,109264,198701,307965,24,0,0,-1.5583757828403346e-4,ok (<0.05%),ok (<0.05%),ok (<0.05%)
2020,GA,09,79797,292750,372547,372547,79797,292750,372547,20,0,0,0,ok (<0.05%),ok (<0.05%),ok (<0.05%)
2020,GA,10,142636,235810,378446,378446,142636,235810,378446,25,0,0,0,ok (<0.05%),ok (<0.05%),ok (<0.05%)
2020,GA,11,160623,245259,405882,405882,160623,245259,405882,4,0,0,0,ok (<0.05%),ok (<0.05%),ok (<0.05%)
2020,GA,12,129061,181038,310099,310099,129061,181038,310099,19,0,0,0,ok (<0.05%),ok (<0.05%),ok (<0.05%)
2020,GA,13,279045,81476,360582,360582,279045,81476,360521,6,0,0,-1.6917095140633754e-4,ok (<0.05%),ok (<0.05%),ok (<0.05%)
2020,GA,14,77798,229827,307625,307625,77798,229827,307625,12,0,0,0,ok (<0.05%),ok (<0.05%),ok (<0.05%)
2020,GU,00,17557,0,17557,17557,NA,NA,NA,NA,NA,NA,NA,MISSING,MISSING,MISSING
2020,IA,01,201347,212088,413435,413869,201347,212088,413869,20,0,0,0,ok (<0.05%),ok (<0.05%),ok (<0.05%)
2020,IA,02,196958,196964,393922,394625,196855,196891,394449,24,-5.229541323530905e-4,-3.706261042627079e-4,-4.45993031358885e-4,small (<0.5%),ok (<0.05%),ok (<0.05%)
2020,IA,03,219205,212997,447563,447947,219205,212997,447947,16,0,0,0,ok (<0.05%),ok (<0.05%),ok (<0.05%)
2020,IA,04,144761,237369,382130,383022,144761,237369,383022,39,0,0,0,ok (<0.05%),ok (<0.05%),ok (<0.05%)
2020,ID,01,131380,310736,458576,458576,131380,310736,458576,19,0,0,0,ok (<0.05%),ok (<0.05%),ok (<0.05%)
2020,ID,02,124151,250669,391333,391333,124151,250669,391333,26,0,0,0,ok (<0.05%),ok (<0.05%),ok (<0.05%)
2020,IL,01,239943,85027,325123,325123,239943,85027,325123,2,0,0,0,ok (<0.05%),ok (<0.05%),ok (<0.05%)
2020,IL,02,234896,63142,298038,298038,234896,63142,298038,3,0,0,0,ok (<0.05%),ok (<0.05%),ok (<0.05%)
2020,IL,03,172997,133851,306848,306848,172997,133851,306848,3,0,0,0,ok (<0.05%),ok (<0.05%),ok (<0.05%)
2020,IL,04,187219,35518,222737,222737,187219,35518,222737,1,0,0,0,ok (<0.05%),ok (<0.05%),ok (<0.05%)
2020,IL,05,255661,96200,361271,361271,255661,96200,361271,2,0,0,0,ok (<0.05%),ok (<0.05%),ok (<0.05%)
2020,IL,06,213777,183891,404747,404747,213777,183891,404747,5,0,0,0,ok (<0.05%),ok (<0.05%),ok (<0.05%)
2020,IL,07,249383,41390,310128,310128,249383,41390,310128,1,0,0,0,ok (<0.05%),ok (<0.05%),ok (<0.05%)
2020,IL,08,186251,0,254578,254578,186251,0,254578,3,0,0,0,ok (<0.05%),ok (<0.05%),ok (<0.05%)
2020,IL,09,262045,107125,369170,369170,262045,107125,369170,1,0,0,0,ok (<0.05%),ok (<0.05%),ok (<0.05%)
2020,IL,10,202402,114442,316874,316874,202402,114442,316874,2,0,0,0,ok (<0.05%),ok (<0.05%),ok (<0.05%)
2020,IL,11,194557,112807,307377,307377,194557,112807,307377,5,0,0,0,ok (<0.05%),ok (<0.05%),ok (<0.05%)
2020,IL,12,127577,194839,322416,322416,127577,194839,322416,12,0,0,0,ok (<0.05%),ok (<0.05%),ok (<0.05%)
2020,IL,13,151648,181373,333021,333021,151648,181373,333021,14,0,0,0,ok (<0.05%),ok (<0.05%),ok (<0.05%)
2020,IL,14,203209,197835,401052,401052,203209,197835,401052,7,0,0,0,ok (<0.05%),ok (<0.05%),ok (<0.05%)
2020,IL,15,88559,244947,333506,333506,88559,244947,333506,33,0,0,0,ok (<0.05%),ok (<0.05%),ok (<0.05%)
2020,IL,16,119313,218839,338159,338159,119313,218839,338159,14,0,0,0,ok (<0.05%),ok (<0.05%),ok (<0.05%)
2020,IL,17,156011,143863,299895,299895,156011,143863,299895,14,0,0,0,ok (<0.05%),ok (<0.05%),ok (<0.05%)
2020,IL,18,110039,261840,371879,371879,110039,261840,371879,19,0,0,0,ok (<0.05%),ok (<0.05%),ok (<0.05%)
2020,IN,01,185180,132247,326948,326948,185180,132247,326948,3,0,0,0,ok (<0.05%),ok (<0.05%),ok (<0.05%)
2020,IN,02,114967,183601,298568,298568,114967,183601,298568,10,0,0,0,ok (<0.05%),ok (<0.05%),ok (<0.05%)
2020,IN,03,104762,220989,325751,325751,104762,220989,325751,12,0,0,0,ok (<0.05%),ok (<0.05%),ok (<0.05%)
2020,IN,04,112984,225531,338515,338515,112984,225531,338515,16,0,0,0,ok (<0.05%),ok (<0.05%),ok (<0.05%)
2020,IN,05,191226,208212,416226,416226,191226,208212,416226,8,0,0,0,ok (<0.05%),ok (<0.05%),ok (<0.05%)
2020,IN,06,91103,225319,328213,328213,91103,225319,328213,19,0,0,0,ok (<0.05%),ok (<0.05%),ok (<0.05%)
2020,IN,07,176422,106146,282568,282568,176422,106146,282568,1,0,0,0,ok (<0.05%),ok (<0.05%),ok (<0.05%)
2020,IN,08,95691,214643,320617,320617,95691,214643,320617,19,0,0,0,ok (<0.05%),ok (<0.05%),ok (<0.05%)
2020,IN,09,122566,222057,359038,359038,122566,222057,359038,13,0,0,0,ok (<0.05%),ok (<0.05%),ok (<0.05%)
2020,KS,01,84393,208229,292622,292622,84393,208229,292622,63,0,0,0,ok (<0.05%),ok (<0.05%),ok (<0.05%)
2020,KS,02,136650,185464,336315,336315,136650,185464,336378,25,0,0,1.8732438339057135e-4,ok (<0.05%),ok (<0.05%),ok (<0.05%)
2020,KS,03,220049,178773,410418,410418,220049,178773,410708,3,0,0,7.0659668922903e-4,ok (<0.05%),ok (<0.05%),small (<0.5%)
2020,KS,04,116166,203432,319598,319598,116166,203432,319825,17,0,0,7.102672732620354e-4,ok (<0.05%),ok (<0.05%),small (<0.5%)
2020,KY,01,82141,246329,328470,328470,82122,246308,328430,35,-2.313095774339246e-4,-8.525183798903094e-5,-1.2177672237951716e-4,ok (<0.05%),ok (<0.05%),ok (<0.05%)
2020,KY,02,94643,255735,360399,360399,94638,255728,360385,21,-5.2830108935684625e-5,-2.737208438422586e-5,-3.8845834755368356e-5,ok (<0.05%),ok (<0.05%),ok (<0.05%)
2020,KY,03,230672,137425,368097,368097,230603,137396,367999,1,-2.991260317680516e-4,-2.1102419501546298e-4,-2.66234171970975e-4,ok (<0.05%),ok (<0.05%),ok (<0.05%)
2020,KY,04,125896,256613,382509,382509,125881,256599,382480,20,-1.1914596174620321e-4,-5.4556861889304126e-5,-7.581520957676812e-5,ok (<0.05%),ok (<0.05%),ok (<0.05%)
2020,KY,05,47056,250914,297970,297970,46993,250660,297653,30,-0.0013388303298197892,-0.0010122990347290306,-0.0010638654898144108,small (<0.5%),small (<0.5%),small (<0.5%)
2020,KY,06,155011,216948,378450,378450,154973,216927,378388,19,-2.451438930140442e-4,-9.679738923613032e-5,-1.638261329105562e-4,ok (<0.05%),ok (<0.05%),ok (<0.05%)
2020,LA,01,94730,270330,374369,374369,94730,270330,374369,8,0,0,0,ok (<0.05%),ok (<0.05%),ok (<0.05%)
2020,LA,02,235320,63140,316982,316982,235320,63140,316982,10,0,0,0,ok (<0.05%),ok (<0.05%),ok (<0.05%)
2020,LA,03,100275,230480,340120,340120,100275,230480,340120,10,0,0,0,ok (<0.05%),ok (<0.05%),ok (<0.05%)
2020,LA,04,101970,204608,306578,306578,101970,204608,306578,15,0,0,0,ok (<0.05%),ok (<0.05%),ok (<0.05%)
2020,LA,05,0,79307,79307,79307,99566,209990,309556,24,99566,1.6478116685790662,2.903262007136823,BAD (>=2%),BAD (>=2%),BAD (>=2%)
2020,LA,06,95541,265706,373996,373996,95541,265706,373996,13,0,0,0,ok (<0.05%),ok (<0.05%),ok (<0.05%)
2020,MA,01,275376,0,285332,285332,276650,0,285332,5,0.004626401719830341,0,0,small (<0.5%),ok (<0.05%),ok (<0.05%)
2020,MA,02,249854,132220,382452,382452,249854,132220,382452,5,0,0,0,ok (<0.05%),ok (<0.05%),ok (<0.05%)
2020,MA,03,286896,0,293539,293539,286896,0,293539,3,0,0,0,ok (<0.05%),ok (<0.05%),ok (<0.05%)
2020,MA,04,251102,160474,412823,412823,251102,160474,412823,5,0,0,0,ok (<0.05%),ok (<0.05%),ok (<0.05%)
2020,MA,05,294427,101351,396183,396183,294427,101351,396183,3,0,0,0,ok (<0.05%),ok (<0.05%),ok (<0.05%)
2020,MA,06,286377,150695,437677,437677,286377,150695,437677,2,0,0,0,ok (<0.05%),ok (<0.05%),ok (<0.05%)
2020,MA,07,267362,0,308650,308650,267362,707,308650,3,0,707,0,ok (<0.05%),BAD (>=2%),ok (<0.05%)
2020,MA,08,310940,0,385401,385401,310940,0,385401,4,0,0,0,ok (<0.05%),ok (<0.05%),ok (<0.05%)
2020,MA,09,260262,154261,424601,424601,260262,154261,424601,5,0,0,0,ok (<0.05%),ok (<0.05%),ok (<0.05%)
2020,MD,01,143877,250901,394778,395524,143877,250901,395524,12,0,0,0,ok (<0.05%),ok (<0.05%),ok (<0.05%)
2020,MD,02,224836,106355,331191,332026,224836,106355,332026,5,0,0,0,ok (<0.05%),ok (<0.05%),ok (<0.05%)
2020,MD,03,260358,112117,372475,373206,260358,112117,373206,5,0,0,0,ok (<0.05%),ok (<0.05%),ok (<0.05%)
2020,MD,04,282119,71671,353790,354529,282119,71671,354529,2,0,0,0,ok (<0.05%),ok (<0.05%),ok (<0.05%)
2020,MD,05,274210,123525,397735,398839,274210,123525,398839,5,0,0,0,ok (<0.05%),ok (<0.05%),ok (<0.05%)
2020,MD,06,215540,143599,366078,366434,215540,143599,366434,5,0,0,0,ok (<0.05%),ok (<0.05%),ok (<0.05%)
2020,MD,07,237084,92825,329946,330998,NA,NA,NA,NA,NA,NA,NA,MISSING,MISSING,MISSING
2020,MD,08,274716,127157,401900,402614,274743,127157,402614,3,9.828331804481719e-5,0,0,ok (<0.05%),ok (<0.05%),ok (<0.05%)
2020,ME,01,271004,165008,436012,436027,268214,164529,432756,6,-0.010295050995557262,-0.00290288955686997,-0.007501829015175666,check (0.5-2%),small (<0.5%),check (0.5-2%)
2020,ME,02,197974,175228,373202,373235,196156,174718,370906,11,-0.009183024033458938,-0.0029104937567055495,-0.006240036438168982,check (0.5-2%),small (<0.5%),check (0.5-2%)
2020,MI,01,153328,256581,416219,416219,153329,256581,416220,32,6.521965981425441e-6,0,2.4025813333845886e-6,ok (<0.05%),ok (<0.05%),ok (<0.05%)
2020,MI,02,154122,238711,403247,403247,154122,238711,403247,8,0,0,0,ok (<0.05%),ok (<0.05%),ok (<0.05%)
2020,MI,03,189769,213649,403419,403419,189769,213649,403419,5,0,0,0,ok (<0.05%),ok (<0.05%),ok (<0.05%)
2020,MI,04,120802,242621,373245,373245,120808,242641,373272,15,4.966805185344614e-5,8.243309523907658e-5,7.23385443877346e-5,ok (<0.05%),ok (<0.05%),ok (<0.05%)
2020,MI,05,196599,150772,361032,361032,196632,150804,361102,6,1.6785436345047533e-4,2.1224099965510838e-4,1.9388863037071507e-4,ok (<0.05%),ok (<0.05%),ok (<0.05%)
2020,MI,06,152085,211496,378980,378980,152085,211496,378960,6,0,0,-5.27732334160114e-5,ok (<0.05%),ok (<0.05%),ok (<0.05%)
2020,MI,07,159743,227524,387267,387267,159743,227524,387267,7,0,0,0,ok (<0.05%),ok (<0.05%),ok (<0.05%)
2020,MI,08,217922,202525,428344,428344,217922,202525,428344,3,0,0,0,ok (<0.05%),ok (<0.05%),ok (<0.05%)
2020,MI,09,230318,153296,399117,399117,230318,153296,399117,2,0,0,0,ok (<0.05%),ok (<0.05%),ok (<0.05%)
2020,MI,10,138179,271607,409786,409786,138179,271609,409788,6,0,7.363580467366452e-6,4.880596213633458e-6,ok (<0.05%),ok (<0.05%),ok (<0.05%)
2020,MI,11,226128,215405,450473,450473,226128,215405,450473,2,0,0,0,ok (<0.05%),ok (<0.05%),ok (<0.05%)
2020,MI,12,254957,117719,383823,383823,254957,117719,383823,2,0,0,0,ok (<0.05%),ok (<0.05%),ok (<0.05%)
2020,MI,13,223205,53311,285885,285885,223205,53311,285885,1,0,0,0,ok (<0.05%),ok (<0.05%),ok (<0.05%)
2020,MI,14,271370,62664,342303,342303,271370,62664,342303,2,0,0,0,ok (<0.05%),ok (<0.05%),ok (<0.05%)
2020,MN,01,167890,179234,368572,368856,167890,179234,368856,21,0,0,0,ok (<0.05%),ok (<0.05%),ok (<0.05%)
2020,MN,02,204534,194954,424239,424512,204534,194954,424512,6,0,0,0,ok (<0.05%),ok (<0.05%),ok (<0.05%)
2020,MN,03,246666,196625,443291,443603,246666,196625,443603,3,0,0,0,ok (<0.05%),ok (<0.05%),ok (<0.05%)
2020,MN,04,245813,112730,388080,389114,245813,112730,389114,2,0,0,0,ok (<0.05%),ok (<0.05%),ok (<0.05%)
2020,MN,05,255924,102878,396815,398229,255924,102878,398229,3,0,0,0,ok (<0.05%),ok (<0.05%),ok (<0.05%)
2020,MN,06,140853,270901,411754,412307,140853,270901,412307,8,0,0,0,ok (<0.05%),ok (<0.05%),ok (<0.05%)
2020,MN,07,144840,194066,363115,363477,144840,194066,363477,38,0,0,0,ok (<0.05%),ok (<0.05%),ok (<0.05%)
2020,MN,08,147853,223432,393475,393711,147853,223432,393711,18,0,0,0,ok (<0.05%),ok (<0.05%),ok (<0.05%)
2020,MO,01,249087,59940,316171,316171,249087,59940,316171,2,0,0,0,ok (<0.05%),ok (<0.05%),ok (<0.05%)
2020,MO,02,204540,233157,449348,449348,204540,233157,449348,3,0,0,0,ok (<0.05%),ok (<0.05%),ok (<0.05%)
2020,MO,03,116095,282866,407348,407348,116095,282866,407348,13,0,0,0,ok (<0.05%),ok (<0.05%),ok (<0.05%)
2020,MO,04,107635,245247,362836,362836,107635,245247,362836,24,0,0,0,ok (<0.05%),ok (<0.05%),ok (<0.05%)
2020,MO,05,207180,135934,352430,352430,101592,109164,216751,5,-0.5096437880104258,-0.19693380611178954,-0.3849814147490282,BAD (>=2%),BAD (>=2%),BAD (>=2%)
2020,MO,06,118926,258709,385779,385779,118926,258709,385779,36,0,0,0,ok (<0.05%),ok (<0.05%),ok (<0.05%)
2020,MO,07,98111,254318,369283,369283,98111,254318,369283,11,0,0,0,ok (<0.05%),ok (<0.05%),ok (<0.05%)
2020,MO,08,70561,253811,330226,330226,70561,253811,330226,30,0,0,0,ok (<0.05%),ok (<0.05%),ok (<0.05%)
2020,MP,00,0,0,11449,11449,NA,NA,NA,NA,NA,NA,NA,MISSING,MISSING,MISSING
2020,MS,01,104008,228787,332795,332795,104008,228787,332795,22,0,0,0,ok (<0.05%),ok (<0.05%),ok (<0.05%)
2020,MS,02,196224,101010,297234,297234,196224,101010,297234,26,0,0,0,ok (<0.05%),ok (<0.05%),ok (<0.05%)
2020,MS,03,120782,221064,341846,341846,120782,221064,341846,24,0,0,0,ok (<0.05%),ok (<0.05%),ok (<0.05%)
2020,MS,04,0,255971,255971,255971,0,255140,255140,13,0,-0.0032464615132182942,-0.0032464615132182942,ok (<0.05%),small (<0.5%),small (<0.5%)
2020,MT,00,262340,339169,601509,601509,262340,339169,601509,56,0,0,0,ok (<0.05%),ok (<0.05%),ok (<0.05%)
2020,NC,01,188870,159748,348618,348618,188870,159748,348618,15,0,0,0,ok (<0.05%),ok (<0.05%),ok (<0.05%)
2020,NC,02,311887,172544,495345,495345,311887,172544,495345,1,0,0,0,ok (<0.05%),ok (<0.05%),ok (<0.05%)
2020,NC,03,132752,229800,362552,362552,132752,229800,362552,17,0,0,0,ok (<0.05%),ok (<0.05%),ok (<0.05%)
2020,NC,04,332421,161298,493719,493719,332421,161298,493719,7,0,0,0,ok (<0.05%),ok (<0.05%),ok (<0.05%)
2020,NC,05,119846,257843,385244,385244,119846,257843,385244,11,0,0,0,ok (<0.05%),ok (<0.05%),ok (<0.05%)
2020,NC,06,253531,153598,407129,407129,253531,153598,407129,2,0,0,0,ok (<0.05%),ok (<0.05%),ok (<0.05%)
2020,NC,07,179045,272443,451782,452208,179045,272443,452208,8,0,0,0,ok (<0.05%),ok (<0.05%),ok (<0.05%)
2020,NC,08,177781,202774,380555,380555,177781,202774,380555,7,0,0,0,ok (<0.05%),ok (<0.05%),ok (<0.05%)
2020,NC,09,179463,224661,404124,404124,179463,224661,404124,8,0,0,0,ok (<0.05%),ok (<0.05%),ok (<0.05%)
2020,NC,10,128189,284095,412284,412284,128189,284095,412284,8,0,0,0,ok (<0.05%),ok (<0.05%),ok (<0.05%)
2020,NC,11,190609,245351,450145,450145,190609,245351,450145,17,0,0,0,ok (<0.05%),ok (<0.05%),ok (<0.05%)
2020,NC,12,341457,0,341457,341457,341457,0,341457,1,0,0,0,ok (<0.05%),ok (<0.05%),ok (<0.05%)
2020,NC,13,124684,267181,391865,391865,124684,267181,391865,10,0,0,0,ok (<0.05%),ok (<0.05%),ok (<0.05%)
2020,ND,00,98089,245394,355496,355799,97970,245229,355598,53,-0.0012131839451926313,-6.723880779481161e-4,-5.649257024331153e-4,small (<0.5%),small (<0.5%),small (<0.5%)
2020,NE,01,119622,189006,317566,317566,119622,189006,317566,18,0,0,0,ok (<0.05%),ok (<0.05%),ok (<0.05%)
2020,NE,02,155706,171071,336962,336962,155706,171071,336962,2,0,0,0,ok (<0.05%),ok (<0.05%),ok (<0.05%)
2020,NE,03,50690,225157,286770,286770,50690,225157,286770,75,0,0,0,ok (<0.05%),ok (<0.05%),ok (<0.05%)
2020,NH,01,205606,185159,400512,400661,205606,185159,400661,7,0,0,0,ok (<0.05%),ok (<0.05%),ok (<0.05%)
2020,NH,02,208289,168886,386294,386441,208289,168886,386441,8,0,0,0,ok (<0.05%),ok (<0.05%),ok (<0.05%)
2020,NJ,01,240567,144463,385030,385030,240567,144463,385030,3,0,0,0,ok (<0.05%),ok (<0.05%),ok (<0.05%)
2020,NJ,02,173849,195526,376547,376547,173849,195526,376547,8,0,0,0,ok (<0.05%),ok (<0.05%),ok (<0.05%)
2020,NJ,03,229840,196327,431762,431762,229840,196327,431762,2,0,0,0,ok (<0.05%),ok (<0.05%),ok (<0.05%)
2020,NJ,04,162420,254103,424368,424368,162420,254103,424368,3,0,0,0,ok (<0.05%),ok (<0.05%),ok (<0.05%)
2020,NJ,05,225175,193333,423636,423636,225175,193333,423636,4,0,0,0,ok (<0.05%),ok (<0.05%),ok (<0.05%)
2020,NJ,06,199648,0,326408,326408,199648,126760,326408,2,0,126760,0,ok (<0.05%),BAD (>=2%),ok (<0.05%)
2020,NJ,07,219688,214359,434047,434047,219688,214359,434047,6,0,0,0,ok (<0.05%),ok (<0.05%),ok (<0.05%)
2020,NJ,08,176758,58686,238773,238773,176758,58686,238773,4,0,0,0,ok (<0.05%),ok (<0.05%),ok (<0.05%)
2020,NJ,09,203674,98629,309542,309542,203674,98629,309542,3,0,0,0,ok (<0.05%),ok (<0.05%),ok (<0.05%)
2020,NJ,10,241522,40298,290009,290009,241522,40298,290009,3,0,0,0,ok (<0.05%),ok (<0.05%),ok (<0.05%)
2020,NJ,11,235163,206013,441176,441176,235163,206013,441176,4,0,0,0,ok (<0.05%),ok (<0.05%),ok (<0.05%)
2020,NJ,12,230883,114591,351725,351725,230883,114591,351725,4,0,0,0,ok (<0.05%),ok (<0.05%),ok (<0.05%)
2020,NM,01,186953,134337,321290,321290,186953,134337,321290,5,0,0,0,ok (<0.05%),ok (<0.05%),ok (<0.05%)
2020,NM,02,122546,142283,264946,264946,122517,142277,264794,19,-2.3664583095327468e-4,-4.21694791366502e-5,-5.737018109350585e-4,ok (<0.05%),ok (<0.05%),small (<0.5%)
2020,NM,03,186282,131166,317448,317448,186262,131161,317423,16,-1.0736410388550692e-4,-3.8119634661421404e-5,-7.8753055618558e-5,ok (<0.05%),ok (<0.05%),ok (<0.05%)
2020,NV,01,137868,74490,223213,223213,137861,74486,223202,1,-5.077320335393275e-5,-5.3698483017854744e-5,-4.9280283854435e-5,ok (<0.05%),ok (<0.05%),ok (<0.05%)
2020,NV,02,155780,216078,382673,382673,155711,215948,382471,11,-4.4293234048016435e-4,-6.016345949147993e-4,-5.278658280045888e-4,ok (<0.05%),small (<0.5%),small (<0.5%)
2020,NV,03,203421,190975,417252,417252,203401,190947,417201,1,-9.831826605905978e-5,-1.4661604922110223e-4,-1.2222829369302004e-4,ok (<0.05%),ok (<0.05%),ok (<0.05%)
2020,NV,04,168457,152284,332469,332469,168404,152193,332320,7,-3.146203482194269e-4,-5.975677024506842e-4,-4.481620842845498e-4,ok (<0.05%),small (<0.5%),ok (<0.05%)
2020,NY,01,169294,205715,375009,375116,169294,205715,375116,1,0,0,0,ok (<0.05%),ok (<0.05%),ok (<0.05%)
2020,NY,02,154246,177379,335073,335163,154246,177379,335163,2,0,0,0,ok (<0.05%),ok (<0.05%),ok (<0.05%)
2020,NY,03,208555,161931,372642,372781,208555,161931,372745,3,0,0,-9.657144543310953e-5,ok (<0.05%),ok (<0.05%),ok (<0.05%)
2020,NY,04,199762,153007,355793,355912,199762,153007,355912,1,0,0,0,ok (<0.05%),ok (<0.05%),ok (<0.05%)
2020,NY,05,229125,0,229125,230679,229125,0,229240,2,0,0,-0.006238105766021181,ok (<0.05%),ok (<0.05%),check (0.5-2%)
2020,NY,06,158862,74829,233691,233914,158862,74829,233691,1,0,0,-9.533418264832374e-4,ok (<0.05%),ok (<0.05%),small (<0.5%)
2020,NY,07,191073,32520,225115,225453,191073,32520,225115,3,0,0,-0.0014992038251875114,ok (<0.05%),ok (<0.05%),small (<0.5%)
2020,NY,08,234933,42007,276940,277169,234933,42007,276940,2,0,0,-8.262107234214504e-4,ok (<0.05%),ok (<0.05%),small (<0.5%)
2020,NY,09,230221,43950,276867,277248,230221,43950,276867,1,0,0,-0.001374220914127424,ok (<0.05%),ok (<0.05%),small (<0.5%)
2020,NY,10,206310,66889,276569,276976,206310,66889,276569,2,0,0,-0.001469441395644388,ok (<0.05%),ok (<0.05%),small (<0.5%)
2020,NY,11,137198,155608,292806,293314,137198,155608,292806,2,0,0,-0.0017319323319036936,ok (<0.05%),ok (<0.05%),small (<0.5%)
2020,NY,12,265172,53061,322248,323021,265172,53061,322248,3,0,0,-0.002393033270282737,ok (<0.05%),ok (<0.05%),small (<0.5%)
2020,NY,13,231841,19829,254965,255370,231841,19829,254965,2,0,0,-0.001585934134784822,ok (<0.05%),ok (<0.05%),small (<0.5%)
2020,NY,14,152661,58440,213101,213293,152661,58440,213101,2,0,0,-9.001701884262494e-4,ok (<0.05%),ok (<0.05%),small (<0.5%)
2020,NY,15,169533,21221,190754,191037,169533,21221,190754,1,0,0,-0.0014813884221381197,ok (<0.05%),ok (<0.05%),small (<0.5%)
2020,NY,16,218514,0,259608,260090,218514,0,259896,2,0,0,-7.458956515052482e-4,ok (<0.05%),ok (<0.05%),small (<0.5%)
2020,NY,17,197354,117309,332658,332872,197354,117309,332784,2,0,0,-2.643658823812156e-4,ok (<0.05%),ok (<0.05%),ok (<0.05%)
2020,NY,18,187444,145145,335753,335871,187439,145140,335876,4,-2.667463349053584e-5,-3.444831031037927e-5,1.4886667798053419e-5,ok (<0.05%),ok (<0.05%),ok (<0.05%)
2020,NY,19,192100,151475,350598,352771,190918,149878,349940,11,-0.006153045288912025,-0.010542993893381746,-0.00802503607155917,check (0.5-2%),check (0.5-2%),check (0.5-2%)
2020,NY,20,219705,139446,359151,359342,218681,138325,357197,5,-0.004660795157142532,-0.008038954147125053,-0.005969243784472731,small (<0.5%),check (0.5-2%),check (0.5-2%)
2020,NY,21,131995,188655,320650,320788,131994,188645,320784,12,-7.576044547141937e-6,-5.3006811375261724e-5,-1.246929436263202e-5,ok (<0.05%),ok (<0.05%),ok (<0.05%)
2020,NY,22,155989,156098,318867,319638,155989,156098,319006,8,0,0,-0.001977236749072388,ok (<0.05%),ok (<0.05%),small (<0.5%)
2020,NY,23,128976,181021,313647,313765,131572,184014,319437,11,0.020127775710209652,0.01653399329359577,0.018077223399678103,BAD (>=2%),check (0.5-2%),check (0.5-2%)
2020,NY,24,147877,182809,343950,344127,147877,182808,344126,4,0,-5.470190198513202e-6,-2.9059039250044314e-6,ok (<0.05%),ok (<0.05%),ok (<0.05%)
2020,NY,25,206396,136198,347919,348098,206396,136198,348098,1,0,0,0,ok (<0.05%),ok (<0.05%),ok (<0.05%)
2020,NY,26,223366,91706,319703,319947,223276,91687,319835,2,-4.0292613916173456e-4,-2.0718382657623275e-4,-3.5005797835266464e-4,ok (<0.05%),ok (<0.05%),ok (<0.05%)
2020,NY,27,149449,228885,383211,383331,149559,229044,383608,8,7.360370427369872e-4,6.946719968543155e-4,7.226130941666601e-4,small (<0.5%),small (<0.5%),small (<0.5%)
2020,OH,01,172022,199560,385285,385285,172022,199560,385285,88,0,0,0,ok (<0.05%),ok (<0.05%),ok (<0.05%)
2020,OH,02,146781,230430,377248,377248,146781,230430,377248,88,0,0,0,ok (<0.05%),ok (<0.05%),ok (<0.05%)
2020,OH,03,227420,93569,321092,321092,227420,93569,321092,88,0,0,0,ok (<0.05%),ok (<0.05%),ok (<0.05%)
2020,OH,04,101897,235875,347626,347626,101897,235875,347626,14,0,0,0,ok (<0.05%),ok (<0.05%),ok (<0.05%)
2020,OH,05,120962,257019,377981,377981,120962,257019,377981,14,0,0,0,ok (<0.05%),ok (<0.05%),ok (<0.05%)
2020,OH,06,85661,249130,334791,334791,85661,249130,334791,18,0,0,0,ok (<0.05%),ok (<0.05%),ok (<0.05%)
2020,OH,07,0,236607,350549,350549,102271,236607,350549,10,102271,0,0,BAD (>=2%),ok (<0.05%),ok (<0.05%)
2020,OH,08,110766,246277,357157,357157,110766,246277,357157,88,0,0,0,ok (<0.05%),ok (<0.05%),ok (<0.05%)
2020,OH,09,190328,111385,301752,301752,190328,111385,301752,88,0,0,0,ok (<0.05%),ok (<0.05%),ok (<0.05%)
2020,OH,10,151976,212972,364948,364948,151976,212972,364948,3,0,0,0,ok (<0.05%),ok (<0.05%),ok (<0.05%)
2020,OH,11,242098,60323,302421,302421,242098,60323,302421,2,0,0,0,ok (<0.05%),ok (<0.05%),ok (<0.05%)
2020,OH,12,182847,241790,437672,437672,182847,241790,437672,7,0,0,0,ok (<0.05%),ok (<0.05%),ok (<0.05%)
2020,OH,13,173631,148648,330801,330801,173631,148648,330801,5,0,0,0,ok (<0.05%),ok (<0.05%),ok (<0.05%)
2020,OH,14,158586,233864,392450,392450,158586,238864,397450,7,0,0.021379947319809803,0.012740476493820868,ok (<0.05%),BAD (>=2%),check (0.5-2%)
2020,OH,15,140183,243103,383361,383361,140183,243103,383361,88,0,0,0,ok (<0.05%),ok (<0.05%),ok (<0.05%)
2020,OH,16,144071,247335,391406,391406,144071,247335,391406,6,0,0,0,ok (<0.05%),ok (<0.05%),ok (<0.05%)
2020,OK,01,109641,213700,335471,335471,109641,213700,335471,5,0,0,0,ok (<0.05%),ok (<0.05%),ok (<0.05%)
2020,OK,02,63472,216511,288527,288527,63472,216511,288527,26,0,0,0,ok (<0.05%),ok (<0.05%),ok (<0.05%)
2020,OK,03,66501,242677,309178,309178,66501,242677,309178,32,0,0,0,ok (<0.05%),ok (<0.05%),ok (<0.05%)
2020,OK,04,90459,213096,314358,314358,90459,213096,314358,15,0,0,0,ok (<0.05%),ok (<0.05%),ok (<0.05%)
2020,OK,05,145658,158191,303849,303849,145658,158191,303849,3,0,0,0,ok (<0.05%),ok (<0.05%),ok (<0.05%)
2020,OR,01,297071,161928,458999,459899,297071,161928,459899,5,0,0,0,ok (<0.05%),ok (<0.05%),ok (<0.05%)
2020,OR,02,168881,273835,456810,457433,168881,273835,457433,20,0,0,0,ok (<0.05%),ok (<0.05%),ok (<0.05%)
2020,OR,03,343574,110570,469885,470506,343574,110570,470506,2,0,0,0,ok (<0.05%),ok (<0.05%),ok (<0.05%)
2020,OR,04,240950,216081,467149,467705,240950,216081,467705,7,0,0,0,ok (<0.05%),ok (<0.05%),ok (<0.05%)
2020,OR,05,234863,204372,451875,452646,234863,204372,452646,7,0,0,0,ok (<0.05%),ok (<0.05%),ok (<0.05%)
2020,PA,01,191875,249804,441679,442648,191875,249804,441679,2,0,0,-0.002189098335471978,ok (<0.05%),ok (<0.05%),small (<0.5%)
2020,PA,02,198140,75022,273162,273397,197841,74947,272788,1,-0.0015090340163520742,-9.997067526858788e-4,-0.0022275299290043416,small (<0.5%),small (<0.5%),small (<0.5%)
2020,PA,03,341708,33671,375379,375898,339178,33583,372761,1,-0.007403982347501376,-0.0026135249918327343,-0.008345349004251153,check (0.5-2%),small (<0.5%),check (0.5-2%)
2020,PA,04,264637,179926,444563,444994,264637,180113,444750,2,0,0.0010393161633115836,-5.483219998471889e-4,ok (<0.05%),small (<0.5%),small (<0.5%)
2020,PA,05,255743,139552,395295,395769,254844,139615,394459,4,-0.0035152477291656077,4.514446227929374e-4,-0.00331001164820893,small (<0.5%),ok (<0.05%),small (<0.5%)
2020,PA,06,226440,177526,403966,404418,226440,177526,403966,2,0,0,-0.0011176554950570944,ok (<0.05%),ok (<0.05%),small (<0.5%)
2020,PA,07,195475,181407,376882,377404,195462,181368,376830,3,-6.650466811612738e-5,-2.1498619127156065e-4,-0.0015209165774607582,ok (<0.05%),ok (<0.05%),small (<0.5%)
2020,PA,08,178004,165783,343787,344231,178004,165783,343787,5,0,0,-0.0012898315375431033,ok (<0.05%),ok (<0.05%),small (<0.5%)
2020,PA,09,118266,232988,351254,351635,118272,232996,351268,8,5.07330931966922e-5,3.433653235359761e-5,-0.0010436958778278613,ok (<0.05%),ok (<0.05%),small (<0.5%)
2020,PA,10,182938,208896,391834,392332,182938,208896,391834,3,0,0,-0.00126933311583047,ok (<0.05%),ok (<0.05%),small (<0.5%)
2020,PA,11,141325,241915,383240,383633,141325,241915,383240,2,0,0,-0.0010244165647897861,ok (<0.05%),ok (<0.05%),small (<0.5%)
2020,PA,12,99199,241035,340234,340867,99216,241052,340268,15,1.7137269528926704e-4,7.052917626070902e-5,-0.001757283632619174,ok (<0.05%),ok (<0.05%),small (<0.5%)
2020,PA,13,96612,267789,364401,364706,96664,267841,364505,10,5.382354158903656e-4,1.9418273342071556e-4,-5.511288544745631e-4,small (<0.5%),ok (<0.05%),small (<0.5%)
2020,PA,14,131895,241688,373583,373996,132028,242054,374082,4,0.0010083778763410288,0.0015143490781503427,2.299489834115873e-4,small (<0.5%),small (<0.5%),ok (<0.05%)
2020,PA,15,92156,255058,347214,347576,92151,255055,347206,14,-5.4255827075827945e-5,-1.1762030596962259e-5,-0.0010645153865629388,ok (<0.05%),ok (<0.05%),small (<0.5%)
2020,PA,16,143962,210088,354050,354403,143962,210086,354048,5,0,-9.519820265793382e-6,-0.0010016845229865435,ok (<0.05%),ok (<0.05%),small (<0.5%)
2020,PA,17,222253,212284,434537,434908,222253,212284,434537,3,0,0,-8.530539792323894e-4,ok (<0.05%),ok (<0.05%),small (<0.5%)
2020,PA,18,266084,118163,384247,385060,266084,118163,384247,1,0,0,-0.0021113592686853996,ok (<0.05%),ok (<0.05%),small (<0.5%)
2020,PR,00,0,0,1245164,1246092,NA,NA,NA,NA,NA,NA,NA,MISSING,MISSING,MISSING
2020,RI,01,158550,0,222307,223860,157863,0,223127,3,-0.004333017975402082,0,-0.00327436790851425,small (<0.5%),ok (<0.05%),small (<0.5%)
2020,RI,02,154086,109894,263980,264557,153615,109858,264047,3,-0.003056734550835248,-3.275884033705207e-4,-0.0019277509194615904,small (<0.5%),ok (<0.05%),small (<0.5%)
2020,SC,01,210627,216042,426669,427111,210627,216042,427111,5,0,0,0,ok (<0.05%),ok (<0.05%),ok (<0.05%)
2020,SC,02,155118,202715,363996,364215,155118,202715,364215,5,0,0,0,ok (<0.05%),ok (<0.05%),ok (<0.05%)
2020,SC,03,95712,237544,333256,333564,95712,237544,333564,11,0,0,0,ok (<0.05%),ok (<0.05%),ok (<0.05%)
2020,SC,04,133023,222126,360239,360550,133023,222126,360550,2,0,0,0,ok (<0.05%),ok (<0.05%),ok (<0.05%)
2020,SC,05,145979,220006,365985,366258,145979,220006,366258,12,0,0,0,ok (<0.05%),ok (<0.05%),ok (<0.05%)
2020,SC,06,197477,89258,289381,289653,197477,89258,289653,16,0,0,0,ok (<0.05%),ok (<0.05%),ok (<0.05%)
2020,SC,07,138863,224993,363856,364091,138863,224993,364091,8,0,0,0,ok (<0.05%),ok (<0.05%),ok (<0.05%)
2020,SD,00,0,321984,321984,397732,0,321984,397732,66,0,0,0,ok (<0.05%),ok (<0.05%),ok (<0.05%)
2020,TN,01,68617,228181,305423,305423,68617,228181,305423,12,0,0,0,ok (<0.05%),ok (<0.05%),ok (<0.05%)
2020,TN,02,109684,238907,353197,353197,109684,238907,353197,7,0,0,0,ok (<0.05%),ok (<0.05%),ok (<0.05%)
2020,TN,03,97687,215571,320299,320299,97687,215571,320299,11,0,0,0,ok (<0.05%),ok (<0.05%),ok (<0.05%)
2020,TN,04,111908,223802,335710,335710,111908,223802,335710,16,0,0,0,ok (<0.05%),ok (<0.05%),ok (<0.05%)
2020,TN,05,252155,0,252169,252169,252155,0,252169,3,0,0,0,ok (<0.05%),ok (<0.05%),ok (<0.05%)
2020,TN,06,83852,257572,349578,349578,83852,257572,349578,19,0,0,0,ok (<0.05%),ok (<0.05%),ok (<0.05%)
2020,TN,07,95839,245188,350635,350635,95839,245188,350635,19,0,0,0,ok (<0.05%),ok (<0.05%),ok (<0.05%)
2020,TN,08,97890,227216,331853,331853,97890,227216,331853,15,0,0,0,ok (<0.05%),ok (<0.05%),ok (<0.05%)
2020,TN,09,187905,48818,242880,242880,187905,48818,242880,1,0,0,0,ok (<0.05%),ok (<0.05%),ok (<0.05%)
2020,TX,01,83016,219726,302742,302742,83008,219716,302724,12,-9.636696540425942e-5,-4.551122761985382e-5,-5.94565669778227e-5,ok (<0.05%),ok (<0.05%),ok (<0.05%)
2020,TX,02,148374,192828,346726,346726,148374,192828,346726,1,0,0,0,ok (<0.05%),ok (<0.05%),ok (<0.05%)
2020,TX,03,179458,230512,418591,418591,179458,230512,418591,1,0,0,0,ok (<0.05%),ok (<0.05%),ok (<0.05%)
2020,TX,04,76326,253837,337803,337803,76237,253693,337873,18,-0.0011660508869847758,-5.672931842087639e-4,2.07221368667537e-4,small (<0.5%),small (<0.5%),ok (<0.05%)
2020,TX,05,100743,173836,280413,280413,100743,173836,280413,7,0,0,0,ok (<0.05%),ok (<0.05%),ok (<0.05%)
2020,TX,06,149530,179507,339992,339992,149530,179507,339992,3,0,0,0,ok (<0.05%),ok (<0.05%),ok (<0.05%)
2020,TX,07,159529,149054,314125,314125,159529,149054,314125,1,0,0,0,ok (<0.05%),ok (<0.05%),ok (<0.05%)
2020,TX,08,97409,277327,382471,382471,97408,277327,382470,9,-1.0265991848802472e-5,0,-2.614577314358474e-6,ok (<0.05%),ok (<0.05%),ok (<0.05%)
2020,TX,09,172938,49575,229107,229107,172938,49575,229107,2,0,0,0,ok (<0.05%),ok (<0.05%),ok (<0.05%)
2020,TX,10,187686,217216,413894,413894,187650,217179,413821,9,-1.91809724753045e-4,-1.70337360047142e-4,-1.763736608890199e-4,ok (<0.05%),ok (<0.05%),ok (<0.05%)
2020,TX,11,53394,232568,291773,291773,53400,232661,291866,29,1.123721766490617e-4,3.998830449588937e-4,3.1874093901766097e-4,ok (<0.05%),ok (<0.05%),ok (<0.05%)
2020,TX,12,121250,233853,367021,367021,121250,233853,367021,3,0,0,0,ok (<0.05%),ok (<0.05%),ok (<0.05%)
2020,TX,13,50477,217124,273508,273508,50475,217121,273503,41,-3.962200606216693e-5,-1.3816989370129512e-5,-1.8281000921362446e-5,ok (<0.05%),ok (<0.05%),ok (<0.05%)
2020,TX,14,118574,190541,309115,309115,118574,190541,309115,4,0,0,0,ok (<0.05%),ok (<0.05%),ok (<0.05%)
2020,TX,15,115605,109017,228917,228917,115606,109019,228920,8,8.650144889926907e-6,1.8345762587486354e-5,1.310518659601515e-5,ok (<0.05%),ok (<0.05%),ok (<0.05%)
2020,TX,16,154108,84006,238114,238114,154108,84006,238114,1,0,0,0,ok (<0.05%),ok (<0.05%),ok (<0.05%)
2020,TX,17,125565,171390,306873,306873,125565,171386,306869,12,0,-2.3338584514849173e-5,-1.3034708169177478e-5,ok (<0.05%),ok (<0.05%),ok (<0.05%)
2020,TX,18,180952,58033,246895,246895,180952,58033,246895,1,0,0,0,ok (<0.05%),ok (<0.05%),ok (<0.05%)
2020,TX,19,60583,198198,265052,265052,60572,198193,265036,29,-1.815690870376178e-4,-2.522729795457068e-5,-6.036551318231894e-5,ok (<0.05%),ok (<0.05%),ok (<0.05%)
2020,TX,20,175078,89628,270723,270723,175078,89628,270723,1,0,0,0,ok (<0.05%),ok (<0.05%),ok (<0.05%)
2020,TX,21,205780,235740,453750,453750,205780,235741,453751,10,0,4.241961482989734e-6,2.2038567493112947e-6,ok (<0.05%),ok (<0.05%),ok (<0.05%)
2020,TX,22,181998,210259,408048,408048,181998,210259,408048,3,0,0,0,ok (<0.05%),ok (<0.05%),ok (<0.05%)
2020,TX,23,137693,149395,295457,295457,137744,149398,295513,29,3.7038919916045115e-4,2.0080993339803876e-5,1.8953688692432402e-4,ok (<0.05%),ok (<0.05%),ok (<0.05%)
2020,TX,24,163326,167910,344021,344021,163326,167910,344021,3,0,0,0,ok (<0.05%),ok (<0.05%),ok (<0.05%)
2020,TX,25,165697,220088,393523,393523,165676,220009,393413,13,-1.2673735794854464e-4,-3.5894733015884555e-4,-2.7952622845424537e-4,ok (<0.05%),ok (<0.05%),ok (<0.05%)
2020,TX,26,161009,261963,432215,432215,161009,261963,432215,3,0,0,0,ok (<0.05%),ok (<0.05%),ok (<0.05%)
2020,TX,27,95466,172305,273253,273253,95466,172305,273253,13,0,0,0,ok (<0.05%),ok (<0.05%),ok (<0.05%)
2020,TX,28,137494,91925,235844,235844,137492,91910,235828,9,-1.4546089283896024e-5,-1.6317650258362796e-4,-6.784145452078493e-5,ok (<0.05%),ok (<0.05%),ok (<0.05%)
2020,TX,29,111305,42840,156473,156473,111305,42840,156473,1,0,0,0,ok (<0.05%),ok (<0.05%),ok (<0.05%)
2020,TX,30,204928,48685,264464,264464,204928,48685,264464,1,0,0,0,ok (<0.05%),ok (<0.05%),ok (<0.05%)
2020,TX,31,176293,212695,398057,398057,174981,211464,395302,2,-0.007442155956277334,-0.00578763017466325,-0.006921119337180354,check (0.5-2%),check (0.5-2%),check (0.5-2%)
2020,TX,32,178542,157867,343687,343687,178542,157867,343687,2,0,0,0,ok (<0.05%),ok (<0.05%),ok (<0.05%)
2020,TX,33,105317,39638,157606,157606,105317,39638,157606,2,0,0,0,ok (<0.05%),ok (<0.05%),ok (<0.05%)
2020,TX,34,111439,84119,201027,201027,111488,84170,201130,11,4.397024381051517e-4,6.062839548734531e-4,5.123689852606863e-4,ok (<0.05%),small (<0.5%),small (<0.5%)
2020,TX,35,176373,80795,269797,269797,176373,80795,269797,6,0,0,0,ok (<0.05%),ok (<0.05%),ok (<0.05%)
2020,TX,36,73418,222712,302549,302549,73410,222712,302541,9,-1.0896510392546787e-4,0,-2.6441997825145677e-5,ok (<0.05%),ok (<0.05%),ok (<0.05%)
2020,UT,01,104194,237988,342351,342351,104194,237987,342327,10,0,-4.201892532396592e-6,-7.01034902775222e-5,ok (<0.05%),ok (<0.05%),ok (<0.05%)
2020,UT,02,129762,208997,354224,354224,129762,208997,354224,14,0,0,0,ok (<0.05%),ok (<0.05%),ok (<0.05%)
2020,UT,03,96067,246674,358927,358927,96067,246674,358844,7,0,0,-2.3124479350954371e-4,ok (<0.05%),ok (<0.05%),ok (<0.05%)
2020,UT,04,175923,179688,376730,376730,175923,179688,377317,4,0,0,0.001558145090648475,ok (<0.05%),ok (<0.05%),small (<0.5%)
2020,VA,01,186923,260614,447537,448178,186923,260614,448178,20,0,0,0,ok (<0.05%),ok (<0.05%),ok (<0.05%)
2020,VA,02,185733,165031,359934,360277,185733,165031,360277,10,0,0,0,ok (<0.05%),ok (<0.05%),ok (<0.05%)
2020,VA,03,233326,107299,340625,341361,233326,107299,341361,8,0,0,0,ok (<0.05%),ok (<0.05%),ok (<0.05%)
2020,VA,04,241142,149625,390767,391345,241142,149625,391345,16,0,0,0,ok (<0.05%),ok (<0.05%),ok (<0.05%)
2020,VA,05,190315,210988,401303,402317,190315,210988,402317,23,0,0,0,ok (<0.05%),ok (<0.05%),ok (<0.05%)
2020,VA,06,134729,246606,381335,381813,134729,246606,381813,19,0,0,0,ok (<0.05%),ok (<0.05%),ok (<0.05%)
2020,VA,07,230893,222623,453516,454339,230893,222623,454339,10,0,0,0,ok (<0.05%),ok (<0.05%),ok (<0.05%)
2020,VA,08,301454,95365,396819,397745,301454,95365,397745,4,0,0,0,ok (<0.05%),ok (<0.05%),ok (<0.05%)
2020,VA,09,0,271851,271851,289274,0,271851,289274,29,0,0,0,ok (<0.05%),ok (<0.05%),ok (<0.05%)
2020,VA,10,268734,206253,474987,475546,268734,206253,475546,8,0,0,0,ok (<0.05%),ok (<0.05%),ok (<0.05%)
2020,VA,11,280725,111380,392105,393241,280725,111380,393241,3,0,0,0,ok (<0.05%),ok (<0.05%),ok (<0.05%)
2020,VI,00,13620,0,15402,15487,NA,NA,NA,NA,NA,NA,NA,MISSING,MISSING,MISSING
2020,VT,00,238833,95830,354301,354840,238833,95832,354825,14,0,2.0870291140561412e-5,-4.227257355427798e-5,ok (<0.05%),ok (<0.05%),ok (<0.05%)
2020,WA,01,249944,176407,426351,426862,249944,176407,426862,4,0,0,0,ok (<0.05%),ok (<0.05%),ok (<0.05%)
2020,WA,02,255252,148384,403636,404598,255252,148384,404598,5,0,0,0,ok (<0.05%),ok (<0.05%),ok (<0.05%)
2020,WA,03,181347,235579,416926,417903,181347,235579,417903,8,0,0,0,ok (<0.05%),ok (<0.05%),ok (<0.05%)
2020,WA,04,102667,202108,304775,305263,102667,202108,305263,8,0,0,0,ok (<0.05%),ok (<0.05%),ok (<0.05%)
2020,WA,05,155737,247815,403552,404360,155737,247815,404360,10,0,0,0,ok (<0.05%),ok (<0.05%),ok (<0.05%)
2020,WA,06,247429,168783,416212,417216,247429,168783,417216,6,0,0,0,ok (<0.05%),ok (<0.05%),ok (<0.05%)
2020,WA,07,387109,78240,465349,466462,387109,78240,466462,2,0,0,0,ok (<0.05%),ok (<0.05%),ok (<0.05%)
2020,WA,08,213123,198423,411546,412112,213123,198423,412112,5,0,0,0,ok (<0.05%),ok (<0.05%),ok (<0.05%)
2020,WA,09,258771,89697,348468,349050,258771,89697,349050,2,0,0,0,ok (<0.05%),ok (<0.05%),ok (<0.05%)
2020,WA,10,288977,0,288977,340407,288977,0,340407,3,0,0,0,ok (<0.05%),ok (<0.05%),ok (<0.05%)
2020,WI,01,163170,238271,401441,401754,163170,238271,401754,6,0,0,0,ok (<0.05%),ok (<0.05%),ok (<0.05%)
2020,WI,02,318523,138306,456829,457205,318523,138306,457205,7,0,0,0,ok (<0.05%),ok (<0.05%),ok (<0.05%)
2020,WI,03,199870,189524,389394,389618,199870,189524,389618,18,0,0,0,ok (<0.05%),ok (<0.05%),ok (<0.05%)
2020,WI,04,232668,70769,311348,311697,232668,70769,311697,2,0,0,0,ok (<0.05%),ok (<0.05%),ok (<0.05%)
2020,WI,05,175902,265434,441336,441599,175902,265434,441599,6,0,0,0,ok (<0.05%),ok (<0.05%),ok (<0.05%)
2020,WI,06,164239,238874,403113,403333,164239,238874,403333,11,0,0,0,ok (<0.05%),ok (<0.05%),ok (<0.05%)
2020,WI,07,162741,252048,414789,415007,162741,252048,415007,26,0,0,0,ok (<0.05%),ok (<0.05%),ok (<0.05%)
2020,WI,08,149558,268173,417731,417838,149558,268173,417838,11,0,0,0,ok (<0.05%),ok (<0.05%),ok (<0.05%)
2020,WV,01,81177,180488,261665,261665,81177,180488,261665,20,0,0,0,ok (<0.05%),ok (<0.05%),ok (<0.05%)
2020,WV,02,100799,172195,272994,272994,100799,172195,272994,17,0,0,0,ok (<0.05%),ok (<0.05%),ok (<0.05%)
2020,WV,03,64927,161585,226512,226512,64927,161585,226512,18,0,0,0,ok (<0.05%),ok (<0.05%),ok (<0.05%)
2020,WY,00,66576,185732,270367,270892,66576,185732,270892,23,0,0,0,ok (<0.05%),ok (<0.05%),ok (<0.05%)
2022,AL,01,0,140592,166961,168150,0,140592,168150,5,0,0,0,ok (<0.05%),ok (<0.05%),ok (<0.05%)
2022,AL,02,58014,137460,198870,198961,58014,137460,198961,16,0,0,0,ok (<0.05%),ok (<0.05%),ok (<0.05%)
2022,AL,03,47859,135602,190326,190406,47859,135602,190406,14,0,0,0,ok (<0.05%),ok (<0.05%),ok (<0.05%)
2022,AL,04,26694,164655,195652,195733,26694,164655,195733,14,0,0,0,ok (<0.05%),ok (<0.05%),ok (<0.05%)
2022,AL,05,62740,142435,211948,212317,62740,142435,212317,5,0,0,0,ok (<0.05%),ok (<0.05%),ok (<0.05%)
2022,AL,06,0,154233,182066,184203,0,154233,184203,5,0,0,0,ok (<0.05%),ok (<0.05%),ok (<0.05%)
2022,AL,07,123233,67416,193861,193940,123233,67416,193940,14,0,0,0,ok (<0.05%),ok (<0.05%),ok (<0.05%)
2022,AR,01,54598,153774,208372,208372,52374,151845,204219,30,-0.040734092823912965,-0.012544383315775098,-0.019930700861920028,BAD (>=2%),check (0.5-2%),check (0.5-2%)
2022,AR,02,86887,147975,246446,246446,86887,147975,246446,8,0,0,0,ok (<0.05%),ok (<0.05%),ok (<0.05%)
2022,AR,03,73541,142401,223588,223588,73541,142401,223588,6,0,0,0,ok (<0.05%),ok (<0.05%),ok (<0.05%)
2022,AR,04,56745,153850,216696,216696,56745,153850,216696,33,0,0,0,ok (<0.05%),ok (<0.05%),ok (<0.05%)
2022,AS,00,0,6637,6637,6637,NA,NA,NA,NA,NA,NA,NA,MISSING,MISSING,MISSING
2022,CA,01,93386,152839,246225,246225,93386,152839,246225,10,0,0,0,ok (<0.05%),ok (<0.05%),ok (<0.05%)
2022,CA,02,308749,0,308749,308749,229720,79029,308749,7,-0.2559652015067255,79029,0,BAD (>=2%),BAD (>=2%),ok (<0.05%)
2022,CA,03,156761,181438,338199,338199,156761,181438,338199,10,0,0,0,ok (<0.05%),ok (<0.05%),ok (<0.05%)
2022,CA,04,176900,84007,260907,260907,176900,84007,260907,5,0,0,0,ok (<0.05%),ok (<0.05%),ok (<0.05%)
2022,CA,05,109506,173524,283030,283030,109506,173524,283030,8,0,0,0,ok (<0.05%),ok (<0.05%),ok (<0.05%)
2022,CA,06,121058,95325,216383,216383,121058,95325,216383,1,0,0,0,ok (<0.05%),ok (<0.05%),ok (<0.05%)
2022,CA,07,150618,70033,220651,220651,150618,70033,220651,3,0,0,0,ok (<0.05%),ok (<0.05%),ok (<0.05%)
2022,CA,08,145501,46634,192135,192135,145501,46634,192135,2,0,0,0,ok (<0.05%),ok (<0.05%),ok (<0.05%)
2022,CA,09,95598,78802,174400,174400,95598,78802,174400,3,0,0,0,ok (<0.05%),ok (<0.05%),ok (<0.05%)
2022,CA,10,198415,0,251380,251380,198415,0,251380,2,0,0,0,ok (<0.05%),ok (<0.05%),ok (<0.05%)
2022,CA,11,220848,42217,263065,263065,220848,42217,263065,1,0,0,0,ok (<0.05%),ok (<0.05%),ok (<0.05%)
2022,CA,12,217110,22859,239969,239969,217110,22859,239969,2,0,0,0,ok (<0.05%),ok (<0.05%),ok (<0.05%)
2022,CA,13,66496,67060,133556,133556,66496,67060,133556,5,0,0,0,ok (<0.05%),ok (<0.05%),ok (<0.05%)
2022,CA,14,137612,60852,198464,198464,137612,60852,198464,1,0,0,0,ok (<0.05%),ok (<0.05%),ok (<0.05%)
2022,CA,15,194874,0,194874,194874,194874,0,194874,2,0,0,0,ok (<0.05%),ok (<0.05%),ok (<0.05%)
2022,CA,16,241007,0,241007,241007,241007,0,241007,2,0,0,0,ok (<0.05%),ok (<0.05%),ok (<0.05%)
2022,CA,17,127853,52400,180253,180253,127853,52400,180253,2,0,0,0,ok (<0.05%),ok (<0.05%),ok (<0.05%)
2022,CA,18,99776,51737,151513,151513,99776,51737,151513,4,0,0,0,ok (<0.05%),ok (<0.05%),ok (<0.05%)
2022,CA,19,194494,88816,283310,283310,194494,88816,283310,4,0,0,0,ok (<0.05%),ok (<0.05%),ok (<0.05%)
2022,CA,20,74934,153847,228781,228781,74886,153567,228453,4,-6.405636960525262e-4,-0.0018199899900550548,-0.0014336854896167077,small (<0.5%),small (<0.5%),small (<0.5%)
2022,CA,21,68074,57573,125647,125647,68120,57850,125970,2,6.757352293092811e-4,0.0048112830667153,0.002570694087403599,small (<0.5%),small (<0.5%),small (<0.5%)
2022,CA,22,49862,52994,102856,102856,49859,52993,102852,3,-6.016605832096587e-5,-1.8870060761595652e-5,-3.888932099245547e-5,ok (<0.05%),ok (<0.05%),ok (<0.05%)
2022,CA,23,65908,103197,169105,169105,65908,103197,169105,3,0,0,0,ok (<0.05%),ok (<0.05%),ok (<0.05%)
2022,CA,24,159019,103533,262552,262552,159019,103533,262552,3,0,0,0,ok (<0.05%),ok (<0.05%),ok (<0.05%)
2022,CA,25,87641,65101,152742,152742,87641,65101,152742,3,0,0,0,ok (<0.05%),ok (<0.05%),ok (<0.05%)
2022,CA,26,134575,112214,246789,246789,134575,112214,246789,2,0,0,0,ok (<0.05%),ok (<0.05%),ok (<0.05%)
2022,CA,27,91892,104624,196516,196516,91892,104624,196516,1,0,0,0,ok (<0.05%),ok (<0.05%),ok (<0.05%)
2022,CA,28,150062,76495,226557,226557,150062,76495,226557,2,0,0,0,ok (<0.05%),ok (<0.05%),ok (<0.05%)
2022,CA,29,119435,0,119435,119435,119435,0,119435,1,0,0,0,ok (<0.05%),ok (<0.05%),ok (<0.05%)
2022,CA,30,211068,0,211068,211068,211068,0,211068,1,0,0,0,ok (<0.05%),ok (<0.05%),ok (<0.05%)
2022,CA,31,91472,62153,153625,153625,91472,62153,153625,1,0,0,0,ok (<0.05%),ok (<0.05%),ok (<0.05%)
2022,CA,32,167411,74618,242029,242029,167411,74618,242029,2,0,0,0,ok (<0.05%),ok (<0.05%),ok (<0.05%)
2022,CA,33,76588,56119,132707,132707,76588,56119,132707,1,0,0,0,ok (<0.05%),ok (<0.05%),ok (<0.05%)
2022,CA,34,121467,0,121467,121467,121467,0,121467,1,0,0,0,ok (<0.05%),ok (<0.05%),ok (<0.05%)
2022,CA,35,75121,55832,130953,130953,75121,55832,130953,3,0,0,0,ok (<0.05%),ok (<0.05%),ok (<0.05%)
2022,CA,36,194299,84264,278563,278563,194299,84264,278563,1,0,0,0,ok (<0.05%),ok (<0.05%),ok (<0.05%)
2022,CA,37,131880,0,131880,131880,131880,0,131880,1,0,0,0,ok (<0.05%),ok (<0.05%),ok (<0.05%)
2022,CA,38,101260,73051,174311,174311,101260,73051,174311,2,0,0,0,ok (<0.05%),ok (<0.05%),ok (<0.05%)
2022,CA,39,75896,55701,131597,131597,75896,55701,131597,1,0,0,0,ok (<0.05%),ok (<0.05%),ok (<0.05%)
2022,CA,40,122722,161589,284311,284311,122722,161589,284311,3,0,0,0,ok (<0.05%),ok (<0.05%),ok (<0.05%)
2022,CA,41,112769,123869,236638,236638,112769,123869,236638,1,0,0,0,ok (<0.05%),ok (<0.05%),ok (<0.05%)
2022,CA,42,99217,45903,145120,145120,99217,45903,145120,1,0,0,0,ok (<0.05%),ok (<0.05%),ok (<0.05%)
2022,CA,43,95462,27985,123447,123447,95462,27985,123447,1,0,0,0,ok (<0.05%),ok (<0.05%),ok (<0.05%)
2022,CA,44,100160,38554,138714,138714,100160,38554,138714,1,0,0,0,ok (<0.05%),ok (<0.05%),ok (<0.05%)
2022,CA,45,103466,113960,217426,217426,103466,113960,217426,2,0,0,0,ok (<0.05%),ok (<0.05%),ok (<0.05%)
2022,CA,46,78041,48257,126298,126298,78041,48257,126298,1,0,0,0,ok (<0.05%),ok (<0.05%),ok (<0.05%)
2022,CA,47,137374,128261,265635,265635,137374,128261,265635,1,0,0,0,ok (<0.05%),ok (<0.05%),ok (<0.05%)
2022,CA,48,101900,155171,257071,257071,101790,154952,256742,2,-0.0010794896957801766,-0.0014113461922653074,-0.001279802078025137,small (<0.5%),small (<0.5%),small (<0.5%)
2022,CA,49,153541,138194,291735,291735,153480,138110,291590,2,-3.9728802078923544e-4,-6.078411508459123e-4,-4.970264109551476e-4,ok (<0.05%),small (<0.5%),ok (<0.05%)
2022,CA,50,168816,99819,268635,268635,168683,99632,268315,1,-7.878400151644394e-4,-0.0018733908374157224,-0.001191207400375975,small (<0.5%),small (<0.5%),small (<0.5%)
2022,CA,51,144186,88886,233072,233072,144129,88843,232972,1,-3.953227081686155e-4,-4.837657223859775e-4,-4.290519667742157e-4,ok (<0.05%),ok (<0.05%),ok (<0.05%)
2022,CA,52,100686,50330,151016,151016,100668,50317,150985,1,-1.7877361301471903e-4,-2.5829525134114843e-4,-2.0527626211792129e-4,ok (<0.05%),ok (<0.05%),ok (<0.05%)
2022,CO,01,226929,49530,282686,282686,226929,49530,282686,3,0,0,0,ok (<0.05%),ok (<0.05%),ok (<0.05%)
2022,CO,02,244107,97700,348839,348839,244107,97700,348839,11,0,0,0,ok (<0.05%),ok (<0.05%),ok (<0.05%)
2022,CO,03,163293,163839,327285,327285,163293,163839,327282,27,0,0,-9.166322929556808e-6,ok (<0.05%),ok (<0.05%),ok (<0.05%)
2022,CO,04,129619,216024,354513,354513,129619,216024,354513,21,0,0,0,ok (<0.05%),ok (<0.05%),ok (<0.05%)
2022,CO,05,111978,155528,277964,277964,111978,155528,277964,1,0,0,0,ok (<0.05%),ok (<0.05%),ok (<0.05%)
2022,CO,06,170140,105084,280755,280755,170140,105084,280755,5,0,0,0,ok (<0.05%),ok (<0.05%),ok (<0.05%)
2022,CO,07,204984,150510,363601,363601,204984,150510,363601,11,0,0,0,ok (<0.05%),ok (<0.05%),ok (<0.05%)
2022,CO,08,114377,112745,236501,236501,114377,112745,236501,3,0,0,0,ok (<0.05%),ok (<0.05%),ok (<0.05%)
2022,CT,01,149556,91506,243913,243913,149556,91506,243913,3,0,0,0,ok (<0.05%),ok (<0.05%),ok (<0.05%)
2022,CT,02,165946,114506,285031,285031,165946,114506,285030,6,0,0,-3.508390315439373e-6,ok (<0.05%),ok (<0.05%),ok (<0.05%)
2022,CT,03,137924,98704,242651,242651,137924,98704,242651,3,0,0,0,ok (<0.05%),ok (<0.05%),ok (<0.05%)
2022,CT,04,140262,95822,236084,236084,140262,95822,236084,2,0,0,0,ok (<0.05%),ok (<0.05%),ok (<0.05%)
2022,CT,05,127838,125834,253672,253672,127838,125820,253658,4,0,-1.1125768870098701e-4,-5.518937840991517e-5,ok (<0.05%),ok (<0.05%),ok (<0.05%)
2022,DE,00,178416,138201,321667,321667,178416,138201,321649,3,0,0,-5.595849123472411e-5,ok (<0.05%),ok (<0.05%),ok (<0.05%)
2022,FL,01,93467,197349,290816,290816,93467,197349,290816,4,0,0,0,ok (<0.05%),ok (<0.05%),ok (<0.05%)
2022,FL,02,121153,180236,301389,301389,121153,180236,301389,16,0,0,0,ok (<0.05%),ok (<0.05%),ok (<0.05%)
2022,FL,03,103382,178101,284893,284893,103382,178101,284893,12,0,0,0,ok (<0.05%),ok (<0.05%),ok (<0.05%)
2022,FL,04,108402,165696,274103,274103,108402,165696,274432,3,0,0,0.0012002787273397227,ok (<0.05%),ok (<0.05%),small (<0.5%)
2022,FL,06,0,226548,300755,300755,0,226548,300755,6,0,0,0,ok (<0.05%),ok (<0.05%),ok (<0.05%)
2022,FL,07,126079,177966,304055,304055,126079,177965,304356,2,0,-5.619050829933808e-6,9.899524757034088e-4,ok (<0.05%),ok (<0.05%),small (<0.5%)
2022,FL,08,120080,222128,342208,342208,120080,222128,342208,3,0,0,0,ok (<0.05%),ok (<0.05%),ok (<0.05%)
2022,FL,09,108541,93827,202368,202368,108541,93827,202368,3,0,0,0,ok (<0.05%),ok (<0.05%),ok (<0.05%)
2022,FL,10,117955,78844,199910,199910,117955,78844,199910,1,0,0,0,ok (<0.05%),ok (<0.05%),ok (<0.05%)
2022,FL,11,115647,205995,326609,326609,115647,205995,326609,4,0,0,0,ok (<0.05%),ok (<0.05%),ok (<0.05%)
2022,FL,12,95390,226601,321995,321995,95390,226601,322432,3,0,0,0.0013571639311169429,ok (<0.05%),ok (<0.05%),small (<0.5%)
2022,FL,13,153876,181487,341546,341546,153876,181487,341863,1,0,0,9.281326673420271e-4,ok (<0.05%),ok (<0.05%),small (<0.5%)
2022,FL,14,149737,113427,263164,263164,149737,113427,263164,2,0,0,0,ok (<0.05%),ok (<0.05%),ok (<0.05%)
2022,FL,15,102835,145219,248054,248054,102835,145219,248054,3,0,0,0,ok (<0.05%),ok (<0.05%),ok (<0.05%)
2022,FL,16,115575,189762,305358,305358,115575,189762,305695,2,0,0,0.0011036226331060592,ok (<0.05%),ok (<0.05%),small (<0.5%)
2022,FL,17,123798,222483,348506,348506,123798,222483,348506,3,0,0,0,ok (<0.05%),ok (<0.05%),ok (<0.05%)
2022,FL,18,0,167429,224234,224234,0,167429,225386,8,0,0,0.005137490300311282,ok (<0.05%),ok (<0.05%),check (0.5-2%)
2022,FL,19,100226,213035,313274,313274,100226,213035,313500,2,0,0,7.214132037768854e-4,ok (<0.05%),ok (<0.05%),small (<0.5%)
2022,FL,20,136215,52151,188366,188366,136215,52151,188366,2,0,0,0,ok (<0.05%),ok (<0.05%),ok (<0.05%)
2022,FL,21,119891,208614,328505,328505,119891,208614,328505,3,0,0,0,ok (<0.05%),ok (<0.05%),ok (<0.05%)
2022,FL,22,150010,122194,272204,272204,150010,122194,272204,1,0,0,0,ok (<0.05%),ok (<0.05%),ok (<0.05%)
2022,FL,23,143951,130681,279049,279049,143951,130681,279049,2,0,0,0,ok (<0.05%),ok (<0.05%),ok (<0.05%)
2022,FL,24,133442,52449,185891,185891,133442,52449,185891,2,0,0,0,ok (<0.05%),ok (<0.05%),ok (<0.05%)
2022,FL,25,129113,105239,234352,234352,129113,105239,234352,1,0,0,0,ok (<0.05%),ok (<0.05%),ok (<0.05%)
2022,FL,26,58868,143240,202108,202108,58868,143240,202108,2,0,0,0,ok (<0.05%),ok (<0.05%),ok (<0.05%)
2022,FL,27,101404,136038,237442,237442,101404,136038,237442,1,0,0,0,ok (<0.05%),ok (<0.05%),ok (<0.05%)
2022,FL,28,76665,134457,211150,211150,76665,134457,211463,2,0,0,0.0014823585129055173,ok (<0.05%),ok (<0.05%),small (<0.5%)
2022,GA,01,107837,156128,263965,263965,107837,156128,263965,15,0,0,0,ok (<0.05%),ok (<0.05%),ok (<0.05%)
2022,GA,02,132675,108665,241340,241340,132675,108665,241340,30,0,0,0,ok (<0.05%),ok (<0.05%),ok (<0.05%)
2022,GA,03,97057,213524,310581,310581,97057,213524,310581,15,0,0,0,ok (<0.05%),ok (<0.05%),ok (<0.05%)
2022,GA,04,216332,59302,275634,275634,216332,59302,275634,3,0,0,0,ok (<0.05%),ok (<0.05%),ok (<0.05%)
2022,GA,05,243687,51769,295456,295456,243687,51769,295456,3,0,0,0,ok (<0.05%),ok (<0.05%),ok (<0.05%)
2022,GA,06,125612,206886,332498,332498,125612,206886,332498,6,0,0,0,ok (<0.05%),ok (<0.05%),ok (<0.05%)
2022,GA,07,143063,91262,234339,234339,143063,91262,234325,2,0,0,-5.974250978283598e-5,ok (<0.05%),ok (<0.05%),ok (<0.05%)
2022,GA,08,81886,178700,260586,260586,81886,178700,260586,29,0,0,0,ok (<0.05%),ok (<0.05%),ok (<0.05%)
2022,GA,09,81318,212820,294138,294138,81318,212820,294138,14,0,0,0,ok (<0.05%),ok (<0.05%),ok (<0.05%)
2022,GA,10,109107,198523,307630,307630,109107,198523,307630,18,0,0,0,ok (<0.05%),ok (<0.05%),ok (<0.05%)
2022,GA,11,113571,190086,303657,303657,113571,190086,303657,4,0,0,0,ok (<0.05%),ok (<0.05%),ok (<0.05%)
2022,GA,12,107148,158047,265195,265195,107148,158047,265195,24,0,0,0,ok (<0.05%),ok (<0.05%),ok (<0.05%)
2022,GA,13,216388,48228,264616,264616,216388,48228,264616,6,0,0,0,ok (<0.05%),ok (<0.05%),ok (<0.05%)
2022,GA,14,88189,170162,258351,258351,88189,170162,258351,11,0,0,0,ok (<0.05%),ok (<0.05%),ok (<0.05%)
2022,GU,00,15636,17260,32896,33116,NA,NA,NA,NA,NA,NA,NA,MISSING,MISSING,MISSING
2022,IA,01,142173,162947,305120,305380,142173,162947,305380,20,0,0,0,ok (<0.05%),ok (<0.05%),ok (<0.05%)
2022,IA,02,145940,172181,318121,318399,145940,172181,318399,22,0,0,0,ok (<0.05%),ok (<0.05%),ok (<0.05%)
2022,IA,03,154117,156262,310379,310913,154117,156262,310913,21,0,0,0,ok (<0.05%),ok (<0.05%),ok (<0.05%)
2022,IA,04,84230,186467,276732,277008,84230,186467,277008,36,0,0,0,ok (<0.05%),ok (<0.05%),ok (<0.05%)
2022,ID,01,82261,222901,312442,312442,82261,222901,312442,19,0,0,0,ok (<0.05%),ok (<0.05%),ok (<0.05%)
2022,ID,02,98736,172450,271186,271186,98281,170973,269254,25,-0.0046082482579808785,-0.008564801391707741,-0.007124261576925062,small (<0.5%),check (0.5-2%),check (0.5-2%)
2022,IL,01,159142,78258,237425,237425,159142,78258,237425,3,0,0,0,ok (<0.05%),ok (<0.05%),ok (<0.05%)
2022,IL,02,140414,68761,209175,209175,140414,68761,209175,8,0,0,0,ok (<0.05%),ok (<0.05%),ok (<0.05%)
2022,IL,03,121764,55995,177759,177759,121764,55995,177759,2,0,0,0,ok (<0.05%),ok (<0.05%),ok (<0.05%)
2022,IL,04,91036,37352,133047,133047,91036,37352,133047,2,0,0,0,ok (<0.05%),ok (<0.05%),ok (<0.05%)
2022,IL,05,190999,79112,274550,274550,190999,79112,274550,2,0,0,0,ok (<0.05%),ok (<0.05%),ok (<0.05%)
2022,IL,06,150496,126351,276859,276859,150496,126351,276859,2,0,0,0,ok (<0.05%),ok (<0.05%),ok (<0.05%)
2022,IL,07,167650,0,167746,167746,167650,0,167746,1,0,0,0,ok (<0.05%),ok (<0.05%),ok (<0.05%)
2022,IL,08,117880,89335,207215,207215,117880,89335,207215,3,0,0,0,ok (<0.05%),ok (<0.05%),ok (<0.05%)
2022,IL,09,179615,70915,250530,250530,179615,70915,250530,3,0,0,0,ok (<0.05%),ok (<0.05%),ok (<0.05%)
2022,IL,10,152566,89599,242165,242165,152566,89599,242165,3,0,0,0,ok (<0.05%),ok (<0.05%),ok (<0.05%)
2022,IL,11,149172,115069,264241,264241,149172,115069,264241,8,0,0,0,ok (<0.05%),ok (<0.05%),ok (<0.05%)
2022,IL,12,72791,218379,291171,291171,72791,218379,291171,34,0,0,0,ok (<0.05%),ok (<0.05%),ok (<0.05%)
2022,IL,13,141788,108646,250450,250450,141788,108646,250450,7,0,0,0,ok (<0.05%),ok (<0.05%),ok (<0.05%)
2022,IL,14,128141,108451,236600,236600,128141,108451,236600,7,0,0,0,ok (<0.05%),ok (<0.05%),ok (<0.05%)
2022,IL,15,86396,213007,299403,299403,86396,213007,299403,35,0,0,0,ok (<0.05%),ok (<0.05%),ok (<0.05%)
2022,IL,16,100325,197621,297946,297946,100325,197621,297946,21,0,0,0,ok (<0.05%),ok (<0.05%),ok (<0.05%)
2022,IL,17,121186,111931,233123,233123,121186,111931,233123,14,0,0,0,ok (<0.05%),ok (<0.05%),ok (<0.05%)
2022,IN,01,112656,100542,213207,213207,112656,100542,213207,3,0,0,0,ok (<0.05%),ok (<0.05%),ok (<0.05%)
2022,IN,02,62955,125537,194373,194373,62891,125313,194073,11,-0.001016599158128822,-0.001784334498992329,-0.0015434242410211295,small (<0.5%),small (<0.5%),small (<0.5%)
2022,IN,03,60577,131579,201542,201542,60577,131579,201542,13,0,0,0,ok (<0.05%),ok (<0.05%),ok (<0.05%)
2022,IN,04,62834,134864,197698,197698,62834,134864,197698,16,0,0,0,ok (<0.05%),ok (<0.05%),ok (<0.05%)
2022,IN,05,93434,146575,240009,240009,93434,146575,240009,6,0,0,0,ok (<0.05%),ok (<0.05%),ok (<0.05%)
2022,IN,06,62838,130686,193524,193524,62838,130686,193524,11,0,0,0,ok (<0.05%),ok (<0.05%),ok (<0.05%)
2022,IN,07,117309,53631,175180,175180,117309,53631,175180,1,0,0,0,ok (<0.05%),ok (<0.05%),ok (<0.05%)
2022,IN,08,68109,141995,216040,216040,68109,141995,216040,21,0,0,0,ok (<0.05%),ok (<0.05%),ok (<0.05%)
2022,IN,09,75700,143166,225276,225276,75700,143166,225276,18,0,0,0,ok (<0.05%),ok (<0.05%),ok (<0.05%)
2022,KS,01,77092,161333,238425,238425,77092,161333,238425,60,0,0,0,ok (<0.05%),ok (<0.05%),ok (<0.05%)
2022,KS,02,98852,134506,233358,233358,98852,134501,233520,27,0,-3.717306291169167e-5,6.942123261255239e-4,ok (<0.05%),ok (<0.05%),small (<0.5%)
2022,KS,03,165527,128839,301294,301294,165524,128838,301377,5,-1.812393144320866e-5,-7.761624973804515e-6,2.754784363445671e-4,ok (<0.05%),ok (<0.05%),ok (<0.05%)
2022,KS,04,83851,144889,228740,228740,83851,144889,228740,17,0,0,0,ok (<0.05%),ok (<0.05%),ok (<0.05%)
2022,KY,01,61701,184157,245858,245858,61693,184103,245796,35,-1.296575420171472e-4,-2.932280608393925e-4,-2.521780865377576e-4,ok (<0.05%),ok (<0.05%),ok (<0.05%)
2022,KY,02,66769,170487,237256,237256,66767,170486,237253,20,-2.9954020578412138e-5,-5.865549865972185e-6,-1.2644569578851536e-5,ok (<0.05%),ok (<0.05%),ok (<0.05%)
2022,KY,03,160920,98637,259587,259587,160853,98622,259475,1,-4.1635595326870495e-4,-1.5207275160436753e-4,-4.314545797747961e-4,ok (<0.05%),ok (<0.05%),ok (<0.05%)
2022,KY,04,79977,167541,257629,257629,79977,167541,257629,21,0,0,0,ok (<0.05%),ok (<0.05%),ok (<0.05%)
2022,KY,05,38549,177712,216270,216270,38549,177712,216268,33,0,0,-9.247699634715864e-6,ok (<0.05%),ok (<0.05%),ok (<0.05%)
2022,KY,06,83005,154762,246818,246818,83003,154760,246171,16,-2.4094934040118064e-5,-1.2923068970419096e-5,-0.002621364730287094,ok (<0.05%),ok (<0.05%),small (<0.5%)
2022,LA,01,61467,177670,244044,244044,61467,177670,244044,8,0,0,0,ok (<0.05%),ok (<0.05%),ok (<0.05%)
2022,LA,02,158120,46927,205047,205047,158120,46927,205047,10,0,0,0,ok (<0.05%),ok (<0.05%),ok (<0.05%)
2022,LA,03,44813,174864,224552,224552,44813,174864,224552,9,0,0,0,ok (<0.05%),ok (<0.05%),ok (<0.05%)
2022,LA,05,54532,169021,223553,223553,54532,169021,223553,24,0,0,0,ok (<0.05%),ok (<0.05%),ok (<0.05%)
2022,LA,06,0,205219,235928,235928,0,205219,235928,12,0,0,0,ok (<0.05%),ok (<0.05%),ok (<0.05%)
2022,MA,01,157635,98386,256399,256399,157635,98386,256399,5,0,0,0,ok (<0.05%),ok (<0.05%),ok (<0.05%)
2022,MA,02,180639,91956,272871,272871,180639,91956,272871,5,0,0,0,ok (<0.05%),ok (<0.05%),ok (<0.05%)
2022,MA,03,154496,88585,243301,243301,154496,88585,243301,3,0,0,0,ok (<0.05%),ok (<0.05%),ok (<0.05%)
2022,MA,04,201882,0,208279,208279,201882,0,208279,5,0,0,0,ok (<0.05%),ok (<0.05%),ok (<0.05%)
2022,MA,05,203994,71491,275671,275671,203994,71491,275671,3,0,0,0,ok (<0.05%),ok (<0.05%),ok (<0.05%)
2022,MA,06,198119,110770,315081,315081,198119,110770,315081,2,0,0,0,ok (<0.05%),ok (<0.05%),ok (<0.05%)
2022,MA,07,151825,27129,179511,179511,151825,27129,179511,3,0,0,0,ok (<0.05%),ok (<0.05%),ok (<0.05%)
2022,MA,08,189987,82126,272564,272564,189987,82126,272564,4,0,0,0,ok (<0.05%),ok (<0.05%),ok (<0.05%)
2022,MA,09,197823,136347,334320,334320,197823,136347,334320,6,0,0,0,ok (<0.05%),ok (<0.05%),ok (<0.05%)
2022,MD,01,126511,159673,293108,293358,126511,159673,293358,11,0,0,0,ok (<0.05%),ok (<0.05%),ok (<0.05%)
2022,MD,02,158998,109075,268073,268434,158998,109075,268434,3,0,0,0,ok (<0.05%),ok (<0.05%),ok (<0.05%)
2022,MD,03,175514,115801,291315,291602,175514,115801,291602,3,0,0,0,ok (<0.05%),ok (<0.05%),ok (<0.05%)
2022,MD,04,144168,15441,159609,160009,144168,15441,160009,2,0,0,0,ok (<0.05%),ok (<0.05%),ok (<0.05%)
2022,MD,05,182478,94000,276478,276920,182478,94000,276920,5,0,0,0,ok (<0.05%),ok (<0.05%),ok (<0.05%)
2022,MD,06,140295,115771,256066,256398,140295,115771,256398,5,0,0,0,ok (<0.05%),ok (<0.05%),ok (<0.05%)
2022,MD,07,151640,32737,184377,184801,151640,32737,184801,2,0,0,0,ok (<0.05%),ok (<0.05%),ok (<0.05%)
2022,MD,08,211842,47965,263932,264206,211842,47965,264206,2,0,0,0,ok (<0.05%),ok (<0.05%),ok (<0.05%)
2022,ME,01,219753,129263,349176,349176,218802,129172,348133,6,-0.0043275859715225734,-7.039910879369967e-4,-0.0029870323275368294,small (<0.5%),small (<0.5%),small (<0.5%)
2022,ME,02,153074,141260,315989,316382,152406,141088,315000,11,-0.004363902426277487,-0.0012176129123601868,-0.0043681372518032,small (<0.5%),small (<0.5%),small (<0.5%)
2022,MI,01,145403,233094,388599,388599,147601,236897,394898,36,0.015116606947587052,0.016315306271289694,0.016209511604507475,check (0.5-2%),check (0.5-2%),check (0.5-2%)
2022,MI,02,116452,216222,339521,339521,116452,215841,339339,20,0,-0.0017620778644171268,-5.360493165371214e-4,ok (<0.05%),small (<0.5%),small (<0.5%)
2022,MI,03,185989,142229,338988,338988,185989,142229,338988,3,0,0,0,ok (<0.05%),ok (<0.05%),ok (<0.05%)
2022,MI,04,0,183936,338348,338348,143690,183936,338509,6,143690,0,4.758414413562368e-4,BAD (>=2%),ok (<0.05%),ok (<0.05%)
2022,MI,05,110946,198020,317258,317258,110946,198411,318041,10,0,0.0019745480254519747,0.002468022870975673,ok (<0.05%),small (<0.5%),small (<0.5%)
2022,MI,06,241759,125167,366927,366927,241759,125167,367188,4,0,0,7.113131494820496e-4,ok (<0.05%),ok (<0.05%),small (<0.5%)
2022,MI,07,192809,172624,372708,372708,192809,172624,372750,7,0,0,1.126887536623845e-4,ok (<0.05%),ok (<0.05%),ok (<0.05%)
2022,MI,08,178322,143850,335829,335829,161701,125545,299602,4,-0.09320779264476621,-0.1272506082725061,-0.10787335221198883,BAD (>=2%),BAD (>=2%),BAD (>=2%)
2022,MI,09,123702,238300,372922,372922,123702,238300,373237,7,0,0,8.446806570811055e-4,ok (<0.05%),ok (<0.05%),small (<0.5%)
2022,MI,10,157602,159202,326237,326237,157602,159202,326237,2,0,0,0,ok (<0.05%),ok (<0.05%),ok (<0.05%)
2022,MI,11,224537,141642,366179,366179,224537,141642,366179,1,0,0,0,ok (<0.05%),ok (<0.05%),ok (<0.05%)
2022,MI,12,196643,72888,277577,277577,196643,72888,278025,2,0,0,0.0016139665750404392,ok (<0.05%),ok (<0.05%),small (<0.5%)
2022,MI,13,166650,56187,234444,234444,166650,56187,235166,1,0,0,0.0030796266912354337,ok (<0.05%),ok (<0.05%),small (<0.5%)
2022,MN,01,125457,159621,296410,296547,125457,159621,296547,21,0,0,0,ok (<0.05%),ok (<0.05%),ok (<0.05%)
2022,MN,02,165583,148576,324887,325472,165583,148576,325472,5,0,0,0,ok (<0.05%),ok (<0.05%),ok (<0.05%)
2022,MN,03,198883,134797,333680,333921,198883,134797,333921,2,0,0,0,ok (<0.05%),ok (<0.05%),ok (<0.05%)
2022,MN,04,200055,95493,295548,295973,200055,95493,295973,2,0,0,0,ok (<0.05%),ok (<0.05%),ok (<0.05%)
2022,MN,05,214224,70702,284926,288206,214224,70702,288206,3,0,0,0,ok (<0.05%),ok (<0.05%),ok (<0.05%)
2022,MN,06,120852,198145,318997,319767,120852,198145,319767,7,0,0,0,ok (<0.05%),ok (<0.05%),ok (<0.05%)
2022,MN,07,84455,204766,305642,305866,84455,204766,305866,38,0,0,0,ok (<0.05%),ok (<0.05%),ok (<0.05%)
2022,MN,08,141009,188755,329764,330080,141009,188755,330080,21,0,0,0,ok (<0.05%),ok (<0.05%),ok (<0.05%)
2022,MO,01,160999,53767,220958,220958,160999,53767,220958,2,0,0,0,ok (<0.05%),ok (<0.05%),ok (<0.05%)
2022,MO,02,135895,173277,315666,315666,135895,173277,315666,4,0,0,0,ok (<0.05%),ok (<0.05%),ok (<0.05%)
2022,MO,03,96851,180746,277597,277597,96853,180760,277613,16,2.065027722997181e-5,7.745676252863134e-5,5.763751049182808e-5,ok (<0.05%),ok (<0.05%),ok (<0.05%)
2022,MO,04,67069,181890,255079,255079,66824,181287,254218,24,-0.003652954420074848,-0.003315190499752598,-0.0033754248683741115,small (<0.5%),small (<0.5%),small (<0.5%)
2022,MO,05,140688,84008,230555,230555,73062,67399,144574,2,-0.4806806550665302,-0.1977073612036949,-0.3729305371820173,BAD (>=2%),BAD (>=2%),BAD (>=2%)
2022,MO,06,72253,184865,262892,262892,72253,184865,262892,39,0,0,0,ok (<0.05%),ok (<0.05%),ok (<0.05%)
2022,MO,07,67485,178592,251947,251947,67410,178408,251680,10,-0.0011113580795732384,-0.0010302813115929046,-0.00105974669275681,small (<0.5%),small (<0.5%),small (<0.5%)
2022,MO,08,53738,186472,245395,245395,53738,186472,245395,28,0,0,0,ok (<0.05%),ok (<0.05%),ok (<0.05%)
2022,MP,00,12315,0,12315,12315,NA,NA,NA,NA,NA,NA,NA,MISSING,MISSING,MISSING
2022,MS,01,45238,122151,167389,167389,45238,122152,167390,21,0,8.186588730341954e-6,5.974108214996206e-6,ok (<0.05%),ok (<0.05%),ok (<0.05%)
2022,MS,02,108285,71884,180169,180169,108285,71884,180277,30,0,0,5.994371950779546e-4,ok (<0.05%),ok (<0.05%),small (<0.5%)
2022,MS,03,54803,132481,187284,187284,54803,132481,187316,23,0,0,1.7086350142030287e-4,ok (<0.05%),ok (<0.05%),ok (<0.05%)
2022,MS,04,42876,127813,174258,174258,42876,127813,174258,12,0,0,0,ok (<0.05%),ok (<0.05%),ok (<0.05%)
2022,MT,01,115265,123102,247960,247960,NA,NA,NA,NA,NA,NA,NA,MISSING,MISSING,MISSING
2022,MT,02,43480,121979,215672,215672,NA,NA,NA,NA,NA,NA,NA,MISSING,MISSING,MISSING
2022,NC,01,134996,122780,257776,257776,134987,122780,257767,19,-6.666864203383803e-5,0,-3.491403388988889e-5,ok (<0.05%),ok (<0.05%),ok (<0.05%)
2022,NC,02,190714,104155,294869,294869,190714,104155,294869,1,0,0,0,ok (<0.05%),ok (<0.05%),ok (<0.05%)
2022,NC,03,82378,166520,248898,248898,82378,166520,248898,15,0,0,0,ok (<0.05%),ok (<0.05%),ok (<0.05%)
2022,NC,04,194983,96442,291425,291425,194983,96442,291425,6,0,0,0,ok (<0.05%),ok (<0.05%),ok (<0.05%)
2022,NC,05,102269,175279,277548,277548,102268,175279,277547,12,-9.778134136444084e-6,0,-3.602980385374782e-6,ok (<0.05%),ok (<0.05%),ok (<0.05%)
2022,NC,06,139553,116635,258998,258998,139553,116635,258998,4,0,0,0,ok (<0.05%),ok (<0.05%),ok (<0.05%)
2022,NC,07,120222,164047,284269,284269,120043,163886,283929,7,-0.0014889121791352665,-9.814260547282181e-4,-0.0011960502200380626,small (<0.5%),small (<0.5%),small (<0.5%)
2022,NC,08,79192,183998,263190,263190,79192,183998,263190,8,0,0,0,ok (<0.05%),ok (<0.05%),ok (<0.05%)
2022,NC,09,101202,131453,232655,232655,101195,131447,232642,9,-6.916859350605719e-5,-4.56436901402022e-5,-5.587672734306161e-5,ok (<0.05%),ok (<0.05%),ok (<0.05%)
2022,NC,10,73174,194681,267965,268207,73174,194681,268207,9,0,0,0,ok (<0.05%),ok (<0.05%),ok (<0.05%)
2022,NC,11,144165,174232,323912,323912,144157,174231,323903,15,-5.549197100544515e-5,-5.739473805041554e-6,-2.778532440909877e-5,ok (<0.05%),ok (<0.05%),ok (<0.05%)
2022,NC,12,140494,83414,223908,223908,140494,83414,223908,2,0,0,0,ok (<0.05%),ok (<0.05%),ok (<0.05%)
2022,NC,13,143090,134256,277346,277346,143090,134256,277346,4,0,0,0,ok (<0.05%),ok (<0.05%),ok (<0.05%)
2022,NC,14,148738,109014,257752,257752,148738,109014,257752,2,0,0,0,ok (<0.05%),ok (<0.05%),ok (<0.05%)
2022,ND,00,0,148399,238043,238586,0,148399,238586,53,0,0,0,ok (<0.05%),ok (<0.05%),ok (<0.05%)
2022,NE,01,93929,129236,223165,223165,93929,129236,223165,12,0,0,0,ok (<0.05%),ok (<0.05%),ok (<0.05%)
2022,NE,02,106807,112663,219470,219470,106807,112663,219470,3,0,0,0,ok (<0.05%),ok (<0.05%),ok (<0.05%)
2022,NE,03,34836,172700,220552,220552,34836,172700,220552,80,0,0,0,ok (<0.05%),ok (<0.05%),ok (<0.05%)
2022,NH,01,167391,142229,309620,309962,167391,142229,309962,6,0,0,0,ok (<0.05%),ok (<0.05%),ok (<0.05%)
2022,NH,02,171636,135579,307215,307584,171636,135579,307584,9,0,0,0,ok (<0.05%),ok (<0.05%),ok (<0.05%)
2022,NJ,01,139559,78794,223884,223884,139559,78794,223884,3,0,0,0,ok (<0.05%),ok (<0.05%),ok (<0.05%)
2022,NJ,02,94522,139217,236484,236484,94522,139217,236484,6,0,0,0,ok (<0.05%),ok (<0.05%),ok (<0.05%)
2022,NJ,03,150498,118415,271376,271376,150498,118415,271376,3,0,0,0,ok (<0.05%),ok (<0.05%),ok (<0.05%)
2022,NJ,04,81233,173288,258962,258962,81233,173288,258962,2,0,0,0,ok (<0.05%),ok (<0.05%),ok (<0.05%)
2022,NJ,05,145559,117873,265943,265943,145559,117873,265943,3,0,0,0,ok (<0.05%),ok (<0.05%),ok (<0.05%)
2022,NJ,06,106238,75839,184919,184919,106238,75839,184919,2,0,0,0,ok (<0.05%),ok (<0.05%),ok (<0.05%)
2022,NJ,07,150701,159392,310093,310093,150701,159392,310093,6,0,0,0,ok (<0.05%),ok (<0.05%),ok (<0.05%)
2022,NJ,08,78382,24957,106473,106473,78382,24957,106473,3,0,0,0,ok (<0.05%),ok (<0.05%),ok (<0.05%)
2022,NJ,09,82457,65365,149984,149984,82457,65365,149984,3,0,0,0,ok (<0.05%),ok (<0.05%),ok (<0.05%)
2022,NJ,10,100710,25993,129707,129707,100710,25993,129707,3,0,0,0,ok (<0.05%),ok (<0.05%),ok (<0.05%)
2022,NJ,11,161436,109952,273664,273664,161436,109952,273664,3,0,0,0,ok (<0.05%),ok (<0.05%),ok (<0.05%)
2022,NJ,12,125127,71175,198227,198227,125127,71175,198227,4,0,0,0,ok (<0.05%),ok (<0.05%),ok (<0.05%)
2022,NM,01,156462,124151,280671,280671,156461,124151,280612,10,-6.3913282458360494e-6,0,-2.1021053119132366e-4,ok (<0.05%),ok (<0.05%),ok (<0.05%)
2022,NM,02,96986,95636,192673,192673,96967,95622,192589,15,-1.9590456354525395e-4,-0.00014638838930946505,-4.3597182791569136e-4,ok (<0.05%),ok (<0.05%),ok (<0.05%)
2022,NM,03,134217,96565,230782,230782,134202,96556,230758,18,-1.1175931513891683e-4,-9.32014705120903e-5,-1.039942456517406e-4,ok (<0.05%),ok (<0.05%),ok (<0.05%)
2022,NV,01,115700,103115,224349,224349,115689,103099,224321,1,-9.507346585998271e-5,-1.5516656160597392e-4,-1.2480554849809893e-4,ok (<0.05%),ok (<0.05%),ok (<0.05%)
2022,NV,02,117371,185467,310498,310498,117327,185355,310336,12,-3.748796551107173e-4,-6.038810138730879e-4,-5.217424910949507e-4,ok (<0.05%),small (<0.5%),small (<0.5%)
2022,NV,03,131086,121083,252169,252169,131078,121057,252135,1,-6.10286376882352e-5,-2.1472873979006137e-4,-1.348302130713926e-4,ok (<0.05%),ok (<0.05%),ok (<0.05%)
2022,NV,04,116617,105870,222487,222487,116563,105790,222353,6,-4.630542716756562e-4,-7.556437139888542e-4,-6.022823805435823e-4,ok (<0.05%),small (<0.5%),small (<0.5%)
2022,NY,01,141907,177040,318947,318995,141907,177040,318995,1,0,0,0,ok (<0.05%),ok (<0.05%),ok (<0.05%)
2022,NY,02,97774,151178,248952,249032,97785,151286,249151,2,1.1250434675885205e-4,7.143896598711453e-4,4.778502361142343e-4,ok (<0.05%),small (<0.5%),ok (<0.05%)
2022,NY,03,125404,145824,271228,271331,125404,145824,271331,2,0,0,0,ok (<0.05%),ok (<0.05%),ok (<0.05%)
2022,NY,04,130871,140622,271493,271560,130871,140622,271560,1,0,0,0,ok (<0.05%),ok (<0.05%),ok (<0.05%)
2022,NY,05,104396,34407,138803,138987,104395,34407,138986,1,-9.578911069389631e-6,0,-7.1949175102707445e-6,ok (<0.05%),ok (<0.05%),ok (<0.05%)
2022,NY,06,85049,47935,132984,133114,85049,47935,133114,1,0,0,0,ok (<0.05%),ok (<0.05%),ok (<0.05%)
2022,NY,07,119473,28597,148070,148304,119473,28597,148304,2,0,0,0,ok (<0.05%),ok (<0.05%),ok (<0.05%)
2022,NY,08,99079,39060,138139,138330,99079,39060,138330,1,0,0,0,ok (<0.05%),ok (<0.05%),ok (<0.05%)
2022,NY,09,116970,0,143491,143853,116970,0,143853,1,0,0,0,ok (<0.05%),ok (<0.05%),ok (<0.05%)
2022,NY,10,160582,29058,191087,192347,160582,29058,192347,2,0,0,0,ok (<0.05%),ok (<0.05%),ok (<0.05%)
2022,NY,11,71801,115992,187793,188099,71801,115992,188099,2,0,0,0,ok (<0.05%),ok (<0.05%),ok (<0.05%)
2022,NY,12,200890,44173,245694,246105,200890,44173,246105,1,0,0,0,ok (<0.05%),ok (<0.05%),ok (<0.05%)
2022,NY,13,116589,0,116589,117846,116589,0,117846,2,0,0,0,ok (<0.05%),ok (<0.05%),ok (<0.05%)
2022,NY,14,82453,31935,116596,116790,82453,31935,116790,2,0,0,0,ok (<0.05%),ok (<0.05%),ok (<0.05%)
2022,NY,15,76406,15882,92288,92390,76406,15882,92390,1,0,0,0,ok (<0.05%),ok (<0.05%),ok (<0.05%)
2022,NY,16,133567,74156,207723,207928,133567,74156,207928,2,0,0,0,ok (<0.05%),ok (<0.05%),ok (<0.05%)
2022,NY,17,141730,143550,285280,285430,141730,143550,285430,4,0,0,0,ok (<0.05%),ok (<0.05%),ok (<0.05%)
2022,NY,18,135245,131653,266898,267053,135245,131653,267021,3,0,0,-1.1982640150082568e-4,ok (<0.05%),ok (<0.05%),ok (<0.05%)
2022,NY,19,141509,146004,287513,287618,134457,150737,285303,10,-0.049834286158477556,0.03241692008438125,-0.00804887037668018,BAD (>=2%),BAD (>=2%),check (0.5-2%)
2022,NY,20,160420,130869,291289,291433,160398,130865,291407,4,-1.3714000748036404e-4,-3.0564916061099265e-5,-8.921433056654532e-5,ok (<0.05%),ok (<0.05%),ok (<0.05%)
2022,NY,21,116421,168579,285000,285095,119402,174838,294338,15,0.025605346114532603,0.0371279934036861,0.03242077202336063,BAD (>=2%),BAD (>=2%),BAD (>=2%)
2022,NY,22,132913,135544,268457,268608,132915,135544,268610,4,1.5047437045285262e-5,0,7.445794615201334e-6,ok (<0.05%),ok (<0.05%),ok (<0.05%)
2022,NY,23,104114,192694,296808,297041,104114,192694,297041,7,0,0,0,ok (<0.05%),ok (<0.05%),ok (<0.05%)
2022,NY,24,95028,182054,277082,277253,94986,181992,277175,12,-4.419749968430357e-4,-3.4055829589023037e-4,-2.8133149145365426e-4,ok (<0.05%),ok (<0.05%),ok (<0.05%)
2022,NY,25,152022,130190,282212,282344,152022,130190,282344,2,0,0,0,ok (<0.05%),ok (<0.05%),ok (<0.05%)
2022,NY,26,156883,88339,245222,245371,156883,88339,245371,2,0,0,0,ok (<0.05%),ok (<0.05%),ok (<0.05%)
2022,OH,01,156416,140058,296474,296474,156416,140058,296474,2,0,0,0,ok (<0.05%),ok (<0.05%),ok (<0.05%)
2022,OH,02,65745,192117,257862,257862,65745,192117,257862,16,0,0,0,ok (<0.05%),ok (<0.05%),ok (<0.05%)
2022,OH,03,182324,76455,258797,258797,182324,76455,258797,1,0,0,0,ok (<0.05%),ok (<0.05%),ok (<0.05%)
2022,OH,04,89383,200773,290156,290156,89383,200773,290156,13,0,0,0,ok (<0.05%),ok (<0.05%),ok (<0.05%)
2022,OH,05,92634,187303,279937,279937,92634,187303,279937,12,0,0,0,ok (<0.05%),ok (<0.05%),ok (<0.05%)
2022,OH,06,90500,189883,280383,280383,90500,189883,280383,11,0,0,0,ok (<0.05%),ok (<0.05%),ok (<0.05%)
2022,OH,07,135485,168002,303573,303573,135485,168002,303573,4,0,0,0,ok (<0.05%),ok (<0.05%),ok (<0.05%)
2022,OH,08,98629,180287,278916,278916,98629,180287,278916,5,0,0,0,ok (<0.05%),ok (<0.05%),ok (<0.05%)
2022,OH,09,150655,115362,266017,266017,150655,115362,266017,8,0,0,0,ok (<0.05%),ok (<0.05%),ok (<0.05%)
2022,OH,10,104634,168327,272961,272961,104634,168327,272961,3,0,0,0,ok (<0.05%),ok (<0.05%),ok (<0.05%)
2022,OH,11,167722,47988,215710,215710,167722,47988,215710,1,0,0,0,ok (<0.05%),ok (<0.05%),ok (<0.05%)
2022,OH,12,84893,191344,276237,276237,84893,191344,276237,12,0,0,0,ok (<0.05%),ok (<0.05%),ok (<0.05%)
2022,OH,13,149816,134593,284409,284409,149816,134593,284409,3,0,0,0,ok (<0.05%),ok (<0.05%),ok (<0.05%)
2022,OH,14,113639,183389,297028,297028,113639,183389,297028,5,0,0,0,ok (<0.05%),ok (<0.05%),ok (<0.05%)
2022,OH,15,108139,143112,251251,251251,108139,143112,251251,6,0,0,0,ok (<0.05%),ok (<0.05%),ok (<0.05%)
2022,OK,01,80974,142800,233495,233495,80974,142800,233495,4,0,0,0,ok (<0.05%),ok (<0.05%),ok (<0.05%)
2022,OK,02,54194,167843,231672,231672,54194,167843,231672,28,0,0,0,ok (<0.05%),ok (<0.05%),ok (<0.05%)
2022,OK,03,50354,147418,197772,197772,50354,147418,197772,32,0,0,0,ok (<0.05%),ok (<0.05%),ok (<0.05%)
2022,OK,04,74667,149879,224546,224546,74667,149879,224546,14,0,0,0,ok (<0.05%),ok (<0.05%),ok (<0.05%)
2022,OK,05,96799,152699,258826,258826,96799,152699,258826,6,0,0,0,ok (<0.05%),ok (<0.05%),ok (<0.05%)
2022,OR,01,210682,99042,309724,310243,210682,99042,310243,5,0,0,0,ok (<0.05%),ok (<0.05%),ok (<0.05%)
2022,OR,02,99882,208369,308251,308676,99582,208369,308377,22,-0.003003544182134919,0,-9.686532156695046e-4,small (<0.5%),ok (<0.05%),small (<0.5%)
2022,OR,03,212119,79766,302867,303334,212119,79766,303334,3,0,0,0,ok (<0.05%),ok (<0.05%),ok (<0.05%)
2022,OR,04,171372,146055,338587,339077,171372,143535,336544,7,0,-0.017253774263120056,-0.007470279612005533,ok (<0.05%),check (0.5-2%),check (0.5-2%)
2022,OR,05,171514,178813,350327,351233,171514,178813,351233,6,0,0,0,ok (<0.05%),ok (<0.05%),ok (<0.05%)
2022,OR,06,147156,139946,293864,294377,147156,139946,294377,5,0,0,0,ok (<0.05%),ok (<0.05%),ok (<0.05%)
2022,PA,01,165809,201571,367380,367568,165809,201571,367380,2,0,0,-5.114699865058982e-4,ok (<0.05%),ok (<0.05%),small (<0.5%)
2022,PA,02,141229,45454,186683,186893,140654,45394,186048,1,-0.004071401765926261,-0.0013200158401900823,-0.004521303633629938,small (<0.5%),small (<0.5%),small (<0.5%)
2022,PA,03,251115,0,263935,264931,249967,0,262745,1,-0.004571610616649742,0,-0.008251205030743855,small (<0.5%),ok (<0.05%),check (0.5-2%)
2022,PA,04,224799,141986,366785,367090,224799,141986,366785,2,0,0,-8.308589174316925e-4,ok (<0.05%),ok (<0.05%),small (<0.5%)
2022,PA,05,205128,110058,315186,315511,204612,110044,314656,4,-0.0025155025155025154,-1.2720565519998547e-4,-0.00270988967104158,small (<0.5%),ok (<0.05%),small (<0.5%)
2022,PA,06,190386,136097,326483,326676,190386,136097,326483,2,0,0,-5.907994465464252e-4,ok (<0.05%),ok (<0.05%),small (<0.5%)
2022,PA,07,151364,145527,296891,297395,151364,145527,296891,4,0,0,-0.0016947157820407202,ok (<0.05%),ok (<0.05%),small (<0.5%)
2022,PA,08,146956,139930,286886,287438,146956,139930,286886,5,0,0,-0.0019204141414844245,ok (<0.05%),ok (<0.05%),small (<0.5%)
2022,PA,09,92622,209185,301807,302121,92622,209185,301807,12,0,0,-0.0010393186835738,ok (<0.05%),ok (<0.05%),small (<0.5%)
2022,PA,10,145215,169331,314546,315085,145215,169331,314546,3,0,0,-0.0017106495072758145,ok (<0.05%),ok (<0.05%),small (<0.5%)
2022,PA,11,121835,194991,316826,317165,121835,194991,316826,2,0,0,-0.0010688442924030078,ok (<0.05%),ok (<0.05%),small (<0.5%)
2022,PA,12,184674,143946,328620,329972,184674,143946,328620,2,0,0,-0.0040973173481386295,ok (<0.05%),ok (<0.05%),small (<0.5%)
2022,PA,13,0,260345,260345,274517,0,260345,260345,12,0,0,-0.051625218110353824,ok (<0.05%),ok (<0.05%),BAD (>=2%)
2022,PA,14,0,230865,230865,238096,0,230865,230865,6,0,0,-0.03037010281567099,ok (<0.05%),ok (<0.05%),BAD (>=2%)
2022,PA,15,0,213417,305146,305720,91729,213417,305146,18,91729,0,-0.0018775349993458066,BAD (>=2%),ok (<0.05%),small (<0.5%)
2022,PA,16,130443,190546,320989,321323,130353,190388,320741,6,-6.899565327384375e-4,-8.291960996294858e-4,-0.0018112615654652794,small (<0.5%),small (<0.5%),small (<0.5%)
2022,PA,17,193615,169013,362628,363384,193615,169013,362628,2,0,0,-0.0020804438280166435,ok (<0.05%),ok (<0.05%),small (<0.5%)
2022,RI,01,100318,56055,156442,156734,100224,56051,156636,3,-9.370202755238342e-4,-7.135848720007136e-5,-6.252631847588908e-4,small (<0.5%),ok (<0.05%),small (<0.5%)
2022,RI,02,101432,93969,200908,201089,101357,93967,201012,3,-7.394116255225175e-4,-2.1283614809139186e-5,-3.8291502767431336e-4,small (<0.5%),ok (<0.05%),ok (<0.05%)
2022,SC,01,115796,153757,272187,272681,116129,154195,273466,6,0.0028757470033507204,0.0028486507931346217,0.0028788217734275583,small (<0.5%),small (<0.5%),small (<0.5%)
2022,SC,02,98081,147699,245780,246126,98391,148227,246966,5,0.0031606529297213528,0.0035748380151524382,0.0034128860827381097,small (<0.5%),small (<0.5%),small (<0.5%)
2022,SC,03,0,189971,189971,194569,0,190812,195427,11,0,0.004426991488174511,0.004409746670846846,ok (<0.05%),small (<0.5%),small (<0.5%)
2022,SC,04,0,165607,165607,182365,0,166596,183441,2,0,0.005971969783885947,0.005900254983138212,ok (<0.05%),check (0.5-2%),check (0.5-2%)
2022,SC,05,83299,154725,241571,241707,83640,155403,242748,10,0.004093686598878738,0.004381968007755695,0.004306867405577828,small (<0.5%),small (<0.5%),small (<0.5%)
2022,SC,06,130923,79879,210802,211028,131373,80070,211669,14,0.0034371348044270294,0.002391116563802752,0.003037511609833766,small (<0.5%),small (<0.5%),small (<0.5%)
2022,SC,07,89030,164440,253470,253865,89149,164596,254141,8,0.0013366281028866674,9.486742884942836e-4,0.0010871920115021764,small (<0.5%),small (<0.5%),small (<0.5%)
2022,SD,00,0,253821,327841,327841,0,253821,327841,66,0,0,0,ok (<0.05%),ok (<0.05%),ok (<0.05%)
2022,TN,01,37049,147241,188003,188003,37049,147241,188003,12,0,0,0,ok (<0.05%),ok (<0.05%),ok (<0.05%)
2022,TN,02,66673,141089,207762,207762,66673,141089,207762,8,0,0,0,ok (<0.05%),ok (<0.05%),ok (<0.05%)
2022,TN,03,60334,136639,199830,199830,60334,136639,199830,10,0,0,0,ok (<0.05%),ok (<0.05%),ok (<0.05%)
2022,TN,04,44648,122401,173437,173437,44648,122401,173437,15,0,0,0,ok (<0.05%),ok (<0.05%),ok (<0.05%)
2022,TN,05,93648,123558,221275,221275,93648,123558,221275,6,0,0,0,ok (<0.05%),ok (<0.05%),ok (<0.05%)
2022,TN,06,65675,129388,195063,195063,65675,129388,195063,19,0,0,0,ok (<0.05%),ok (<0.05%),ok (<0.05%)
2022,TN,07,68973,108421,180822,180822,68973,108421,180822,14,0,0,0,ok (<0.05%),ok (<0.05%),ok (<0.05%)
2022,TN,08,51102,155602,210315,210315,51102,155602,210315,20,0,0,0,ok (<0.05%),ok (<0.05%),ok (<0.05%)
2022,TN,09,93800,35123,133918,133918,93800,35123,133918,2,0,0,0,ok (<0.05%),ok (<0.05%),ok (<0.05%)
2022,TX,01,51438,183224,234662,234662,51434,183217,234651,17,-7.776352113223687e-5,-3.8204602017202984e-5,-4.687593219183336e-5,ok (<0.05%),ok (<0.05%),ok (<0.05%)
2022,TX,02,78496,151791,230287,230287,78496,151791,230287,2,0,0,0,ok (<0.05%),ok (<0.05%),ok (<0.05%)
2022,TX,03,100121,164240,271256,271256,100121,164240,271256,2,0,0,0,ok (<0.05%),ok (<0.05%),ok (<0.05%)
2022,TX,04,79179,170781,256009,256009,79186,170821,256059,12,8.840727970800339e-5,2.3421809217653017e-4,1.953056337863122e-4,ok (<0.05%),ok (<0.05%),ok (<0.05%)
2022,TX,05,71930,135595,211965,211965,71906,135578,212089,6,-3.3365772278604196e-4,-1.2537335447472252e-4,5.850022409360036e-4,ok (<0.05%),ok (<0.05%),small (<0.5%)
2022,TX,06,0,149321,149321,149321,0,149318,149318,9,0,-2.0090945011083505e-5,-2.0090945011083505e-5,ok (<0.05%),ok (<0.05%),ok (<0.05%)
2022,TX,07,115994,65835,181829,181829,115994,65835,181829,2,0,0,0,ok (<0.05%),ok (<0.05%),ok (<0.05%)
2022,TX,08,68715,153127,224968,224968,68715,153127,224968,5,0,0,0,ok (<0.05%),ok (<0.05%),ok (<0.05%)
2022,TX,09,125446,38161,163607,163607,125446,38161,163607,3,0,0,0,ok (<0.05%),ok (<0.05%),ok (<0.05%)
2022,TX,10,86404,159469,251937,251937,86500,159580,252146,13,0.0011110596731632794,6.960600492885764e-4,8.295724724832001e-4,small (<0.5%),small (<0.5%),small (<0.5%)
2022,TX,11,0,151066,151066,151066,0,145318,145318,20,0,-0.038049594217097166,-0.038049594217097166,ok (<0.05%),BAD (>=2%),BAD (>=2%)
2022,TX,12,85026,152953,237979,237979,85026,152953,237979,2,0,0,0,ok (<0.05%),ok (<0.05%),ok (<0.05%)
2022,TX,13,52910,161767,214677,214677,52910,161766,214676,38,0,-6.181730513639988e-6,-4.65816086492731e-6,ok (<0.05%),ok (<0.05%),ok (<0.05%)
2022,TX,14,63606,149543,213149,213149,68606,149537,218143,4,0.07860893626387448,-4.0122239088422725e-5,0.023429619655733782,BAD (>=2%),ok (<0.05%),BAD (>=2%)
2022,TX,15,68097,80978,151889,151889,68097,80978,151889,7,0,0,0,ok (<0.05%),ok (<0.05%),ok (<0.05%)
2022,TX,16,95510,54986,150496,150496,95510,54986,150496,1,0,0,0,ok (<0.05%),ok (<0.05%),ok (<0.05%)
2022,TX,17,72801,144408,217209,217209,72830,144416,217246,14,3.9834617656350877e-4,5.5398592875740954e-5,1.703428495136021e-4,ok (<0.05%),ok (<0.05%),ok (<0.05%)
2022,TX,18,110511,40941,156268,156268,110493,40931,156239,1,-1.6287971333170455e-4,-2.442539263818666e-4,-1.8557862134282131e-4,ok (<0.05%),ok (<0.05%),ok (<0.05%)
2022,TX,19,0,152321,189681,189681,0,152265,189616,33,0,-3.67644645190092e-4,-3.4268060585931117e-4,ok (<0.05%),ok (<0.05%),ok (<0.05%)
2022,TX,20,115352,53226,168599,168599,115352,53226,168721,1,0,0,7.236104603230149e-4,ok (<0.05%),ok (<0.05%),small (<0.5%)
2022,TX,21,122655,207426,330081,330081,122676,207405,330081,10,1.7121193591781826e-4,-1.0124092447427034e-4,0,ok (<0.05%),ok (<0.05%),ok (<0.05%)
2022,TX,22,85653,150014,241215,241215,85653,150014,241291,5,0,0,3.150716166075907e-4,ok (<0.05%),ok (<0.05%),ok (<0.05%)
2022,TX,23,80947,116649,208776,208776,80922,116707,208806,29,-3.0884405845800337e-4,4.972181501770269e-4,1.436946775491436e-4,ok (<0.05%),ok (<0.05%),ok (<0.05%)
2022,TX,24,119878,177947,297825,297825,119878,177947,297825,2,0,0,0,ok (<0.05%),ok (<0.05%),ok (<0.05%)
2022,TX,25,0,185270,185270,185270,0,185270,185270,13,0,0,0,ok (<0.05%),ok (<0.05%),ok (<0.05%)
2022,TX,26,0,183639,265023,265023,0,183638,265021,3,0,-5.445466376967855e-6,-7.546514830788271e-6,ok (<0.05%),ok (<0.05%),ok (<0.05%)
2022,TX,27,73611,133416,207027,207027,73611,133416,207027,14,0,0,0,ok (<0.05%),ok (<0.05%),ok (<0.05%)
2022,TX,28,93803,71778,165581,165581,93803,71778,165581,9,0,0,0,ok (<0.05%),ok (<0.05%),ok (<0.05%)
2022,TX,29,71837,28765,100602,100602,71837,28765,100602,1,0,0,0,ok (<0.05%),ok (<0.05%),ok (<0.05%)
2022,TX,30,134876,39209,180513,180513,134876,39209,180513,2,0,0,0,ok (<0.05%),ok (<0.05%),ok (<0.05%)
2022,TX,31,0,183185,183185,183185,0,183180,183180,6,0,-2.729481125638016e-5,-2.729481125638016e-5,ok (<0.05%),ok (<0.05%),ok (<0.05%)
2022,TX,32,116005,61494,177499,177499,115998,61492,177490,3,-6.034222662816258e-5,-3.2523498227469345e-5,-5.070451101132964e-5,ok (<0.05%),ok (<0.05%),ok (<0.05%)
2022,TX,33,82081,29203,114030,114030,82081,29203,114030,2,0,0,0,ok (<0.05%),ok (<0.05%),ok (<0.05%)
2022,TX,34,70896,59464,134439,134439,70895,59464,134438,5,-1.4105168133604153e-5,0,-7.438317750057647e-6,ok (<0.05%),ok (<0.05%),ok (<0.05%)
2022,TX,35,129599,48969,178568,178568,129808,48995,178803,4,0.0016126667644040464,5.309481508709592e-4,0.0013160252676851396,small (<0.5%),small (<0.5%),small (<0.5%)
2022,TX,36,64016,145599,209615,209615,64000,145559,209559,8,-2.4993751562109475e-4,-2.7472716158764826e-4,-2.671564534980798e-4,ok (<0.05%),ok (<0.05%),ok (<0.05%)
2022,TX,37,219358,59923,285789,285789,220075,60020,286627,2,0.0032686293638709324,0.001618744054870417,0.0029322332210127053,small (<0.5%),small (<0.5%),small (<0.5%)
2022,TX,38,92302,163597,259869,259869,92302,163597,259869,1,0,0,0,ok (<0.05%),ok (<0.05%),ok (<0.05%)
2022,UT,01,87986,178434,266420,266420,87986,178434,266421,8,0,0,3.753471961564447e-6,ok (<0.05%),ok (<0.05%),ok (<0.05%)
2022,UT,02,88224,154883,259399,259399,88182,154328,258791,13,-4.760609357997824e-4,-0.003583350012590149,-0.0023438795060890753,ok (<0.05%),small (<0.5%),small (<0.5%)
2022,UT,03,83687,182497,283380,283380,83681,182416,283292,11,-7.169572335010217e-5,-4.4384291248623263e-4,-3.105370880090338e-4,ok (<0.05%),ok (<0.05%),ok (<0.05%)
2022,UT,04,82181,155110,254059,254059,82171,155110,254056,4,-1.216826273712902e-4,0,-1.18082807536832e-5,ok (<0.05%),ok (<0.05%),ok (<0.05%)
2022,VA,01,147229,191828,342445,342738,147229,191828,342738,18,0,0,0,ok (<0.05%),ok (<0.05%),ok (<0.05%)
2022,VA,02,143219,153328,296547,296989,143219,153328,296989,8,0,0,0,ok (<0.05%),ok (<0.05%),ok (<0.05%)
2022,VA,03,139659,67668,207327,207843,139659,67668,207843,5,0,0,0,ok (<0.05%),ok (<0.05%),ok (<0.05%)
2022,VA,04,159044,85503,244547,244972,159044,85503,244972,15,0,0,0,ok (<0.05%),ok (<0.05%),ok (<0.05%)
2022,VA,05,129996,177191,307187,307775,129996,177191,307775,24,0,0,0,ok (<0.05%),ok (<0.05%),ok (<0.05%)
2022,VA,06,95410,173352,268762,269231,95410,173352,269231,23,0,0,0,ok (<0.05%),ok (<0.05%),ok (<0.05%)
2022,VA,07,143357,130586,273943,274580,143357,130586,274580,11,0,0,0,ok (<0.05%),ok (<0.05%),ok (<0.05%)
2022,VA,08,197760,66589,268427,268930,197760,66589,268930,4,0,0,0,ok (<0.05%),ok (<0.05%),ok (<0.05%)
2022,VA,09,66027,182207,248234,248789,66027,182207,248789,28,0,0,0,ok (<0.05%),ok (<0.05%),ok (<0.05%)
2022,VA,10,157405,138163,295568,296140,157405,138163,296140,7,0,0,0,ok (<0.05%),ok (<0.05%),ok (<0.05%)
2022,VA,11,193190,95634,288824,289652,193190,95634,289676,2,0,0,8.285805035007526e-5,ok (<0.05%),ok (<0.05%),ok (<0.05%)
2022,VI,00,16354,0,16354,16563,NA,NA,NA,NA,NA,NA,NA,MISSING,MISSING,MISSING
2022,VT,00,176494,78397,281022,282026,176499,78419,282020,14,2.8329574943057555e-5,2.806229830223095e-4,-2.1274634253579456e-5,ok (<0.05%),ok (<0.05%),ok (<0.05%)
2022,WI,01,135825,162610,300682,300867,135825,162610,300867,5,0,0,0,ok (<0.05%),ok (<0.05%),ok (<0.05%)
2022,WI,02,268740,101890,378319,378537,268740,101890,378537,6,0,0,0,ok (<0.05%),ok (<0.05%),ok (<0.05%)
2022,WI,03,152977,164743,317720,317922,152977,164743,317922,19,0,0,0,ok (<0.05%),ok (<0.05%),ok (<0.05%)
2022,WI,04,191955,57660,254779,255012,191955,57660,255012,1,0,0,0,ok (<0.05%),ok (<0.05%),ok (<0.05%)
2022,WI,05,134581,243741,378322,378523,134581,243741,378523,6,0,0,0,ok (<0.05%),ok (<0.05%),ok (<0.05%)
2022,WI,06,0,239231,239571,251999,0,239231,251999,11,0,0,0,ok (<0.05%),ok (<0.05%),ok (<0.05%)
2022,WI,07,128877,209224,338101,338268,128877,209224,338268,26,0,0,0,ok (<0.05%),ok (<0.05%),ok (<0.05%)
2022,WI,08,0,223981,308229,310196,3295,223981,310196,11,3295,0,0,BAD (>=2%),ok (<0.05%),ok (<0.05%)
2022,WV,01,65428,151511,227196,227196,65428,151511,227196,28,0,0,0,ok (<0.05%),ok (<0.05%),ok (<0.05%)
2022,WV,02,84278,160493,244886,244886,84278,160493,244771,27,0,0,-4.6960626577264523e-4,ok (<0.05%),ok (<0.05%),ok (<0.05%)
2022,WY,00,47250,132206,189381,193902,0,132206,193902,23,-1,0,0,BAD (>=2%),ok (<0.05%),ok (<0.05%)
2004,NV,ALL,333912,420711,NA,791433,691618,63005,791433,17,1.0712582955988403,-0.8502416147902004,0,BAD (>=2%),BAD (>=2%),ok (<0.05%)
2004,WA,ALL,1608751,1095493,NA,2729995,1608751,1095493,2729995,39,0,0,0,ok (<0.05%),ok (<0.05%),ok (<0.05%)
2006,NV,ALL,287879,260317,NA,574827,287879,260317,574827,17,0,0,0,ok (<0.05%),ok (<0.05%),ok (<0.05%)
2006,WA,ALL,1244095,798005,NA,2054056,1244095,798005,2054056,39,0,0,0,ok (<0.05%),ok (<0.05%),ok (<0.05%)
2008,NV,ALL,457320,383548,NA,908254,774077,64688,905941,17,0.6926375404530745,-0.8313431434918185,-0.002546644440872267,BAD (>=2%),BAD (>=2%),small (<0.5%)
2010,IA,ALL,479874,597414,NA,1106591,115839,104319,226977,15,-0.7586053839132773,-0.825382398135966,-0.794886276862906,BAD (>=2%),BAD (>=2%),BAD (>=2%)
2010,NV,ALL,317835,357369,NA,702788,487293,187911,702788,17,0.53316343385719,-0.47418214786397256,0,BAD (>=2%),BAD (>=2%),ok (<0.05%)
2010,WA,ALL,1296502,1135166,NA,2479409,1273267,1145984,2466992,37,-0.017921299003009636,0.009529883735066061,-0.005008048288926917,check (0.5-2%),check (0.5-2%),check (0.5-2%)
2012,IA,ALL,772387,726505,NA,1536849,1141809,993475,2187155,62,0.4782861441220528,0.36747166227348743,0.42314241672408937,BAD (>=2%),BAD (>=2%),BAD (>=2%)
2012,WA,ALL,1636726,1369540,NA,3006266,1929,2678,4612,2,-0.9988214276549648,-0.9980445989164245,-0.9984658709508739,BAD (>=2%),BAD (>=2%),BAD (>=2%)
2014,CO,ALL,936417,1000197,NA,2000525,936417,1000200,2000525,64,0,2.9994091164040682e-6,0,ok (<0.05%),ok (<0.05%),ok (<0.05%)
2016,AZ,ALL,1034687,1264378,NA,2412064,0,0,1361,1,-1,-1,-0.9994357529485122,BAD (>=2%),BAD (>=2%),BAD (>=2%)
2016,DE,ALL,233554,172301,NA,420640,0,0,23,3,-1,-1,-0.9999453214149867,BAD (>=2%),BAD (>=2%),BAD (>=2%)
2022,AZ,ALL,1004462,1324961,NA,2360078,1939,1124,3065,1,-0.9980696133850758,-0.9991516731435869,-0.99870131410911,BAD (>=2%),BAD (>=2%),BAD (>=2%)
2022,WA,ALL,1751591,1261966,NA,3026187,11885,15684,27569,1,-0.9932147401990533,-0.9875717729320759,-0.9908898557822104,BAD (>=2%),BAD (>=2%),BAD (>=2%)
